symbol,side,timeframe,entry_time,entry,initial_stop,tp1,tp2,tp3,max_holding_hours,initial_notional,initial_risk_cash,exit_time,holding_days,exit_reason,entry_fee,exit_fees,net_pnl,net_return_on_notional,realized_r,tp1_hit,tp2_hit,tp3_hit,paper_only
BNBUSDT,LONG,1d,2019-04-08 00:00:00+00:00,18.9507,16.80862,21.09278,23.23486,25.376940000000005,672,0.04423434232148193,0.005,2019-04-11 00:00:00+00:00,3.0,STOP,8.846868464296386e-05,7.846868464296386e-05,-0.005166937369285927,-0.11680827832217278,-1.0333874738571853,False,False,False,True
BNBUSDT,LONG,1d,2019-04-15 00:00:00+00:00,19.3734,17.09749,21.64931,23.92522,26.20113,672,0.04234196179895048,0.00497416531315357,2019-04-24 00:00:00+00:00,9.0,TP1+TP2+STOP,8.468392359790096e-05,9.711933688078488e-05,0.006035903380963278,0.14255133972353848,1.2134504989213108,True,True,False,True
BNBUSDT,LONG,1d,2019-04-29 00:00:00+00:00,23.0166,19.71517,26.31803,29.619459999999997,32.92089,672,0.034888821878859125,0.0050043448300583875,2019-05-08 00:00:00+00:00,9.0,STOP,6.977764375771825e-05,5.976895409760148e-05,-0.005133891427913703,-0.1471500369298679,-1.0258868248001616,False,False,False,True
BTCUSDT,LONG,1d,2019-05-13 00:00:00+00:00,6968.24,6389.495,7546.985,8125.73,8704.475,672,0.05994454359102513,0.004978675372918819,2019-05-17 00:00:00+00:00,4.0,TP1+TP2+STOP,0.00011988908718205025,0.00013233577561434732,0.00597111935335213,0.09961072343949122,1.19933896189168,True,True,False,True
BNBUSDT,LONG,1d,2019-05-13 00:00:00+00:00,20.9026,17.59573,24.20947,27.51634,30.823209999999996,672,0.03147001843131811,0.004978675372918819,2019-05-17 00:00:00+00:00,4.0,TP1+TP2+STOP,6.294003686263622e-05,7.538672529493326e-05,0.006085017453990953,0.1933591957459837,1.2222161515269723,True,True,False,True
BNBUSDT,LONG,1d,2019-05-20 00:00:00+00:00,29.1122,24.78263,33.441770000000005,37.77134,42.10091,672,0.033882139917197525,0.005038956056955534,2019-06-04 00:00:00+00:00,15.0,TP1+STOP,6.776427983439505e-05,7.028375786287282e-05,0.0011216909765416146,0.03310567099016904,0.22260384172100212,True,False,False,True
BNBUSDT,LONG,1d,2019-06-10 00:00:00+00:00,30.1174,25.17532,35.05948,40.00156,44.943639999999995,672,0.030537632425253036,0.005011037554908278,2019-06-14 00:00:00+00:00,4.0,TP1+STOP,6.107526485050608e-05,6.358078362796022e-05,0.0011281033402486026,0.03694141459754161,0.2251237049987049,True,False,False,True
BTCUSDT,LONG,1d,2019-05-20 00:00:00+00:00,8147.94,7190.932,9104.948,10061.955999999998,11018.964,672,0.04290153438081006,0.005038956056955534,2019-06-17 00:00:00+00:00,28.0,TP1+MAX_HOLD,8.580306876162013e-05,9.468089796879121e-05,0.004258430636855135,0.0992605672108534,0.845101760904821,True,False,False,True
ETHUSDT,LONG,1d,2019-05-20 00:00:00+00:00,259.37,221.875,296.865,334.36,371.85499999999996,672,0.03485675510048158,0.005038956056955535,2019-06-17 00:00:00+00:00,28.0,MAX_HOLD,6.971351020096316e-05,7.196051234184318e-05,0.0009818270478972053,0.02816748274665534,0.19484731297506316,False,False,False,True
BTCUSDT,LONG,1d,2019-06-17 00:00:00+00:00,8953.0,8073.4619999999995,9832.538,10712.076000000001,11591.614000000001,672,0.051673794373605156,0.005076406316963248,2019-06-25 00:00:00+00:00,8.0,TP1+TP2+TP3,0.00010334758874721031,0.00012619141717354492,0.011192375207246554,0.21659673617781766,2.204783169118333,True,True,True,True
ETHUSDT,LONG,1d,2019-06-17 00:00:00+00:00,267.73,235.04700000000003,300.413,333.096,365.77900000000005,672,0.04158450152190957,0.005076406316963247,2019-06-26 00:00:00+00:00,9.0,TP1+TP2+TP3,8.316900304381913e-05,0.00010601283147015374,0.01123273237865333,0.270118240391439,2.2127331181348096,True,True,True,True
BNBUSDT,LONG,1d,2019-06-17 00:00:00+00:00,32.1956,27.43384,36.95736,41.71912,46.48088,672,0.03432301233544361,0.005076406316963248,2019-06-30 00:00:00+00:00,13.0,TP1+STOP,6.864602467088722e-05,7.118422782936884e-05,0.0011292713267405542,0.03290128837480892,0.22245487382816403,True,False,False,True
BTCUSDT,LONG,1d,2019-07-01 00:00:00+00:00,10854.1,9132.283,12575.917000000001,14297.734,16019.551000000001,672,0.03274339243121028,0.005194178211526447,2019-07-13 00:00:00+00:00,12.0,TP1+STOP,6.548678486242056e-05,6.808387396818379e-05,0.0011649738940510076,0.035578900277314585,0.22428454446668844,True,False,False,True
ETHUSDT,LONG,1d,2019-07-01 00:00:00+00:00,292.89,252.15999999999997,333.62,374.35,415.08,672,0.03735140820952567,0.005194178211526447,2019-07-14 00:00:00+00:00,13.0,STOP,7.470281641905135e-05,6.431445999599844e-05,-0.005333195487941497,-0.1427843217590222,-1.0267640559783944,False,False,False,True
BNBUSDT,LONG,1d,2019-07-01 00:00:00+00:00,32.1141,27.3795,36.8487,41.583299999999994,46.317899999999995,672,0.035231351857132914,0.005194178211526448,2019-07-15 00:00:00+00:00,14.0,STOP,7.046270371426583e-05,6.007434729121294e-05,-0.005324715262531926,-0.15113570674563506,-1.025131415536687,False,False,False,True
BTCUSDT,LONG,1d,2019-07-15 00:00:00+00:00,10174.18,7787.831,12560.529,14946.878,17333.227,672,0.021971503048289296,0.005153405417221055,2019-08-12 00:00:00+00:00,28.0,MAX_HOLD,4.3943006096578594e-05,4.98381061460391e-05,0.0028537689124876345,0.12988501088048363,0.5537637118460036,False,False,False,True
ETHUSDT,LONG,1d,2019-07-15 00:00:00+00:00,225.83,174.61700000000002,277.043,328.25600000000003,379.46900000000005,672,0.022724572771972568,0.005153405417221055,2019-08-12 00:00:00+00:00,28.0,MAX_HOLD,4.544914554394514e-05,4.355333475253583e-05,-0.0010369078760011335,-0.04562936722313246,-0.20120828695838958,False,False,False,True
BTCUSDT,LONG,1d,2019-08-12 00:00:00+00:00,11539.08,10441.464,12636.696,13734.312,14831.928,672,0.054187851347443354,0.005154436284745005,2019-08-14 00:00:00+00:00,2.0,STOP,0.00010837570269488671,9.80668301253967e-05,-0.00536087881756529,-0.09893137823812648,-1.0400514278217523,False,False,False,True
ETHUSDT,LONG,1d,2019-08-12 00:00:00+00:00,216.41,193.24699999999999,239.573,262.736,285.899,672,0.04815747340075405,0.0051544362847450054,2019-08-14 00:00:00+00:00,2.0,STOP,9.63149468015081e-05,8.600607423201809e-05,-0.005336757305778528,-0.11081888082805783,-1.0353716703363114,False,False,False,True
BNBUSDT,LONG,1d,2019-07-22 00:00:00+00:00,30.4389,25.55939,35.31841,40.19792,45.07743000000001,672,0.032129907093116306,0.005150587010697888,2019-08-19 00:00:00+00:00,28.0,MAX_HOLD,6.425981418623262e-05,5.890688800129783e-05,-0.0027996297946549227,-0.08713469934853099,-0.5435554799559792,False,False,False,True
BTCUSDT,LONG,1d,2019-08-19 00:00:00+00:00,10306.17,9114.728,11497.612000000001,12689.054,13880.496000000001,672,0.044014734549555276,0.005088311502836774,2019-09-16 00:00:00+00:00,28.0,MAX_HOLD,8.802946909911056e-05,8.800529684137072e-05,-0.00018812089481039978,-0.0042740436068880155,-0.03697118281880362,False,False,False,True
BTCUSDT,LONG,1d,2019-09-16 00:00:00+00:00,10303.34,9488.784,11117.896,11932.452000000001,12747.008000000002,672,0.06435028662478275,0.005087370898362722,2019-09-23 00:00:00+00:00,7.0,EARLY_RISK_OFF,0.0001287005732495655,0.00012526188435743217,-0.001973306903673669,-0.030665083361317992,-0.38788343588409135,False,False,False,True
BTCUSDT,LONG,1d,2019-10-28 00:00:00+00:00,9528.23,8587.65,10468.81,11409.39,12349.970000000001,672,0.051435953778214166,0.005077504363844352,2019-11-04 00:00:00+00:00,7.0,EARLY_RISK_OFF,0.00010287190755642834,9.92899397859194e-05,-0.0019931457325968096,-0.03875004906472662,-0.39254436624210615,False,False,False,True
ETHUSDT,LONG,1d,2020-02-10 00:00:00+00:00,228.53,209.353,247.707,266.884,286.061,672,0.06038924776023354,0.005067538635181368,2020-02-14 00:00:00+00:00,4.0,TP1+TP2+TP3,0.0001207784955204671,0.00014358241937878323,0.011137601014258827,0.18443019953616582,2.1978324816186054,True,True,True,True
ETHUSDT,LONG,1d,2020-02-17 00:00:00+00:00,258.89,226.289,291.491,324.092,356.693,672,0.040684400628662055,0.005123226640252662,2020-02-26 00:00:00+00:00,9.0,STOP,8.136880125732412e-05,7.11223479768188e-05,-0.005275717789486803,-0.1296742168488547,-1.0297646697954046,False,False,False,True
BTCUSDT,LONG,1d,2020-06-01 00:00:00+00:00,9448.27,8516.87,10379.67,11311.07,12242.470000000001,672,0.051703238713448216,0.005096848051305228,2020-06-02 00:00:00+00:00,1.0,TP1+STOP,0.00010340647742689643,0.00010595490145254904,0.0010648506339468598,0.020595433873079366,0.20892336267983647,True,False,False,True
ETHUSDT,LONG,1d,2020-06-08 00:00:00+00:00,244.57,218.856,270.284,295.998,321.712,672,0.048527583437249805,0.005102172304474962,2020-06-15 00:00:00+00:00,7.0,STOP,9.705516687449961e-05,8.685082226554969e-05,-0.005286078293615008,-0.10892935355930809,-1.0360446449404987,False,False,False,True
BNBUSDT,LONG,1d,2020-06-08 00:00:00+00:00,17.4134,15.804559999999999,19.02224,20.63108,22.23992,672,0.05522374332235914,0.005102172304474963,2020-06-15 00:00:00+00:00,7.0,STOP,0.00011044748664471828,0.00010024314203576836,-0.005312862933155444,-0.09620613550484104,-1.0412942989980347,False,False,False,True
ETHUSDT,LONG,1d,2020-06-22 00:00:00+00:00,228.03,207.335,248.725,269.41999999999996,290.115,672,0.0554882970873611,0.005035873824597367,2020-06-25 00:00:00+00:00,3.0,TP1+STOP,0.0001109765941747222,0.00011349453108702089,0.0010344973308875972,0.01864352278209004,0.20542558589031137,True,False,False,True
BTCUSDT,LONG,1d,2020-06-08 00:00:00+00:00,9746.99,8842.294,10651.686,11556.382,12461.078000000001,672,0.05496964994870589,0.005102172304474963,2020-06-27 00:00:00+00:00,19.0,STOP,0.00010993929989741177,9.973495528846185e-05,-0.005311846559660836,-0.09663235193634136,-1.0410950949269147,False,False,False,True
BNBUSDT,LONG,1d,2020-07-13 00:00:00+00:00,18.3036,16.980339999999998,19.62686,20.95012,22.273379999999996,672,0.06994516534254593,0.005056690459318244,2020-07-16 00:00:00+00:00,3.0,STOP,0.00013989033068509185,0.00012977694976645538,-0.005326357739769788,-0.07615047750169368,-1.0533288091531514,False,False,False,True
ETHUSDT,LONG,1d,2020-06-29 00:00:00+00:00,224.89,204.67,245.10999999999999,265.33,285.54999999999995,672,0.05591987560586737,0.005027790852197244,2020-07-24 00:00:00+00:00,25.0,TP1+TP2+TP3,0.00011183975121173474,0.00013446481004662233,0.011066224856185435,0.1978943038818977,2.2010113748763587,True,True,True,True
BTCUSDT,LONG,1d,2020-06-29 00:00:00+00:00,9116.16,8478.894,9753.426,10390.692,11027.957999999999,672,0.07192309938889954,0.005027790852197244,2020-07-27 00:00:00+00:00,28.0,TP1+MAX_HOLD,0.0001438461987777991,0.0001560096599387665,0.005781874721767142,0.08038967690343311,1.1499831420474358,True,False,False,True
BTCUSDT,LONG,1d,2020-07-27 00:00:00+00:00,9931.54,9545.117,10317.963000000002,10704.386,11090.809000000001,672,0.13070093954011244,0.005085399561388159,2020-07-27 00:00:00+00:00,0.0,TP1+TP2+TP3,0.0002614018790802249,0.00028428617710647155,0.010896460956936633,0.08336941566967453,2.142695146251641,True,True,True,True
ETHUSDT,LONG,1d,2020-07-27 00:00:00+00:00,311.02,288.419,333.621,356.222,378.823,672,0.06998190219826315,0.00508539956138816,2020-08-01 00:00:00+00:00,5.0,TP1+TP2+TP3,0.0001399638043965263,0.00016284810242277303,0.011139337106304064,0.15917454022249378,2.1904546480244242,True,True,True,True
BNBUSDT,LONG,1d,2020-07-27 00:00:00+00:00,19.5524,17.71973,21.38507,23.21774,25.05041,672,0.05425513943267792,0.005085399561388161,2020-08-02 00:00:00+00:00,6.0,TP1+STOP,0.00010851027886535585,0.00011105297864604992,0.0010517866328356349,0.019385935486180738,0.20682477751040843,True,False,False,True
BNBUSDT,LONG,1d,2020-08-03 00:00:00+00:00,20.9899,18.86524,23.114559999999997,25.23922,27.363879999999998,672,0.05138001314264035,0.005200837484868541,2020-08-10 00:00:00+00:00,7.0,TP1+EARLY_RISK_OFF,0.00010276002628528071,0.00011062025108873712,0.003716732124354186,0.07233809213002447,0.7146410813965536,True,False,False,True
ETHUSDT,LONG,1d,2020-08-03 00:00:00+00:00,372.45,330.94899999999996,413.951,455.452,496.95300000000003,672,0.04667482521479691,0.005200837484868541,2020-08-25 00:00:00+00:00,22.0,TP1+STOP,9.334965042959383e-05,9.59500691720281e-05,0.0011109096516155165,0.023801045777956862,0.2136020698296433,True,False,False,True
BTCUSDT,LONG,1d,2020-08-03 00:00:00+00:00,11071.36,10243.486,11899.234,12727.108,13554.982,672,0.06955206238687794,0.005200837484868541,2020-08-31 00:00:00+00:00,28.0,TP1+MAX_HOLD,0.0001391041247737559,0.0001477336273463269,0.0040279135341654065,0.057912208436903714,0.7744740238248798,True,False,False,True
ETHUSDT,LONG,1d,2020-08-31 00:00:00+00:00,428.94,378.561,479.319,529.698,580.077,672,0.044810708862021695,0.005263017442439017,2020-09-02 00:00:00+00:00,2.0,TP1+STOP,8.962141772404339e-05,9.22529264452629e-05,0.0011338800164404546,0.02530377325500086,0.21544295242065273,True,False,False,True
BNBUSDT,LONG,1d,2020-08-24 00:00:00+00:00,21.8575,19.32841,24.38659,26.915680000000002,29.444770000000005,672,0.045399736236283475,0.005253117644644729,2020-09-03 00:00:00+00:00,10.0,TP1+STOP,9.079947247256695e-05,9.342603129488931e-05,0.0011290539073937171,0.02486917328148213,0.21493025356946402,True,False,False,True
BTCUSDT,LONG,1d,2020-08-31 00:00:00+00:00,11711.17,10935.515,12486.825,13262.48,14038.135,672,0.07946328197635351,0.005263017442439016,2020-09-03 00:00:00+00:00,3.0,STOP,0.00015892656395270703,0.00014840052906782896,-0.005570344535459556,-0.07009960319933885,-1.0583937059646369,False,False,False,True
BNBUSDT,LONG,1d,2020-09-07 00:00:00+00:00,23.1612,19.25893,27.063470000000002,30.96574,34.86801,672,0.031033256437789498,0.005228578208361089,2020-09-15 00:00:00+00:00,8.0,TP1+TP2+STOP,6.2066512875579e-05,7.513795839648172e-05,0.006398518289179297,0.20618262546845578,1.2237587417067495,True,True,False,True
BTCUSDT,LONG,1d,2020-09-07 00:00:00+00:00,10255.89,9315.498,11196.282,12136.673999999999,13077.065999999999,672,0.05702273409530112,0.005228578208361089,2020-10-05 00:00:00+00:00,28.0,MAX_HOLD,0.00011404546819060224,0.00011861278464484719,0.002050999974287026,0.03596811003238155,0.39226724599954244,False,False,False,True
ETHUSDT,LONG,1d,2020-09-07 00:00:00+00:00,352.85,283.338,422.362,491.874,561.386,672,0.026540796133332527,0.00522857820836109,2020-10-05 00:00:00+00:00,28.0,MAX_HOLD,5.3081592266665055e-05,5.3004869545803494e-05,-0.00014444782224324695,-0.005442482641349076,-0.02762659684658795,False,False,False,True
BNBUSDT,LONG,1d,2020-09-21 00:00:00+00:00,26.3167,20.10108,32.53232,38.74794,44.96356,672,0.022376686196484356,0.005285046311148135,2020-10-19 00:00:00+00:00,28.0,MAX_HOLD,4.475337239296871e-05,5.213401326065818e-05,0.0035934330481911074,0.16058825764628537,0.6799246092907864,False,False,False,True
BTCUSDT,LONG,1d,2020-10-05 00:00:00+00:00,10666.62,10043.476,11289.764000000001,11912.908000000001,12536.052000000001,672,0.09040081665113803,0.005281216213876258,2020-10-21 00:00:00+00:00,16.0,TP1+TP2+TP3,0.00018080163330227606,0.0002045671062647192,0.011497367741654569,0.12718212254678601,2.1770303043919195,True,True,True,True
BTCUSDT,LONG,1d,2020-10-26 00:00:00+00:00,13029.64,12275.831999999999,13783.448,14537.256,15291.063999999998,672,0.09288628643966636,0.005373780534881401,2020-10-28 00:00:00+00:00,2.0,TP1+STOP,0.0001857725728793327,0.0001884594631467734,0.0009692130976942474,0.010434404634356794,0.18035963534480995,True,False,False,True
BNBUSDT,LONG,1d,2020-10-19 00:00:00+00:00,30.6568,27.51762,33.79598,36.935159999999996,40.07434,672,0.052141985410181134,0.005339209498706075,2020-10-30 00:00:00+00:00,11.0,STOP,0.00010428397082036227,9.360555182295012e-05,-0.005537099021349389,-0.10619271548237261,-1.0370634496906839,False,False,False,True
ETHUSDT,LONG,1d,2020-10-05 00:00:00+00:00,352.34,313.375,391.30499999999995,430.27,469.235,672,0.04775526038232161,0.005281216213876257,2020-11-02 00:00:00+00:00,28.0,TP1+MAX_HOLD,9.551052076464323e-05,0.00010716572377431227,0.005624925260295569,0.1177865059317705,1.06508141922238,True,False,False,True
BNBUSDT,LONG,1d,2020-11-02 00:00:00+00:00,28.5485,25.85631,31.24069,33.93288,36.62507,672,0.056741364676381606,0.005350842761199635,2020-11-03 00:00:00+00:00,1.0,STOP,0.00011348272935276321,0.00010278104383036393,-0.0055671065343827686,-0.09811372296267765,-1.040416768504453,False,False,False,True
BTCUSDT,LONG,1d,2020-11-02 00:00:00+00:00,13761.49,12792.292,14730.688,15699.885999999999,16669.084,672,0.0759757749704613,0.005350842761199637,2020-11-07 00:00:00+00:00,5.0,TP1+TP2+STOP,0.0001519515499409226,0.0001653286568439217,0.0063712732447146906,0.08385927286943481,1.1907046289818983,True,True,False,True
ETHUSDT,LONG,1d,2020-11-02 00:00:00+00:00,396.68,361.753,431.607,466.534,501.461,672,0.06077167539475679,0.005350842761199636,2020-11-20 00:00:00+00:00,18.0,TP1+TP2+TP3,0.00012154335078951358,0.00014562214321491192,0.01177223071869474,0.19371245966522121,2.20007038966988,True,True,True,True
BNBUSDT,LONG,1d,2020-11-09 00:00:00+00:00,28.4101,25.42045,31.39975,34.3894,37.37905,672,0.051277608077215535,0.005396042287357224,2020-11-25 00:00:00+00:00,16.0,TP1+TP2+STOP,0.00010255521615443107,0.00011604532187282413,0.006526452321169275,0.12727684784636453,1.209488727777499,True,True,False,True
ETHUSDT,LONG,1d,2020-11-23 00:00:00+00:00,560.03,498.73699999999997,621.323,682.616,743.909,672,0.05001690847525475,0.005474146690666196,2020-11-25 00:00:00+00:00,2.0,TP1+STOP,0.0001000338169505095,0.0001027708902958426,0.0011657319654201955,0.023306757673696027,0.21295227024293123,True,False,False,True
BTCUSDT,LONG,1d,2020-11-09 00:00:00+00:00,15475.1,14005.796,16944.404000000002,18413.708,19883.012000000002,672,0.05683255065056773,0.005396042287357223,2020-11-26 00:00:00+00:00,17.0,TP1+TP2+STOP,0.00011366510130113545,0.00012715520701952853,0.006504232550875862,0.11444555059418027,1.2053709375323276,True,True,False,True
BNBUSDT,LONG,1d,2020-11-30 00:00:00+00:00,30.1003,26.49293,33.70767,37.315039999999996,40.92241,672,0.04576500915383394,0.005484706832532099,2020-12-14 00:00:00+00:00,14.0,EARLY_RISK_OFF,9.153001830766788e-05,8.867041793104271e-05,-0.0016100006245513005,-0.035179729105689984,-0.2935436065610127,False,False,False,True
BTCUSDT,LONG,1d,2020-11-30 00:00:00+00:00,18185.0,16220.961000000001,20149.039,22113.077999999998,24077.117,672,0.0507827969554557,0.005484706832532098,2020-12-19 00:00:00+00:00,19.0,TP1+TP2+TP3,0.0001015655939109114,0.00012624677465730586,0.012112778004628996,0.23852128537255954,2.2084640755606166,True,True,True,True
BNBUSDT,LONG,1d,2020-12-21 00:00:00+00:00,34.3072,31.05402,37.56038,40.81356,44.06674,672,0.0586355204444347,0.005560112815951931,2020-12-22 00:00:00+00:00,1.0,STOP,0.00011727104088886941,0.00010615081525696554,-0.0057835346720977645,-0.09863534301837514,-1.040182971738422,False,False,False,True
ETHUSDT,LONG,1d,2020-11-30 00:00:00+00:00,576.32,499.6120000000001,653.028,729.7360000000001,806.4440000000001,672,0.041207517360964965,0.005484706832532099,2020-12-23 00:00:00+00:00,23.0,TP1+STOP,8.241503472192994e-05,8.515738813819599e-05,0.0012036042852728987,0.029208366879511366,0.21944733274234757,True,False,False,True
BTCUSDT,LONG,1d,2020-12-21 00:00:00+00:00,23455.54,21381.510000000002,25529.57,27603.6,29677.63,672,0.06288021318836913,0.00556011281595193,2021-01-02 00:00:00+00:00,12.0,TP1+TP2+TP3,0.00012576042637673827,0.00015078093404852195,0.01223371247546658,0.1945558364889487,2.200263354435567,True,True,True,True
ETHUSDT,LONG,1d,2020-12-28 00:00:00+00:00,685.1,599.928,770.272,855.4440000000001,940.6160000000001,672,0.044667813919620276,0.005553126619707925,2021-01-03 00:00:00+00:00,6.0,TP1+TP2+TP3,8.933562783924056e-05,0.00011432469762792621,0.012290874568875664,0.27516176616552335,2.2133251068426243,True,True,True,True
BTCUSDT,LONG,1d,2021-01-04 00:00:00+00:00,33000.05,29403.066000000003,36597.034,40194.018000000004,43791.00200000001,672,0.052111304215725344,0.0056800982872176435,2021-01-04 00:00:00+00:00,0.0,STOP,0.0001042226084314507,9.286241185701539e-05,-0.00587718330750611,-0.11278135130098288,-1.0346974665441937,False,False,False,True
ETHUSDT,LONG,1d,2021-01-04 00:00:00+00:00,978.33,861.212,1095.448,1212.5660000000003,1329.6840000000002,672,0.047447963227972095,0.005680098287217644,2021-01-05 00:00:00+00:00,1.0,TP1+STOP,9.48959264559442e-05,9.773597559955302e-05,0.0012273926697489099,0.025868184559402173,0.21608651957854402,True,False,False,True
BNBUSDT,LONG,1d,2020-12-28 00:00:00+00:00,33.6741,29.380320000000005,37.96788,42.261660000000006,46.555440000000004,672,0.04355056409613598,0.005553126619707925,2021-01-11 00:00:00+00:00,14.0,TP1+TP2+STOP,8.710112819227196e-05,0.00010098394474154178,0.006753323201701095,0.1550685586251748,1.2161298785685346,True,True,False,True
BTCUSDT,LONG,1d,2021-01-11 00:00:00+00:00,38150.02,32478.607999999997,43821.43199999999,49492.844,55164.255999999994,672,0.03808703066916716,0.005662047956501273,2021-01-11 00:00:00+00:00,0.0,STOP,7.617406133833432e-05,6.484996542533178e-05,-0.005803071983264934,-0.1523634654975278,-1.0249068937329884,False,False,False,True
ETHUSDT,LONG,1d,2021-01-11 00:00:00+00:00,1254.24,1038.489,1469.991,1685.7420000000002,1901.4930000000002,672,0.03291556947111325,0.005662047956501271,2021-01-11 00:00:00+00:00,0.0,STOP,6.58311389422265e-05,5.450704302922396e-05,-0.005782386138472722,-0.17567328262533485,-1.021253472753313,False,False,False,True
BNBUSDT,LONG,1d,2021-01-18 00:00:00+00:00,45.8645,38.72682,53.00218,60.13986,67.27754,672,0.03591660025933182,0.0055895343749311046,2021-01-21 00:00:00+00:00,3.0,STOP,7.183320051866365e-05,6.065413176880143e-05,-0.005722021707218572,-0.15931412399568307,-1.0237027493527313,False,False,False,True
BNBUSDT,LONG,1d,2021-01-25 00:00:00+00:00,41.827,34.41692,49.23708,56.64716,64.05724,672,0.03139745713574284,0.005562380021814266,2021-02-05 00:00:00+00:00,11.0,TP1+TP2+TP3,6.279491427148568e-05,8.782562436964987e-05,0.012364734510440952,0.39381324598943235,2.2229215662988775,True,True,True,True
BNBUSDT,LONG,1d,2021-02-08 00:00:00+00:00,68.355,58.45855,78.25145,88.1479,98.04435000000001,672,0.039139727156440506,0.005666657198703177,2021-02-09 00:00:00+00:00,1.0,TP1+TP2+TP3,7.827945431288102e-05,0.0001037794117070453,0.012567919831062214,0.3211039203423303,2.217871911139852,True,True,True,True
BTCUSDT,LONG,1d,2021-01-18 00:00:00+00:00,35824.99,28170.981,43478.998999999996,51133.008,58787.017,672,0.026162108391375442,0.005589534374931105,2021-02-15 00:00:00+00:00,28.0,TP1+MAX_HOLD,5.2324216782750885e-05,6.909150358616141e-05,0.008262227681336352,0.3158089385509948,1.4781602772481723,True,False,False,True
ETHUSDT,LONG,1d,2021-01-18 00:00:00+00:00,1232.5,934.3240000000001,1530.676,1828.8519999999999,2127.0280000000002,672,0.023104143583328605,0.005589534374931106,2021-02-15 00:00:00+00:00,28.0,TP1+TP2+MAX_HOLD,4.620828716665721e-05,6.52313673155419e-05,0.009400100419960141,0.40685777363083164,1.681732285629964,True,True,False,True
BNBUSDT,LONG,1d,2021-02-15 00:00:00+00:00,135.8623,113.33338,158.39122,180.92014,203.44906,672,0.034819921344384504,0.00577389917860901,2021-02-19 00:00:00+00:00,4.0,TP1+TP2+TP3,6.963984268876901e-05,9.562238899250956e-05,0.012826010920188993,0.3683526678114532,2.2213777074089656,True,True,True,True
BTCUSDT,LONG,1d,2021-02-15 00:00:00+00:00,48580.47,42114.845,55046.095,61511.72,67977.345,672,0.04338308142359628,0.00577389917860901,2021-02-22 00:00:00+00:00,7.0,TP1+STOP,8.676616284719256e-05,8.965311243649707e-05,0.0012670555193685616,0.029206213062574288,0.21944538347027526,True,False,False,True
BNBUSDT,LONG,1d,2021-02-22 00:00:00+00:00,294.9167,230.74643999999998,359.08696,423.25722,487.42748000000006,672,0.02706012247233728,0.005887951054252698,2021-02-22 00:00:00+00:00,0.0,STOP,5.412024494467456e-05,4.234434283616917e-05,-0.005984415642033538,-0.22115257047159412,-1.0163833881925983,False,False,False,True
ETHUSDT,LONG,1d,2021-02-15 00:00:00+00:00,1800.03,1525.974,2074.0860000000002,2348.142,2622.1980000000003,672,0.03792360589978535,0.005773899178609009,2021-02-23 00:00:00+00:00,8.0,STOP,7.58472117995707e-05,6.429941344235269e-05,-0.005914045803850933,-0.15594629422842954,-1.0242724406690602,False,False,False,True
BTCUSDT,LONG,1d,2021-03-01 00:00:00+00:00,45134.11,36731.454,53536.766,61939.422000000006,70342.07800000001,672,0.03107292008291231,0.005784872203577376,2021-03-29 00:00:00+00:00,28.0,TP1+MAX_HOLD,6.214584016582462e-05,7.602971493182804e-05,0.006803761827904054,0.2189611343172602,1.1761300143668851,True,False,False,True
ETHUSDT,LONG,1d,2021-03-01 00:00:00+00:00,1418.67,1090.2400000000002,1747.1,2075.5299999999997,2403.96,672,0.024988048135216396,0.005784872203577376,2021-03-29 00:00:00+00:00,28.0,TP1+MAX_HOLD,4.997609627043279e-05,5.996219162048667e-05,0.004883109387136014,0.1954177997702071,0.8441170721310473,True,False,False,True
SOLUSDT,LONG,1d,2021-03-01 00:00:00+00:00,13.08,8.83931,17.32069,21.56138,25.80207,672,0.01784288132893281,0.005784872203577377,2021-03-29 00:00:00+00:00,28.0,TP1+MAX_HOLD,3.568576265786562e-05,4.877749256516641e-05,0.006461401698427366,0.3621277068042813,1.1169480450115425,True,False,False,True
BNBUSDT,LONG,1d,2021-03-01 00:00:00+00:00,210.1177,117.73823999999999,302.49716,394.87662000000006,487.2560800000001,672,0.0131577305410706,0.005784872203577376,2021-03-29 00:00:00+00:00,28.0,TP1+MAX_HOLD,2.63154610821412e-05,3.4703404480911875e-05,0.004132952833822285,0.31410833509028535,0.71444151026646,True,False,False,True
SOLUSDT,LONG,1d,2021-03-29 00:00:00+00:00,18.0645,14.905729999999998,21.22327,24.38204,27.54081,672,0.03371987195461621,0.0058962783323138245,2021-04-08 00:00:00+00:00,10.0,TP1+TP2+TP3,6.743974390923242e-05,9.397299640464463e-05,0.013105213507392226,0.388649563231753,2.2226246402872003,True,True,True,True
BNBUSDT,LONG,1d,2021-03-29 00:00:00+00:00,268.6234,218.61133999999998,318.63546,368.64752,418.65958,672,0.03166992787284644,0.005896278332313824,2021-04-08 00:00:00+00:00,10.0,TP1+TP2+TP3,6.333985574569288e-05,8.987310824110508e-05,0.013113413283719302,0.4140651452181754,2.2240153101072018,True,True,True,True
ETHUSDT,LONG,1d,2021-03-29 00:00:00+00:00,1687.16,1467.2540000000001,1907.066,2126.9719999999998,2346.8779999999997,672,0.045237351191630026,0.005896278332313823,2021-04-14 00:00:00+00:00,16.0,TP1+TP2+TP3,9.047470238326005e-05,0.00011700795487867224,0.013059143590444165,0.2886805537115624,2.214811251170954,True,True,True,True
BNBUSDT,LONG,1d,2021-04-12 00:00:00+00:00,525.9275,453.89458,597.96042,669.99334,742.02626,672,0.04451081706424946,0.006096361427618285,2021-04-14 00:00:00+00:00,2.0,TP1+STOP,8.902163412849892e-05,9.206981484230806e-05,0.0013429989079337633,0.030172416426218415,0.2202951586580134,True,False,False,True
BTCUSDT,LONG,1d,2021-03-29 00:00:00+00:00,55777.65,48426.592,63128.708000000006,70479.766,77830.82400000001,672,0.044739212929946134,0.0058962783323138245,2021-04-18 00:00:00+00:00,20.0,TP1+STOP,8.947842585989227e-05,9.24265650260492e-05,0.0012921645921925233,0.028882148512890234,0.2191491851921194,True,False,False,True
SOLUSDT,LONG,1d,2021-04-12 00:00:00+00:00,27.8598,23.047710000000002,32.67189,37.48398,42.29607,672,0.03529514412680561,0.006096361427618286,2021-04-18 00:00:00+00:00,6.0,STOP,7.059028825361122e-05,5.839756539837465e-05,-0.0062253492812702725,-0.17637976654534485,-1.0211581703584098,False,False,False,True
BNBUSDT,LONG,1d,2021-04-19 00:00:00+00:00,481.5112,376.03666999999996,586.98573,692.46026,797.93479,672,0.027732229892436178,0.006074716255315883,2021-04-22 00:00:00+00:00,3.0,TP1+STOP,5.5464459784872355e-05,5.8501817912530294e-05,0.0014047127861315676,0.05065271676962031,0.2312392426399055,True,False,False,True
BTCUSDT,LONG,1d,2021-04-19 00:00:00+00:00,56150.01,50404.229,61895.791000000005,67641.572,73387.353,672,0.05936449344016927,0.006074716255315884,2021-04-23 00:00:00+00:00,4.0,STOP,0.00011872898688033855,0.0001065795543697068,-0.006300024796565925,-0.10612445978193057,-1.0370895580600785,False,False,False,True
ETHUSDT,LONG,1d,2021-04-19 00:00:00+00:00,2235.65,1931.1850000000002,2540.1150000000002,2844.58,3149.045,672,0.0446059133108796,0.006074716255315882,2021-04-23 00:00:00+00:00,4.0,TP1+STOP,8.92118266217592e-05,9.224918474941713e-05,0.001337218052457793,0.029978492832062224,0.22012847946397757,True,False,False,True
SOLUSDT,LONG,1d,2021-04-19 00:00:00+00:00,32.3324,25.99095,38.67385,45.015299999999996,51.35675,672,0.030972436249339708,0.006074716255315882,2021-04-23 00:00:00+00:00,4.0,TP1+STOP,6.194487249867941e-05,6.498223062633736e-05,0.0013917519607039568,0.044935178798975725,0.2291056737812335,True,False,False,True
ETHUSDT,LONG,1d,2021-04-26 00:00:00+00:00,2320.44,1927.0390000000002,2713.841,3107.2419999999997,3500.643,672,0.03576727119240784,0.0060638845453295205,2021-05-04 00:00:00+00:00,8.0,TP1+TP2+TP3,7.153454238481569e-05,9.882202283879853e-05,0.013473383661767806,0.3766958790143247,2.2219063639899237,True,True,True,True
BTCUSDT,LONG,1d,2021-04-26 00:00:00+00:00,49066.76,42330.05,55803.47,62540.18000000001,69276.89000000001,672,0.04416624252096242,0.00606388454532952,2021-05-12 00:00:00+00:00,16.0,TP1+STOP,8.833248504192485e-05,9.13644273145896e-05,0.001336274223975859,0.030255556001659623,0.2203660399512511,True,False,False,True
SOLUSDT,LONG,1d,2021-04-26 00:00:00+00:00,47.395,37.46428,57.325720000000004,67.25644,77.18716,672,0.028940279055888456,0.0060638845453295205,2021-05-13 00:00:00+00:00,17.0,STOP,5.7880558111776915e-05,4.5752789021117876e-05,-0.0061675178924624156,-0.21311190125540672,-1.0170902573025924,False,False,False,True
ETHUSDT,LONG,1d,2021-05-10 00:00:00+00:00,3923.95,3399.563,4448.3369999999995,4972.724,5497.111,672,0.04634585021398451,0.006193545115549557,2021-05-16 00:00:00+00:00,6.0,STOP,9.269170042796903e-05,8.030461019686992e-05,-0.006366541426174395,-0.1373702585405012,-1.02793171074035,False,False,False,True
BNBUSDT,LONG,1d,2021-04-26 00:00:00+00:00,505.0,371.42552,638.57448,772.14896,905.7234400000001,672,0.02292549965675635,0.0060638845453295205,2021-05-17 00:00:00+00:00,21.0,TP1+EARLY_RISK_OFF,4.58509993135127e-05,5.2945521713470773e-05,0.003448464678952054,0.1504204807128712,0.5686890397027932,True,False,False,True
SOLUSDT,LONG,1d,2021-08-16 00:00:00+00:00,53.515,45.9603,61.069700000000005,68.62440000000001,76.1791,672,0.043157292502200385,0.006092504861559813,2021-08-17 00:00:00+00:00,1.0,TP1+TP2+STOP,8.631458500440077e-05,0.0001015458471583003,0.00742777064478706,0.17210928244417448,1.2191653209260451,True,True,False,True
SOLUSDT,LONG,1d,2021-08-23 00:00:00+00:00,72.751,58.9074,86.5946,100.43820000000001,114.2818,672,0.03218327189555227,0.006124071735278793,2021-08-30 00:00:00+00:00,7.0,TP1+TP2+TP3,6.436654379110454e-05,9.19248665998591e-05,0.013622869993986314,0.42329039875740526,2.224479167268629,True,True,True,True
BNBUSDT,LONG,1d,2021-08-23 00:00:00+00:00,448.69,398.032,499.348,550.0060000000001,600.664,672,0.054242365409258975,0.006124071735278794,2021-08-31 00:00:00+00:00,8.0,TP1+STOP,0.00010848473081851795,0.00011154676668615734,0.0013109864363150237,0.02416904990082241,0.21407104504717922,True,False,False,True
BTCUSDT,LONG,1d,2021-08-23 00:00:00+00:00,49239.22,44275.979,54202.461,59165.702000000005,64128.94300000001,672,0.06075556586294604,0.006124071735278794,2021-09-06 00:00:00+00:00,14.0,EARLY_RISK_OFF,0.00012151113172589209,0.00012772414070330907,0.002857269216279295,0.04702892937784163,0.4665636425875766,False,False,False,True
ETHUSDT,LONG,1d,2021-08-16 00:00:00+00:00,3307.35,2892.044,3722.656,4137.9619999999995,4553.268,672,0.04851855247427161,0.006092504861559813,2021-09-07 00:00:00+00:00,22.0,TP1+STOP,9.703710494854322e-05,0.00010008335737932313,0.001326005753062084,0.02732987044008037,0.21764541566940954,True,False,False,True
BNBUSDT,LONG,1d,2021-09-06 00:00:00+00:00,504.9,443.77,566.03,627.16,688.29,672,0.05171208636751364,0.0062609622492495725,2021-09-07 00:00:00+00:00,1.0,STOP,0.00010342417273502728,9.090224823652815e-05,-0.00645528867022112,-0.12483133293721514,-1.0310377883199726,False,False,False,True
SOLUSDT,LONG,1d,2021-09-06 00:00:00+00:00,141.98,114.64649999999999,169.31349999999998,196.647,223.98049999999998,672,0.0325216829219988,0.0062609622492495725,2021-09-10 00:00:00+00:00,4.0,TP1+TP2+STOP,6.50433658439976e-05,8.069577146712153e-05,0.0076804636742508385,0.23616439815466947,1.2267225657160614,True,True,False,True
ETHUSDT,LONG,1d,2021-09-13 00:00:00+00:00,3404.3,2903.165,3905.4350000000004,4406.570000000001,4907.705,672,0.04233071461120937,0.006231355246802108,2021-09-21 00:00:00+00:00,8.0,STOP,8.466142922241875e-05,7.219871872881453e-05,-0.006388215394753341,-0.15091206121669656,-1.025172717930298,False,False,False,True
SOLUSDT,LONG,1d,2021-09-13 00:00:00+00:00,174.31,130.118,218.502,262.694,306.88599999999997,672,0.024578827232758765,0.006231355246802108,2021-09-21 00:00:00+00:00,8.0,STOP,4.915765446551753e-05,3.6694943971913316e-05,-0.00631720784523954,-0.25701827778096503,-1.0137775162925418,False,False,False,True
BNBUSDT,LONG,1d,2021-09-13 00:00:00+00:00,416.4,347.438,485.36199999999997,554.324,623.2860000000001,672,0.037625595614518115,0.006231355246802108,2021-09-21 00:00:00+00:00,8.0,STOP,7.525119122903623e-05,6.278848073543202e-05,-0.006369394918766575,-0.16928356388088373,-1.0221524317740203,False,False,False,True
BNBUSDT,LONG,1d,2021-10-04 00:00:00+00:00,430.5,373.78000000000003,487.21999999999997,543.9399999999999,600.66,672,0.04657157770912517,0.006135981156008312,2021-10-11 00:00:00+00:00,7.0,EARLY_RISK_OFF,9.314315541825034e-05,8.740960462014666e-05,-0.0030473281590902416,-0.06543321718931486,-0.49663258110014213,False,False,False,True
ETHUSDT,LONG,1d,2021-10-04 00:00:00+00:00,3417.73,2908.995,3926.465,4435.2,4943.9349999999995,672,0.041222103602709226,0.006135981156008311,2021-11-01 00:00:00+00:00,28.0,TP1+TP2+MAX_HOLD,8.244420720541846e-05,0.00010213845307122492,0.009662540272626587,0.23440192101189952,1.574734345975801,True,True,False,True
SOLUSDT,LONG,1d,2021-10-04 00:00:00+00:00,172.99,136.18200000000002,209.798,246.60600000000002,283.41400000000004,672,0.02883784449516078,0.006135981156008311,2021-11-01 00:00:00+00:00,28.0,TP1+MAX_HOLD,5.7675688990321555e-05,6.813026196950829e-05,0.005101480538633537,0.17690228336898087,0.8314042056074769,True,False,False,True
BTCUSDT,LONG,1d,2021-10-18 00:00:00+00:00,61528.32,55729.9,67326.74,73125.16,78923.58,672,0.06511338082926643,0.006136275615326974,2021-11-15 00:00:00+00:00,28.0,TP1+MAX_HOLD,0.00013022676165853287,0.0001396298805548957,0.0044317028059680024,0.06806132241218368,0.7222137797882889,True,False,False,True
ETHUSDT,LONG,1d,2021-11-01 00:00:00+00:00,4287.48,3804.9459999999995,4770.013999999999,5252.548,5735.081999999999,672,0.05502430108740769,0.0061927043626818536,2021-11-16 00:00:00+00:00,15.0,TP1+STOP,0.00011004860217481538,0.00011314495435615632,0.001324982534139495,0.02407995209307106,0.213958628822011,True,False,False,True
BTCUSDT,LONG,1d,2021-11-15 00:00:00+00:00,65519.11,59775.425,71262.795,77006.48,82750.16500000001,672,0.07156021936966202,0.006273274447565558,2021-11-16 00:00:00+00:00,1.0,STOP,0.00014312043873932403,0.00013057388984419292,-0.006546968776149081,-0.09148894223380023,-1.0436286234360006,False,False,False,True
BNBUSDT,LONG,1d,2021-11-15 00:00:00+00:00,650.7,575.6490000000001,725.751,800.802,875.853,672,0.054389943945196105,0.006273274447565559,2021-11-16 00:00:00+00:00,1.0,STOP,0.00010877988789039221,9.62333389952611e-05,-0.006478287674451212,-0.11910818810511746,-1.032680417316225,False,False,False,True
SOLUSDT,LONG,1d,2021-11-01 00:00:00+00:00,202.53,170.234,234.826,267.12199999999996,299.418,672,0.03883479113741504,0.0061927043626818536,2021-11-18 00:00:00+00:00,17.0,TP1+STOP,7.766958227483008e-05,8.076593445617102e-05,0.0013897405739394636,0.035785967510986054,0.22441577904384466,True,False,False,True
SOLUSDT,LONG,1d,2021-11-22 00:00:00+00:00,230.56,189.62,271.5,312.44,353.38,672,0.03472011975515778,0.006165170466586396,2021-11-26 00:00:00+00:00,4.0,STOP,6.944023951031555e-05,5.7109898577142766e-05,-0.006291720604673854,-0.18121252602359472,-1.0205266243282853,False,False,False,True
BTCUSDT,LONG,1d,2021-11-22 00:00:00+00:00,58617.7,52860.606,64374.793999999994,70131.88799999999,75888.98199999999,672,0.06277266149540402,0.006165170466586396,2021-12-03 00:00:00+00:00,11.0,STOP,0.00012554532299080803,0.00011321498205763525,-0.006403930771634837,-0.10201783099643957,-1.0387272835913395,False,False,False,True
ETHUSDT,LONG,1d,2021-11-22 00:00:00+00:00,4259.7,3776.4269999999997,4742.973,5226.246,5709.519,672,0.05434149359992811,0.006165170466586395,2021-12-03 00:00:00+00:00,11.0,TP1+STOP,0.00010868298719985623,0.00011176557243314942,0.001320844057013596,0.02430636277202626,0.21424290928729772,True,False,False,True
BNBUSDT,LONG,1d,2021-11-22 00:00:00+00:00,584.0,502.14,665.86,747.72,829.5799999999999,672,0.04398313648285432,0.006165170466586396,2021-12-04 00:00:00+00:00,12.0,STOP,8.796627296570863e-05,7.563593203253586e-05,-0.006328772671584639,-0.1438908904109589,-1.0265365257757144,False,False,False,True
SOLUSDT,LONG,1d,2021-11-29 00:00:00+00:00,200.71,160.591,240.829,280.948,321.067,672,0.03070492215175221,0.006137465855244616,2021-12-04 00:00:00+00:00,5.0,TP1+STOP,6.140984430350442e-05,6.447857723112674e-05,0.0014084780422765303,0.04587140899805714,0.2294885341110209,True,False,False,True
BTCUSDT,LONG,1d,2021-12-13 00:00:00+00:00,50053.9,43268.391,56839.409,63624.918000000005,70410.427,672,0.04487690739196469,0.0060836949568433794,2021-12-20 00:00:00+00:00,7.0,EARLY_RISK_OFF,8.975381478392938e-05,8.370615214487092e-05,-0.0031972912864580254,-0.07124580262477061,-0.5255508879289684,False,False,False,True
ETHUSDT,LONG,1d,2021-12-13 00:00:00+00:00,4130.0,3465.527,4794.473,5458.946,6123.419,672,0.037812913650010105,0.00608369495684338,2021-12-20 00:00:00+00:00,7.0,EARLY_RISK_OFF,7.56258273000202e-05,7.185625519154995e-05,-0.0020322681367267005,-0.05374534624697342,-0.3340516168452296,False,False,False,True
SOLUSDT,LONG,1d,2021-12-13 00:00:00+00:00,172.83,132.912,212.74800000000002,252.66600000000003,292.58400000000006,672,0.026340122235363528,0.00608369495684338,2021-12-20 00:00:00+00:00,7.0,EARLY_RISK_OFF,5.268024447072706e-05,5.4835248396018035e-05,0.0009699864697787435,0.036825435398946865,0.15944035272308196,False,False,False,True
BNBUSDT,LONG,1d,2021-12-13 00:00:00+00:00,570.3,481.95,658.65,746.9999999999999,835.3499999999999,672,0.039270302590693605,0.006083694956843379,2021-12-20 00:00:00+00:00,7.0,EARLY_RISK_OFF,7.854060518138721e-05,7.29630240664544e-05,-0.0029402941867142456,-0.07487322461862174,-0.4833073005093378,False,False,False,True
BTCUSDT,LONG,1d,2021-12-27 00:00:00+00:00,50775.48,45990.825000000004,55560.135,60344.79000000001,65129.44500000001,672,0.06417905743620446,0.006047695621142779,2021-12-30 00:00:00+00:00,3.0,STOP,0.00012835811487240891,0.00011626272363012337,-0.006292316459645304,-0.09804314228048641,-1.040448602877322,False,False,False,True
ETHUSDT,LONG,1d,2021-12-27 00:00:00+00:00,4063.57,3594.563,4532.577,5001.584,5470.591,672,0.05239843860583565,0.006047695621142779,2021-12-30 00:00:00+00:00,3.0,STOP,0.00010479687721167131,9.270148596938575e-05,-0.0062451939843238295,-0.1191866427796247,-1.0326567961672202,False,False,False,True
SOLUSDT,LONG,1d,2021-12-27 00:00:00+00:00,197.85,169.029,226.671,255.49200000000002,284.313,672,0.04151613679758158,0.006047695621142778,2021-12-30 00:00:00+00:00,3.0,STOP,8.303227359516315e-05,7.093688235287761e-05,-0.006201664777090817,-0.14937962092494309,-1.0254591443738936,False,False,False,True
BNBUSDT,LONG,1d,2021-12-27 00:00:00+00:00,546.5,490.11,602.89,659.28,715.6699999999998,672,0.05861084690467334,0.006047695621142779,2022-01-03 00:00:00+00:00,7.0,EARLY_RISK_OFF,0.00011722169380934668,0.00011389701630880711,-0.0018934574603879399,-0.03230558096980791,-0.31308742684873253,False,False,False,True
BNBUSDT,LONG,1d,2023-01-16 00:00:00+00:00,302.2,284.74,319.65999999999997,337.12,354.58,672,0.10288875765908834,0.00594453245773554,2023-01-18 00:00:00+00:00,2.0,STOP,0.00020577751531817667,0.00019388845040270558,-0.006344198423456428,-0.06166075446724022,-1.0672325315005737,False,False,False,True
ETHUSDT,LONG,1d,2023-01-16 00:00:00+00:00,1552.52,1466.572,1638.468,1724.4160000000002,1810.364,672,0.10737894460934022,0.005944532457735542,2023-01-24 00:00:00+00:00,8.0,TP1+STOP,0.00021475788921868045,0.00021773015544754822,0.0010536450697676563,0.00981239919614563,0.17724607902452644,True,False,False,True
BNBUSDT,LONG,1d,2023-01-23 00:00:00+00:00,303.1,278.77000000000004,327.43,351.76,376.09000000000003,672,0.0739787512500946,0.005938314146865062,2023-01-30 00:00:00+00:00,7.0,EARLY_RISK_OFF,0.00014795750250018918,0.0001547915672807984,0.0031142833205236122,0.04209699769053117,0.5244389642416772,False,False,False,True
BTCUSDT,LONG,1d,2023-01-23 00:00:00+00:00,22706.02,21293.224,24118.816000000003,25531.612,26944.408000000003,672,0.09543874684314001,0.005938314146865062,2023-02-06 00:00:00+00:00,14.0,TP1+EARLY_RISK_OFF,0.00019087749368628003,0.00019527715887636445,0.0018136779424795645,0.01900358085653059,0.30541966922329905,True,False,False,True
ETHUSDT,LONG,1d,2023-01-30 00:00:00+00:00,1644.73,1487.254,1802.2060000000001,1959.682,2117.158,672,0.06219069096820069,0.005954497851263356,2023-02-06 00:00:00+00:00,7.0,EARLY_RISK_OFF,0.00012438138193640138,0.00012319256959392557,-0.0008419801227682346,-0.013538684160926196,-0.14140237242500525,False,False,False,True
BTCUSDT,LONG,1d,2023-02-20 00:00:00+00:00,24272.51,22560.677999999996,25984.342,27696.174,29408.006,672,0.08420366809957193,0.005938509596668272,2023-03-03 00:00:00+00:00,11.0,STOP,0.00016840733619914386,0.0001565303170058073,-0.006263447249873235,-0.07438449406344896,-1.0547170376532295,False,False,False,True
ETHUSDT,LONG,1d,2023-02-20 00:00:00+00:00,1679.74,1535.054,1824.426,1969.1119999999999,2113.798,672,0.06894345071332103,0.005938509596668271,2023-03-08 00:00:00+00:00,16.0,STOP,0.00013788690142664206,0.00012600988223330554,-0.006202406380328217,-0.0899636777120268,-1.0444382179340086,False,False,False,True
BNBUSDT,LONG,1d,2023-02-20 00:00:00+00:00,311.5,282.51,340.49,369.47999999999996,398.4699999999999,672,0.06380978749093362,0.00593850959666827,2023-03-09 00:00:00+00:00,17.0,STOP,0.00012761957498186725,0.0001157425557885307,-0.006181871727438668,-0.0968796789727127,-1.0409803380476026,False,False,False,True
BTCUSDT,LONG,1d,2023-03-06 00:00:00+00:00,22430.24,20443.348,24417.132,26404.024,28390.916000000005,672,0.06614265664993142,0.005858979456149178,2023-03-09 00:00:00+00:00,3.0,STOP,0.00013228531329986286,0.0001205673543875645,-0.0061118321238366,-0.09240378952699561,-1.0431564352768032,False,False,False,True
BTCUSDT,LONG,1d,2023-03-13 00:00:00+00:00,21998.05,20228.999,23767.101,25536.152,27305.203,672,0.07230561533596913,0.0058147118092608885,2023-03-17 00:00:00+00:00,4.0,TP1+TP2+TP3,0.00014461123067193826,0.00017077743381361225,0.012767712906351458,0.1765798250526752,2.195760224267137,True,True,True,True
BNBUSDT,LONG,1d,2023-03-13 00:00:00+00:00,288.1,268.77000000000004,307.43,326.76,346.09000000000003,672,0.08666417342204155,0.005814711809260888,2023-03-18 00:00:00+00:00,5.0,TP1+TP2+TP3,0.0001733283468440831,0.00019949454998575712,0.01271027867400716,0.14666128080527585,2.1858828246249358,True,True,True,True
ETHUSDT,LONG,1d,2023-03-13 00:00:00+00:00,1580.33,1443.644,1717.0159999999998,1853.702,1990.388,672,0.06722827146547024,0.005814711809260889,2023-03-25 00:00:00+00:00,12.0,TP1+TP2+STOP,0.00013445654293094047,0.0001489933224540927,0.00698493989619109,0.1038988470762437,1.2012529812855761,True,True,False,True
BNBUSDT,LONG,1d,2023-03-20 00:00:00+00:00,336.7,310.71,362.69,388.68,414.66999999999996,672,0.07747695003104983,0.005980474996456745,2023-03-27 00:00:00+00:00,7.0,STOP,0.00015495390006209966,0.00014299295006918618,-0.006278421846588034,-0.08103599643599652,-1.049819930742594,False,False,False,True
BTCUSDT,LONG,1d,2023-03-20 00:00:00+00:00,27972.87,25522.556,30423.183999999997,32873.498,35323.812,672,0.06827331093653102,0.005980474996456744,2023-04-17 00:00:00+00:00,28.0,TP1+MAX_HOLD,0.00013654662187306206,0.00014807365003892804,0.005478893811021005,0.08024942303024316,0.9161302094343825,True,False,False,True
BTCUSDT,LONG,1d,2023-04-17 00:00:00+00:00,30304.66,28594.283,32015.037,33725.414,35435.791,672,0.10730166262431483,0.006056042067932383,2023-04-19 00:00:00+00:00,2.0,STOP,0.00021460332524862966,0.0002024912411127649,-0.006473136634293777,-0.060326526877384545,-1.0688724684674782,False,False,False,True
ETHUSDT,LONG,1d,2023-03-27 00:00:00+00:00,1773.88,1584.4260000000002,1963.334,2152.788,2342.242,672,0.05586214368638147,0.005966190818972936,2023-04-24 00:00:00+00:00,28.0,TP1+MAX_HOLD,0.00011172428737276295,0.00011887040174893328,0.0033424624989634812,0.05983412519448898,0.5602339248577499,True,False,False,True
BNBUSDT,LONG,1d,2023-04-03 00:00:00+00:00,313.8,287.74,339.86,365.92,391.98,672,0.07164742584000709,0.00595006984509428,2023-05-01 00:00:00+00:00,28.0,TP1+MAX_HOLD,0.0001432948516800142,0.0001543867316905545,0.005248258421899596,0.07325117909496519,0.8820498848810466,True,False,False,True
BNBUSDT,LONG,1d,2023-05-01 00:00:00+00:00,337.5,312.55,362.45,387.40000000000003,412.35,672,0.08132153380805184,0.006011769684476718,2023-05-08 00:00:00+00:00,7.0,EARLY_RISK_OFF,0.00016264306761610368,0.00015469162875487194,-0.004293054126986834,-0.052791111111111004,-0.7141082164328647,False,False,False,True
BTCUSDT,LONG,1d,2023-04-24 00:00:00+00:00,27590.59,25838.522,29342.658,31094.726,32846.794,672,0.09414272824374555,0.005978286857532321,2023-05-08 00:00:00+00:00,14.0,TP1+STOP,0.0001882854564874911,0.00019127459991625723,0.0011150116579793149,0.011843842628954103,0.18651023019654198,True,False,False,True
ETHUSDT,LONG,1d,2023-04-24 00:00:00+00:00,1862.01,1709.858,2014.162,2166.314,2318.466,672,0.07316124606704977,0.005978286857532322,2023-05-08 00:00:00+00:00,14.0,TP1+STOP,0.00014632249213409953,0.0001493116355628657,0.0011989375866861157,0.016387604792670298,0.20054868815395138,True,False,False,True
SOLUSDT,LONG,1d,2023-05-15 00:00:00+00:00,20.93,18.468,23.392,25.854,28.316,672,0.05078390950754823,0.005973721223487038,2023-05-22 00:00:00+00:00,7.0,EARLY_RISK_OFF,0.00010156781901509646,9.516220405571149e-05,-0.0033995375027632913,-0.06694123268036313,-0.569082047116166,False,False,False,True
BNBUSDT,LONG,1d,2023-05-15 00:00:00+00:00,312.1,293.89,330.31000000000006,348.52000000000004,366.7300000000001,672,0.10238321767437131,0.00597372122348704,2023-05-22 00:00:00+00:00,7.0,EARLY_RISK_OFF,0.00020476643534874262,0.00020102670871789406,-0.0022756564594909228,-0.022226850368471746,-0.38094453596924865,False,False,False,True
BNBUSDT,LONG,1d,2023-05-29 00:00:00+00:00,314.2,301.38,327.02,339.84000000000003,352.66,672,0.1465884922731122,0.005981109073651487,2023-06-05 00:00:00+00:00,7.0,STOP,0.00029317698454622436,0.0002812147663989214,-0.0065555008245966285,-0.0447204328453214,-1.0960343213728543,False,False,False,True
SOLUSDT,LONG,1d,2023-06-05 00:00:00+00:00,21.83,20.179,23.480999999999998,25.131999999999998,26.782999999999998,672,0.0785635157627891,0.005941748260392341,2023-06-05 00:00:00+00:00,0.0,STOP,0.0001571270315255782,0.0001452435350047935,-0.006244118826922715,-0.07947860742098034,-1.050889158086009,False,False,False,True
BTCUSDT,LONG,1d,2023-05-15 00:00:00+00:00,26917.61,24736.319,29098.901,31280.192000000003,33461.483,672,0.0737170318598238,0.00597372122348704,2023-06-12 00:00:00+00:00,28.0,MAX_HOLD,0.0001474340637196476,0.00014200026363136523,-0.0030063343714922027,-0.040782086522540416,-0.5032599043410525,False,False,False,True
ETHUSDT,LONG,1d,2023-05-15 00:00:00+00:00,1799.2,1647.136,1951.2640000000001,2103.328,2255.392,672,0.07068023480441049,0.00597372122348704,2023-06-12 00:00:00+00:00,28.0,MAX_HOLD,0.00014136046960882098,0.00013771253352392907,-0.0021030410455787113,-0.029754301911960827,-0.35204874263467945,False,False,False,True
ETHUSDT,LONG,1d,2023-06-12 00:00:00+00:00,1752.77,1633.715,1871.825,1990.8799999999999,2109.935,672,0.08621117175971953,0.005855800278332818,2023-06-14 00:00:00+00:00,2.0,STOP,0.00017242234351943906,0.00016071074296277344,-0.006188933364815017,-0.0717880668884108,-1.0568894208559045,False,False,False,True
BTCUSDT,LONG,1d,2023-06-12 00:00:00+00:00,25925.54,24147.277000000002,27703.803,29482.066000000003,31260.329000000005,672,0.08537251483494214,0.005855800278332819,2023-06-19 00:00:00+00:00,7.0,EARLY_RISK_OFF,0.00017074502966988429,0.00017347452228976362,0.001020526757980027,0.011953809255274922,0.17427622348325325,False,False,False,True
ETHUSDT,LONG,1d,2023-06-26 00:00:00+00:00,1898.8,1765.377,2032.223,2165.6459999999997,2299.069,672,0.0829686389615963,0.005829958245298643,2023-07-10 00:00:00+00:00,14.0,EARLY_RISK_OFF,0.0001659372779231926,0.00016279209010327704,-0.0019013232779842603,-0.022916168106172332,-0.32612982769087806,False,False,False,True
SOLUSDT,LONG,1d,2023-07-10 00:00:00+00:00,21.32,18.577,24.063,26.806,29.549,672,0.04520050546696494,0.005815430886298535,2023-07-14 00:00:00+00:00,4.0,TP1+TP2+TP3,9.040101093392989e-05,0.00011657044992227332,0.012877748033315506,0.28490274390243897,2.214409952606636,True,True,True,True
BTCUSDT,LONG,1d,2023-06-26 00:00:00+00:00,30462.67,28355.804,32569.535999999996,34676.401999999995,36783.268,672,0.08429396750448853,0.005829958245298642,2023-07-24 00:00:00+00:00,28.0,MAX_HOLD,0.00016858793500897708,0.00016649089819855957,-0.0013835972384162933,-0.01641395320896028,-0.2373254112981075,False,False,False,True
SOLUSDT,LONG,1d,2023-07-17 00:00:00+00:00,27.41,23.346,31.474,35.538000000000004,39.602000000000004,672,0.03966360520967315,0.005880805967607139,2023-07-24 00:00:00+00:00,7.0,STOP,7.93272104193463e-05,6.756559848413201e-05,-0.0060276987765106186,-0.15197052170740608,-1.0249783464566933,False,False,False,True
BTCUSDT,LONG,1d,2023-07-24 00:00:00+00:00,30083.75,28606.211,31561.289,33038.828,34516.367,672,0.11928024069154389,0.005858352351390473,2023-08-01 00:00:00+00:00,8.0,STOP,0.0002385604813830878,0.00022684377668030683,-0.006323756609453865,-0.05301596117505297,-1.079442858699499,False,False,False,True
ETHUSDT,LONG,1d,2023-07-24 00:00:00+00:00,1888.74,1781.694,1995.786,2102.832,2209.8779999999997,672,0.10336588401402425,0.005858352351390475,2023-08-07 00:00:00+00:00,14.0,EARLY_RISK_OFF,0.0002067317680280485,0.00020033303704394283,-0.0036064302971248216,-0.03488994779588511,-0.6156048801449846,False,False,False,True
SOLUSDT,LONG,1d,2023-07-31 00:00:00+00:00,24.25,20.007,28.493,32.736,36.979,672,0.033275997546552666,0.005822270416083419,2023-08-07 00:00:00+00:00,7.0,EARLY_RISK_OFF,6.655199509310534e-05,6.367036231587808e-05,-0.0015710387460226107,-0.04721237113402082,-0.2698326655668172,False,False,False,True
BTCUSDT,LONG,1d,2023-08-07 00:00:00+00:00,29088.43,27984.588,30192.272,31296.114,32399.956000000002,672,0.1525853240987153,0.00579027776073766,2023-08-15 00:00:00+00:00,8.0,TP1+STOP,0.00030517064819743063,0.0003080657870777994,0.0008343330049091799,0.005467976752268828,0.14409205212340087,True,False,False,True
ETHUSDT,LONG,1d,2023-08-14 00:00:00+00:00,1840.73,1779.635,1901.825,1962.92,2024.015,672,0.17474299858959289,0.005799831316288202,2023-08-17 00:00:00+00:00,3.0,STOP,0.00034948599717918576,0.0003378863345466094,-0.006487203648014003,-0.03712425505098525,-1.118515917832884,False,False,False,True
SOLUSDT,LONG,1d,2023-08-14 00:00:00+00:00,24.22,21.983,26.456999999999997,28.694,30.930999999999997,672,0.06279477625413514,0.005799831316288201,2023-08-17 00:00:00+00:00,3.0,STOP,0.0001255895525082703,0.0001139898898756939,-0.006039410758672162,-0.09617696118909981,-1.0413080017881087,False,False,False,True
BTCUSDT,LONG,1d,2023-10-23 00:00:00+00:00,29992.46,28442.195,31542.725,33092.99,34643.255000000005,672,0.11089153965067662,0.005731816353728775,2023-10-23 00:00:00+00:00,0.0,TP1+TP2+TP3,0.00022178307930135325,0.00024757625289313276,0.012427227463695269,0.11206650663200024,2.168113333849376,True,True,True,True
SOLUSDT,LONG,1d,2023-10-23 00:00:00+00:00,29.06,26.104,32.016,34.972,37.928,672,0.05634864114998587,0.005731816353728775,2023-10-31 00:00:00+00:00,8.0,TP1+TP2+TP3,0.00011269728229997174,0.00013849045589175123,0.01264539905769802,0.2244135581555402,2.206176589986468,True,True,True,True
SOLUSDT,LONG,1d,2023-11-06 00:00:00+00:00,41.16,34.893,47.42699999999999,53.693999999999996,59.961,672,0.03850268592691837,0.005862398753741431,2023-11-11 00:00:00+00:00,5.0,TP1+TP2+TP3,7.700537185383674e-05,0.0001033861662456732,0.013010005657818714,0.33789865160349847,2.2192290569650557,True,True,True,True
SOLUSDT,LONG,1d,2023-11-13 00:00:00+00:00,56.27,47.06400000000001,65.476,74.682,83.888,672,0.036584663714534664,0.005985399220828256,2023-11-17 00:00:00+00:00,4.0,TP1+STOP,7.316932742906934e-05,7.616202703948345e-05,0.001347018450738506,0.03681921094721861,0.2250507277862255,True,False,False,True
BTCUSDT,LONG,1d,2023-10-30 00:00:00+00:00,34525.88,32198.010999999995,36853.748999999996,39181.618,41509.487,672,0.08643541863412338,0.005827811819435113,2023-11-27 00:00:00+00:00,28.0,TP1+MAX_HOLD,0.00017287083726824675,0.00018675584078458595,0.006582875080116762,0.07615946314764471,1.129562052460856,True,False,False,True
ETHUSDT,LONG,1d,2023-11-06 00:00:00+00:00,1891.71,1766.9099999999999,2016.5100000000002,2141.3100000000004,2266.11,672,0.08886184572468098,0.005862398753741431,2023-12-04 00:00:00+00:00,28.0,TP1+TP2+MAX_HOLD,0.00017772369144936195,0.0002006683122127033,0.011093918378008603,0.1248445639130734,1.89238549679487,True,True,False,True
ETHUSDT,LONG,1d,2023-12-04 00:00:00+00:00,2192.96,2029.9250000000002,2355.995,2519.0299999999997,2682.0649999999996,672,0.08137122500003102,0.006049521043648788,2023-12-11 00:00:00+00:00,7.0,TP1+STOP,0.00016274245000006204,0.00016576721052188645,0.0011838706003902376,0.014549007961841378,0.19569658355567637,True,False,False,True
SOLUSDT,LONG,1d,2023-11-20 00:00:00+00:00,61.1,48.18599999999999,74.01400000000001,86.92800000000001,99.84200000000001,672,0.028336029794599298,0.005989058735964903,2023-12-18 00:00:00+00:00,28.0,TP1+MAX_HOLD,5.6672059589198595e-05,6.644914928035641e-05,0.00476542363670935,0.16817541734860877,0.795688245315161,True,False,False,True
SOLUSDT,LONG,1d,2023-12-18 00:00:00+00:00,70.85,59.29299999999999,82.407,93.964,105.52099999999999,672,0.037338931812173425,0.006090699152481135,2023-12-23 00:00:00+00:00,5.0,TP1+TP2+TP3,7.467786362434684e-05,0.00010208600981051195,0.013527309219647685,0.3622843119266054,2.220978065241843,True,True,True,True
BTCUSDT,LONG,1d,2023-11-27 00:00:00+00:00,37447.42,34830.702,40064.138,42680.856,45297.574,672,0.08571717822320436,0.00598966986686578,2023-12-25 00:00:00+00:00,28.0,TP1+TP2+MAX_HOLD,0.00017143435644640872,0.00019310926537718432,0.010472910843564196,0.12217983676846109,1.7484955058206515,True,True,False,True
BNBUSDT,LONG,1d,2023-12-25 00:00:00+00:00,264.4,244.76999999999998,284.03,303.65999999999997,323.28999999999996,672,0.08320964489185104,0.0061777811241567155,2023-12-27 00:00:00+00:00,2.0,TP1+TP2+TP3,0.0001664192897837021,0.00019421930484240726,0.013539368934726483,0.16271393721633864,2.191623280692814,True,True,True,True
ETHUSDT,LONG,1d,2023-12-18 00:00:00+00:00,2196.53,2016.6390000000004,2376.4210000000003,2556.312,2736.203,672,0.0743694982483804,0.006090699152481135,2024-01-03 00:00:00+00:00,16.0,TP1+STOP,0.00014873899649676082,0.0001517843460730014,0.0012221514455505265,0.01643350398127961,0.2006586460690092,True,False,False,True
SOLUSDT,LONG,1d,2023-12-25 00:00:00+00:00,112.45,96.10900000000001,128.791,145.132,161.473,672,0.04251217718691774,0.006177781124156715,2024-01-03 00:00:00+00:00,9.0,STOP,8.502435437383548e-05,7.266879212552207e-05,-0.006335474270656071,-0.14902728323699413,-1.0255258552108193,False,False,False,True
BTCUSDT,LONG,1d,2023-12-25 00:00:00+00:00,42991.5,39805.859,46177.141,49362.782,52548.422999999995,672,0.08337162825289578,0.0061777811241567155,2024-01-12 00:00:00+00:00,18.0,TP1+STOP,0.00016674325650579155,0.00016983214706786995,0.0012078698774655255,0.014487780828768594,0.19551839943672383,True,False,False,True
ETHUSDT,LONG,1d,2024-01-08 00:00:00+00:00,2221.42,2020.72,2422.12,2622.82,2823.5200000000004,672,0.06869560277258605,0.00620648390509585,2024-01-19 00:00:00+00:00,11.0,TP1+TP2+STOP,0.00013739120554517208,0.0001529074153079117,0.007467806260516734,0.10870865032276662,1.2032265570503247,True,True,False,True
ETHUSDT,LONG,1d,2024-01-22 00:00:00+00:00,2457.06,2213.693,2700.4269999999997,2943.794,3187.1609999999996,672,0.06319808371907173,0.006259646911536273,2024-01-23 00:00:00+00:00,1.0,STOP,0.00012639616743814348,0.00011387687361507093,-0.006499919952589482,-0.10284995319609595,-1.0383844399610456,False,False,False,True
BNBUSDT,LONG,1d,2024-01-01 00:00:00+00:00,311.9,283.53999999999996,340.26,368.62,396.98,672,0.06844963557880279,0.006223891199149882,2024-01-29 00:00:00+00:00,28.0,MAX_HOLD,0.0001368992711576056,0.0001340023965515133,-0.0017193389707552682,-0.025118307149727268,-0.27624823695345313,False,False,False,True
SOLUSDT,LONG,1d,2024-01-08 00:00:00+00:00,89.44,65.848,113.032,136.624,160.216,672,0.02352949815495815,0.006206483905095848,2024-02-05 00:00:00+00:00,28.0,MAX_HOLD,4.70589963099163e-05,5.023695178522818e-05,0.0014916817895607927,0.06339624329159203,0.24034248897931468,False,False,False,True
BTCUSDT,LONG,1d,2024-01-15 00:00:00+00:00,41732.35,37292.267,46172.433,50612.516,55052.599,672,0.05872510619207508,0.006248014925510479,2024-02-12 00:00:00+00:00,28.0,TP1+MAX_HOLD,0.00011745021238415015,0.00013443706043756403,0.008241536753885233,0.1403409425421767,1.31906483133311,True,False,False,True
ETHUSDT,LONG,1d,2024-01-29 00:00:00+00:00,2256.9,2030.1720000000003,2483.6279999999997,2710.3559999999998,2937.0839999999994,672,0.06192920617593343,0.006221403277884277,2024-02-19 00:00:00+00:00,21.0,TP1+TP2+TP3,0.00012385841235186686,0.0001518547271023461,0.01372244423578541,0.22158275687890455,2.205683126918599,True,True,True,True
BNBUSDT,LONG,1d,2024-01-29 00:00:00+00:00,305.3,280.92,329.68,354.06,378.44000000000005,672,0.07790789256513823,0.006221403277884277,2024-02-21 00:00:00+00:00,23.0,TP1+TP2+TP3,0.00015581578513027648,0.00018381209988075573,0.01365852949022859,0.17531637733377,2.195409762100082,True,True,True,True
BTCUSDT,LONG,1d,2024-02-12 00:00:00+00:00,48300.0,45677.879,50922.121,53544.242000000006,56166.363000000005,672,0.11681749975699877,0.006341814063774769,2024-02-27 00:00:00+00:00,15.0,TP1+TP2+TP3,0.00023363499951399756,0.00026217316280098405,0.013773273481178292,0.11790419680124259,2.1718191896941517,True,True,True,True
SOLUSDT,LONG,1d,2024-02-05 00:00:00+00:00,95.48,83.31500000000001,107.645,119.81,131.975,672,0.04887188699344309,0.006226712455752353,2024-02-29 00:00:00+00:00,24.0,TP1+TP2+TP3,9.774377398688618e-05,0.00012576398003777176,0.013786595271418144,0.2820966432760787,2.214105014385533,True,True,True,True
ETHUSDT,LONG,1d,2024-02-26 00:00:00+00:00,3112.6,2890.207,3334.993,3557.386,3779.7789999999995,672,0.09037352661260911,0.00645712256761485,2024-03-05 00:00:00+00:00,8.0,TP1+TP2+STOP,0.00018074705322521821,0.00019688985964425536,0.007693766296649092,0.0851329652059372,1.1915162235322159,True,True,False,True
BNBUSDT,LONG,1d,2024-02-26 00:00:00+00:00,388.5,361.94,415.06,441.62,468.18000000000006,672,0.09445000442463741,0.006457122567614852,2024-03-05 00:00:00+00:00,8.0,TP1+STOP,0.00018890000884927484,0.00019212857013308225,0.001233252062921366,0.013057194337194447,0.19099096385542327,True,False,False,True
BTCUSDT,LONG,1d,2024-03-04 00:00:00+00:00,63113.97,58938.305,67289.63500000001,71465.3,75640.965,672,0.09995712931012964,0.0066132345400040995,2024-03-05 00:00:00+00:00,1.0,TP1+STOP,0.00019991425862025928,0.00020322087589026133,0.0012501735004905037,0.0125070968836218,0.18904115572010677,True,False,False,True
SOLUSDT,LONG,1d,2024-03-04 00:00:00+00:00,130.16,114.865,145.45499999999998,160.75,176.04500000000002,672,0.05627843136495152,0.0066132345400040995,2024-03-05 00:00:00+00:00,1.0,STOP,0.00011255686272990303,9.933039364989484e-05,-0.0068251217963838946,-0.12127420098340501,-1.0320398823144814,False,False,False,True
BNBUSDT,LONG,1d,2024-03-11 00:00:00+00:00,528.9,477.63,580.17,631.4399999999999,682.71,672,0.06758654045957607,0.006551639117720674,2024-03-14 00:00:00+00:00,3.0,TP1+TP2+STOP,0.00013517308091915214,0.00015155217871345384,0.007902823637518232,0.11692895632444687,1.2062361029842006,True,True,False,True
ETHUSDT,LONG,1d,2024-03-11 00:00:00+00:00,3878.47,3502.706,4254.2339999999995,4629.998,5005.762,672,0.06762312453802417,0.0065516391177206715,2024-03-16 00:00:00+00:00,5.0,STOP,0.00013524624907604836,0.000122142970840607,-0.006809028337637335,-0.10069082705293585,-1.0392862328482784,False,False,False,True
SOLUSDT,LONG,1d,2024-03-11 00:00:00+00:00,144.39,123.24799999999999,165.53199999999998,186.67399999999998,207.81599999999997,672,0.04474463968440488,0.006551639117720672,2024-03-18 00:00:00+00:00,7.0,TP1+TP2+TP3,8.948927936880977e-05,0.00011897165539855278,0.01453272708010415,0.3247925825888219,2.218181865481033,True,True,True,True
BTCUSDT,LONG,1d,2024-03-11 00:00:00+00:00,68955.88,62889.53600000001,75022.224,81088.568,87154.91200000001,672,0.07447220942380663,0.006551639117720672,2024-03-19 00:00:00+00:00,8.0,STOP,0.00014894441884761325,0.0001358411406121719,-0.006836424677180464,-0.0917983329630483,-1.0434678336737921,False,False,False,True
ETHUSDT,LONG,1d,2024-03-18 00:00:00+00:00,3644.7,3160.319,4129.081,4613.4619999999995,5097.843,672,0.0498245671079177,0.0066216900266963755,2024-03-19 00:00:00+00:00,1.0,STOP,9.964913421583541e-05,8.640575416244266e-05,-0.006807744915074655,-0.13663430131423712,-1.0280977949176373,False,False,False,True
SOLUSDT,LONG,1d,2024-03-25 00:00:00+00:00,183.87,146.793,220.947,258.024,295.101,672,0.032529654644951646,0.006559536657806451,2024-04-12 00:00:00+00:00,18.0,STOP,6.505930928990329e-05,5.1940235974290395e-05,-0.006676536203070642,-0.20524460760319782,-1.0178365563556917,False,False,False,True
ETHUSDT,LONG,1d,2024-03-25 00:00:00+00:00,3454.99,2902.679,4007.3009999999995,4559.611999999999,5111.923,672,0.041033282982512964,0.00655953665780645,2024-04-13 00:00:00+00:00,19.0,STOP,8.206656596502593e-05,6.894749264941302e-05,-0.006710550716420893,-0.16353921082260733,-1.0230220618455912,False,False,False,True
BNBUSDT,LONG,1d,2024-03-18 00:00:00+00:00,571.7,488.80000000000007,654.6,737.5,820.4,672,0.04566489973778431,0.006621690026696375,2024-04-15 00:00:00+00:00,28.0,MAX_HOLD,9.132979947556861e-05,9.048311775924796e-05,-0.0006051537753951465,-0.013252055273745116,-0.09138962605548959,False,False,False,True
BTCUSDT,LONG,1d,2024-03-25 00:00:00+00:00,67210.0,58304.518,76115.482,85020.964,93926.446,672,0.04950506427065613,0.006559536657806449,2024-04-22 00:00:00+00:00,28.0,MAX_HOLD,9.901012854131227e-05,9.566778171582563e-05,-0.0018658513230004536,-0.03769011010266332,-0.2844486463506412,False,False,False,True
SOLUSDT,LONG,1d,2024-04-15 00:00:00+00:00,151.26,122.52999999999999,179.98999999999998,208.72,237.45,672,0.03414481536084101,0.006485393000905477,2024-04-30 00:00:00+00:00,15.0,STOP,6.828963072168203e-05,5.531884471987107e-05,-0.006609001476347031,-0.19355797963770996,-1.0190595196658547,False,False,False,True
BTCUSDT,LONG,1d,2024-04-22 00:00:00+00:00,64941.15,57614.079000000005,72268.221,79595.292,86922.363,672,0.05747187997706683,0.006484340746898489,2024-05-01 00:00:00+00:00,9.0,STOP,0.00011494375995413365,0.00010197507846033668,-0.006701259585312959,-0.11660066780461997,-1.0334527204663364,False,False,False,True
ETHUSDT,LONG,1d,2024-04-15 00:00:00+00:00,3155.11,2739.576,3570.6440000000002,3986.178,4401.7119999999995,672,0.04924297003635534,0.006485393000905479,2024-05-13 00:00:00+00:00,28.0,MAX_HOLD,9.848594007271068e-05,9.143733950797006e-05,-0.0037142235619509897,-0.07542647324498979,-0.5727060120230827,False,False,False,True
BNBUSDT,LONG,1d,2024-04-15 00:00:00+00:00,566.4,503.9,628.9,691.4,753.9000000000001,672,0.05877322553140579,0.006485393000905477,2024-05-13 00:00:00+00:00,28.0,MAX_HOLD,0.00011754645106281159,0.00012344037622203448,0.0027059757523265997,0.04604096045197735,0.41724159999999955,False,False,False,True
ETHUSDT,LONG,1d,2024-05-13 00:00:00+00:00,2929.3,2650.2250000000004,3208.375,3487.45,3766.5249999999996,672,0.06709769611650962,0.00639241100048302,2024-05-21 00:00:00+00:00,8.0,TP1+TP2+TP3,0.00013419539223301924,0.00016296124173519283,0.014085768117118586,0.20992923650701523,2.2035141539012817,True,True,True,True
BTCUSDT,LONG,1d,2024-05-06 00:00:00+00:00,64012.0,58147.021,69876.979,75741.958,81606.937,672,0.07014006008739394,0.0064264509696823026,2024-06-03 00:00:00+00:00,28.0,TP1+MAX_HOLD,0.00014028012017478788,0.00014966279355249076,0.004401393775124154,0.06275149707086154,0.6848871633640956,True,False,False,True
SOLUSDT,LONG,1d,2024-05-06 00:00:00+00:00,145.74,123.09400000000001,168.386,191.032,213.678,672,0.04135789827437511,0.006426450969682302,2024-06-03 00:00:00+00:00,28.0,TP1+MAX_HOLD,8.271579654875023e-05,9.333564440878821e-05,0.00513387248906146,0.12413281871826523,0.7988658924313334,True,False,False,True
BNBUSDT,LONG,1d,2024-05-13 00:00:00+00:00,594.8,552.1,637.4999999999999,680.1999999999999,722.8999999999999,672,0.08904463847979638,0.006392411000483019,2024-06-03 00:00:00+00:00,21.0,EARLY_RISK_OFF,0.00017808927695959277,0.0001804845597700782,0.0008390675685130626,0.009422999327505174,0.1312599531615945,False,False,False,True
ETHUSDT,LONG,1d,2024-05-27 00:00:00+00:00,3826.47,3487.163,4165.777,4505.083999999999,4844.391,672,0.07371132061405973,0.006536250660163218,2024-06-03 00:00:00+00:00,7.0,EARLY_RISK_OFF,0.00014742264122811946,0.00014566773362190778,-0.001170544177955867,-0.015880114047673116,-0.17908495845944764,False,False,False,True
ETHUSDT,LONG,1d,2024-07-22 00:00:00+00:00,3535.93,3225.942,3845.9179999999997,4155.906,4465.893999999999,672,0.07445263718962257,0.006527115666072775,2024-07-25 00:00:00+00:00,3.0,STOP,0.00014890527437924514,0.0001358510430470996,-0.006811871983499126,-0.0914926890521023,-1.0436266694194622,False,False,False,True
BTCUSDT,LONG,1d,2024-07-22 00:00:00+00:00,68165.35,62761.266,73569.43400000001,78973.51800000001,84377.60200000001,672,0.08233090452856277,0.006527115666072774,2024-08-01 00:00:00+00:00,10.0,STOP,0.00016466180905712555,0.00015160757772498,-0.006843385052854883,-0.08312048910480185,-1.048454693154289,False,False,False,True
SOLUSDT,LONG,1d,2024-07-22 00:00:00+00:00,184.49,162.85500000000002,206.125,227.76000000000002,249.39500000000004,672,0.055659235924833225,0.006527115666072775,2024-08-01 00:00:00+00:00,10.0,STOP,0.00011131847184966646,9.82642405175209e-05,-0.006736698378439963,-0.12103469022711254,-1.032109544719205,False,False,False,True
ETHUSDT,LONG,1d,2024-07-29 00:00:00+00:00,3270.16,2988.647,3551.673,3833.1859999999997,4114.699,672,0.07542302377343046,0.006492820440446255,2024-08-02 00:00:00+00:00,4.0,STOP,0.00015084604754686092,0.00013786040666596844,-0.006781526894659075,-0.08991321953665861,-1.0444654918245324,False,False,False,True
BTCUSDT,LONG,1d,2024-09-30 00:00:00+00:00,65602.01,61779.789,69424.23099999999,73246.45199999999,77068.67299999998,672,0.10969505214530119,0.00639124825452551,2024-10-01 00:00:00+00:00,1.0,STOP,0.00021939010429060238,0.00020660760778155136,-0.006817245966597661,-0.06214725125038084,-1.0666532882321558,False,False,False,True
BNBUSDT,LONG,1d,2024-09-30 00:00:00+00:00,595.6,553.38,637.82,680.0400000000001,722.2600000000001,672,0.09016171152049716,0.006391248254525508,2024-10-01 00:00:00+00:00,1.0,STOP,0.00018032342304099433,0.0001675409265319433,-0.00673911260409845,-0.07474472800537282,-1.0544282330648989,False,False,False,True
BTCUSDT,LONG,1d,2024-10-21 00:00:00+00:00,69032.0,65063.499,73000.501,76969.002,80937.503,672,0.1099965797620169,0.0063234664616720285,2024-11-01 00:00:00+00:00,11.0,TP1+STOP,0.00021999315952403383,0.00022315489275486985,0.0011377185631391152,0.010343217630953855,0.17992007548946243,True,False,False,True
BNBUSDT,LONG,1d,2024-10-28 00:00:00+00:00,589.3,552.89,625.7099999999999,662.1199999999999,698.5299999999999,672,0.10219794493872318,0.0063143172835888476,2024-11-03 00:00:00+00:00,6.0,STOP,0.00020439588987744637,0.00019176725531026866,-0.006710480428776562,-0.0656615985067028,-1.0627404559187035,False,False,False,True
BTCUSDT,LONG,1d,2024-11-04 00:00:00+00:00,68775.99,64707.69900000001,72844.281,76912.57200000001,80980.86300000001,672,0.10642953148178777,0.006295602652343842,2024-11-10 00:00:00+00:00,6.0,TP1+TP2+TP3,0.00021285906296357555,0.00024118927489912283,0.013711057629910954,0.12882756730219366,2.177878495048659,True,True,True,True
SOLUSDT,LONG,1d,2024-11-04 00:00:00+00:00,162.52,144.586,180.454,198.38800000000003,216.32200000000003,672,0.05705148561720315,0.00629560265234384,2024-11-11 00:00:00+00:00,7.0,TP1+TP2+TP3,0.0001141029712344063,0.0001424331831699536,0.013908569813369295,0.243789792025597,2.2092515334002476,True,True,True,True
ETHUSDT,LONG,1d,2024-11-11 00:00:00+00:00,3183.2,2916.977,3449.423,3715.6459999999997,3981.8689999999997,672,0.07686600859339059,0.006428593681125351,2024-11-18 00:00:00+00:00,7.0,EARLY_RISK_OFF,0.00015373201718678117,0.0001485543313478157,-0.0028911292680173345,-0.0376125848203068,-0.44972966272636333,False,False,False,True
BTCUSDT,LONG,1d,2024-11-11 00:00:00+00:00,80370.01,75244.324,85495.696,90621.382,95747.068,672,0.10079941269090248,0.006428593681125352,2024-11-21 00:00:00+00:00,10.0,TP1+TP2+TP3,0.00020159882538180497,0.00023052749694686908,0.014032209460203376,0.13920923828428056,2.1827805825405626,True,True,True,True
BNBUSDT,LONG,1d,2024-11-11 00:00:00+00:00,627.34,584.3960000000001,670.284,713.2280000000001,756.172,672,0.09391099943920411,0.006428593681125351,2024-11-25 00:00:00+00:00,14.0,TP1+STOP,0.00018782199887840823,0.0001910362957189709,0.0012282901256839632,0.013079299901170053,0.19106669150521674,True,False,False,True
SOLUSDT,LONG,1d,2024-11-18 00:00:00+00:00,237.47,210.09799999999998,264.842,292.214,319.586,672,0.05608204160738979,0.0064643013554447895,2024-12-09 00:00:00+00:00,21.0,STOP,0.00011216408321477958,9.923548050389001e-05,-0.0066757009191634594,-0.11903455594390877,-1.0327026158117785,False,False,False,True
ETHUSDT,LONG,1d,2024-12-09 00:00:00+00:00,4004.15,3614.9880000000003,4393.312,4782.474,5171.6359999999995,672,0.0669518970328241,0.006507032492061455,2024-12-09 00:00:00+00:00,0.0,STOP,0.0001339037940656482,0.00012088972908152528,-0.006761826015208635,-0.10099528639037002,-1.0391566391374296,False,False,False,True
BNBUSDT,LONG,1d,2024-12-09 00:00:00+00:00,742.0,660.7090000000001,823.2909999999999,904.582,985.873,672,0.059394251628219645,0.006507032492061454,2024-12-09 00:00:00+00:00,0.0,STOP,0.00011878850325643929,0.00010577443827231638,-0.006731595433590213,-0.1133374905660377,-1.0345108068543878,False,False,False,True
BTCUSDT,LONG,1d,2024-11-25 00:00:00+00:00,97900.05,90074.12700000001,105725.973,113551.89600000001,121377.819,672,0.08171169350862956,0.006531860010266944,2024-12-19 00:00:00+00:00,24.0,TP1+STOP,0.0001634233870172591,0.00016668931702239258,0.0013028522985270735,0.015944502464503192,0.19946114835272297,True,False,False,True
ETHUSDT,LONG,1d,2024-12-16 00:00:00+00:00,3959.09,3548.987,4369.193,4779.296,5189.398999999999,672,0.06199032010977625,0.006421277679461586,2024-12-19 00:00:00+00:00,3.0,STOP,0.00012398064021955252,0.00011113808486062933,-0.006656396404541769,-0.10737799696394881,-1.0366155673087007,False,False,False,True
SOLUSDT,LONG,1d,2024-12-16 00:00:00+00:00,224.26,194.73899999999998,253.781,283.302,312.823,672,0.04878004581132261,0.006421277679461587,2024-12-19 00:00:00+00:00,3.0,STOP,9.756009162264522e-05,8.471753626372204e-05,-0.0066035553073479514,-0.13537411040756267,-1.028386504522204,False,False,False,True
BNBUSDT,LONG,1d,2024-12-16 00:00:00+00:00,718.87,630.501,807.239,895.6080000000001,983.9770000000001,672,0.05223623539289286,0.006421277679461587,2024-12-20 00:00:00+00:00,4.0,STOP,0.00010447247078578573,9.162991542686255e-05,-0.006617380065674235,-0.12668179503943694,-1.0305394651970714,False,False,False,True
ETHUSDT,LONG,1d,2025-01-06 00:00:00+00:00,3636.0,3269.108,4002.892,4369.784,4736.6759999999995,672,0.06304038002065916,0.00636111416571498,2025-01-08 00:00:00+00:00,2.0,STOP,0.00012608076004131833,0.00011335853170988835,-0.0066005534574661885,-0.10470357975797577,-1.0376410932917592,False,False,False,True
SOLUSDT,LONG,1d,2024-12-23 00:00:00+00:00,180.53,146.087,214.973,249.416,283.859,672,0.03303049395957209,0.0063018296319145945,2025-01-13 00:00:00+00:00,21.0,TP1+STOP,6.606098791914418e-05,6.921190273510147e-05,0.0014401845173244005,0.04360166454328914,0.2285343466016313,True,False,False,True
BTCUSDT,LONG,1d,2024-12-23 00:00:00+00:00,95186.28,85819.128,104553.432,113920.584,123287.73599999999,672,0.06403736374254623,0.006301829631914595,2025-01-20 00:00:00+00:00,28.0,TP1+MAX_HOLD,0.00012807472748509248,0.00013742708495171485,0.004410676920874378,0.0688766161362751,0.6999041831497982,True,False,False,True
BNBUSDT,LONG,1d,2024-12-23 00:00:00+00:00,649.77,554.3679999999999,745.172,840.5740000000001,935.976,672,0.04292090144786424,0.006301829631914595,2025-01-20 00:00:00+00:00,28.0,TP1+MAX_HOLD,8.584180289572849e-05,9.230507224190905e-05,0.003053487797952639,0.0711422103205752,0.4845398838598785,True,False,False,True
BTCUSDT,LONG,1d,2025-01-20 00:00:00+00:00,101331.57,93823.29400000001,108839.846,116348.12200000002,123856.39800000002,672,0.08520484951412227,0.00631334861080802,2025-01-21 00:00:00+00:00,1.0,TP1+STOP,0.00017040969902824455,0.00017356637333364855,0.0012343610803401165,0.014486981520171895,0.19551606547228753,True,False,False,True
BNBUSDT,LONG,1d,2025-01-20 00:00:00+00:00,683.2,637.815,728.585,773.9700000000001,819.3550000000001,672,0.09503756243040742,0.00631334861080802,2025-01-27 00:00:00+00:00,7.0,STOP,0.00019007512486081486,0.0001774484276391988,-0.006680872163308039,-0.07029717505854804,-1.0582137270023144,False,False,False,True
SOLUSDT,LONG,1d,2025-01-20 00:00:00+00:00,252.4,218.278,286.522,320.644,354.766,672,0.046699759374243706,0.00631334861080802,2025-02-01 00:00:00+00:00,12.0,STOP,9.339951874848741e-05,8.077282152687136e-05,-0.0064875209510833875,-0.13891979397781323,-1.0275879491237339,False,False,False,True
BTCUSDT,LONG,1d,2025-01-27 00:00:00+00:00,102620.01,93697.204,111542.81599999999,120465.622,129388.428,672,0.07241024070779363,0.006296067699164568,2025-02-03 00:00:00+00:00,7.0,STOP,0.00014482048141558726,0.0001322283460172581,-0.006573116526597418,-0.0907760623683432,-1.0440034702088117,False,False,False,True
BNBUSDT,LONG,1d,2025-02-03 00:00:00+00:00,617.8,567.5569999999999,668.043,718.286,768.529,672,0.07667441444827744,0.006235598260156697,2025-02-03 00:00:00+00:00,0.0,STOP,0.0001533488288965549,0.0001408776323762415,-0.006529824721429498,-0.08516302039494997,-1.0471849610891077,False,False,False,True
SOLUSDT,LONG,1d,2025-02-03 00:00:00+00:00,203.52,155.382,251.65800000000002,299.796,347.93399999999997,672,0.026363142588123542,0.006235598260156698,2025-02-10 00:00:00+00:00,7.0,EARLY_RISK_OFF,5.272628517624709e-05,5.193611629953936e-05,-0.0004997468398296461,-0.01895626965408818,-0.08014416884789619,False,False,False,True
BTCUSDT,LONG,1d,2025-02-10 00:00:00+00:00,96462.75,88081.834,104843.666,113224.58200000001,121605.49800000002,672,0.07119582841094263,0.006185665010198481,2025-02-25 00:00:00+00:00,15.0,STOP,0.00014239165682188525,0.0001300203268014883,-0.006458076993821843,-0.0907086431601834,-1.0440392396248792,False,False,False,True
BNBUSDT,LONG,1d,2025-02-17 00:00:00+00:00,673.1,592.017,754.183,835.2660000000001,916.349,672,0.05133302729665216,0.006183681254337312,2025-02-25 00:00:00+00:00,8.0,STOP,0.00010266605459330432,9.02986920846297e-05,-0.006376646001015244,-0.1242211172188381,-1.0312054808036206,False,False,False,True
BNBUSDT,LONG,1d,2025-05-12 00:00:00+00:00,651.15,618.103,684.197,717.2439999999999,750.2909999999999,672,0.12061636826339141,0.006121491395224294,2025-05-13 00:00:00+00:00,1.0,TP1+STOP,0.0002412327365267828,0.000244293482224395,0.0010448466300548944,0.008662560853873914,0.17068497896934653,True,False,False,True
BTCUSDT,LONG,1d,2025-05-12 00:00:00+00:00,104118.0,98793.881,109442.119,114766.238,120090.357,672,0.11971134399662411,0.006121491395224295,2025-05-30 00:00:00+00:00,18.0,TP1+STOP,0.00023942268799324824,0.0002424834336908604,0.001048466727121972,0.008758290502122665,0.17127635398457594,True,False,False,True
BNBUSDT,LONG,1d,2025-05-26 00:00:00+00:00,669.45,622.553,716.3470000000001,763.2440000000001,810.1410000000001,672,0.08784664090596073,0.006153923248288662,2025-06-02 00:00:00+00:00,7.0,EARLY_RISK_OFF,0.00017569328181192147,0.0001734152659987502,-0.001488116454396292,-0.016939935768167973,-0.2418158944068925,False,False,False,True
BTCUSDT,LONG,1d,2025-06-02 00:00:00+00:00,105642.93,99846.68599999999,111439.174,117235.41799999999,123031.66199999998,672,0.11162607385601177,0.006124517379738198,2025-06-16 00:00:00+00:00,14.0,EARLY_RISK_OFF,0.00022325214771202353,0.00022314878762399312,-0.0004980809793512164,-0.004462048714475964,-0.08132575164192082,False,False,False,True
BTCUSDT,LONG,1d,2025-06-23 00:00:00+00:00,100963.87,94847.25899999999,107080.481,113197.092,119313.70300000001,672,0.10105326881575173,0.006122026974841441,2025-07-13 00:00:00+00:00,20.0,TP1+TP2+TP3,0.00020210653763150346,0.00022965565901828997,0.01334279849674344,0.1320372774983764,2.179473980035675,True,True,True,True
BNBUSDT,LONG,1d,2025-07-21 00:00:00+00:00,756.82,721.6450000000001,791.995,827.1700000000001,862.345,672,0.1328610810282126,0.006175033066207779,2025-07-24 00:00:00+00:00,3.0,TP1+STOP,0.00026572216205642517,0.00026880967858952903,0.001009226425905974,0.007596102772125331,0.163436602700779,True,False,False,True
BNBUSDT,LONG,1d,2025-07-28 00:00:00+00:00,844.0,787.948,900.052,956.104,1012.156,672,0.0934355096389597,0.006205269178060393,2025-07-30 00:00:00+00:00,2.0,STOP,0.00018687101927791942,0.00017446048092179865,-0.006566600678260108,-0.07027949763033176,-1.0582297866267034,False,False,False,True
BTCUSDT,LONG,1d,2025-07-14 00:00:00+00:00,119086.65,114437.12999999999,123736.17,128385.68999999999,133035.21,672,0.15851021815510244,0.006188740967325159,2025-08-01 00:00:00+00:00,18.0,STOP,0.00031702043631020487,0.0003046429543755546,-0.006810404358010884,-0.04296508097255216,-1.1004507045888552,False,False,False,True
ETHUSDT,LONG,1d,2025-07-21 00:00:00+00:00,3756.69,3450.423,4062.9570000000003,4369.224,4675.491000000001,672,0.07574333822936224,0.006175033066207781,2025-08-01 00:00:00+00:00,11.0,STOP,0.0001514866764587245,0.00013913661032630896,-0.006465656352992811,-0.08536270653154776,-1.0470642478621588,False,False,False,True
ETHUSDT,LONG,1d,2025-08-04 00:00:00+00:00,3496.75,3105.59,3887.91,4279.07,4670.23,672,0.05448205570342993,0.0060945737925083695,2025-08-13 00:00:00+00:00,9.0,TP1+TP2+TP3,0.00010896411140685986,0.00013638969347314753,0.013467437228263837,0.24719032816186473,2.209742253809185,True,True,True,True
BTCUSDT,LONG,1d,2025-08-04 00:00:00+00:00,114208.81,108504.304,119913.31599999999,125617.822,131322.328,672,0.12201828174070961,0.006094573792508368,2025-08-19 00:00:00+00:00,15.0,TP1+STOP,0.00024403656348141923,0.0002470838503776734,0.0010325230342679828,0.008462035520727192,0.16941677456382445,True,False,False,True
ETHUSDT,LONG,1d,2025-08-18 00:00:00+00:00,4472.34,4026.51,4918.17,5364.0,5809.83,672,0.06239887752579472,0.00622029889662348,2025-08-25 00:00:00+00:00,7.0,TP1+STOP,0.00012479775505158945,0.00012790790449990119,0.0013023690646043723,0.020871674559626387,0.20937403270304708,True,False,False,True
SOLUSDT,LONG,1d,2025-08-18 00:00:00+00:00,191.0,169.20499999999998,212.79500000000002,234.59,256.385,672,0.05451145167492928,0.006220298896623479,2025-08-26 00:00:00+00:00,8.0,TP1+STOP_GAP,0.00010902290334985857,0.00011050199025198065,0.0005200185574592028,0.009539620418848026,0.08360025235145546,True,False,False,True
BNBUSDT,LONG,1d,2025-08-04 00:00:00+00:00,751.21,678.3760000000001,824.044,896.8779999999999,969.712,672,0.06285944447195287,0.006094573792508369,2025-09-01 00:00:00+00:00,28.0,TP1+TP2+MAX_HOLD,0.00012571888894390574,0.00014376822938405522,0.008755183101746774,0.13928190386176945,1.4365537935579524,True,True,False,True
BNBUSDT,LONG,1d,2025-09-01 00:00:00+00:00,857.66,790.254,925.0659999999999,992.472,1059.878,672,0.07879328985464364,0.0061925943799898625,2025-09-21 00:00:00+00:00,20.0,TP1+TP2+TP3,0.00015758657970928728,0.00018545325441924167,0.01359029752084868,0.17248039199682869,2.1946048274634333,True,True,True,True
BTCUSDT,LONG,1d,2025-08-25 00:00:00+00:00,113493.59,107233.58899999999,119753.591,126013.59199999999,132273.593,672,0.11347692758866178,0.006259081946231066,2025-09-22 00:00:00+00:00,28.0,MAX_HOLD,0.00022695385517732355,0.00023043074464744085,0.0012810601352338765,0.011289168313382109,0.20467221011625714,False,False,False,True
BNBUSDT,LONG,1d,2025-09-22 00:00:00+00:00,1047.8,994.512,1101.088,1154.376,1207.664,672,0.12452215204461847,0.0063328272935232206,2025-09-22 00:00:00+00:00,0.0,STOP,0.00024904430408923694,0.0002363786495021905,-0.006818250247114639,-0.05475531971750328,-1.076651854075963,False,False,False,True
BTCUSDT,LONG,1d,2025-09-22 00:00:00+00:00,115232.29,111103.094,119361.48599999999,123490.68199999999,127619.878,672,0.17672839729748446,0.006332827293523221,2025-09-24 00:00:00+00:00,2.0,STOP,0.0003534567945949689,0.0003407911400079225,-0.007027075228126117,-0.039762003931363324,-1.1096268542350625,False,False,False,True
ETHUSDT,LONG,1d,2025-09-01 00:00:00+00:00,4391.83,3853.2159999999994,4930.444,5469.058000000001,6007.6720000000005,672,0.05049408625819391,0.006192594379989863,2025-09-25 00:00:00+00:00,24.0,STOP,0.00010098817251638783,8.86029837564081e-05,-0.00638218553626266,-0.1263947129101082,-1.0306157879297604,False,False,False,True
SOLUSDT,LONG,1d,2025-09-01 00:00:00+00:00,200.62,171.93800000000002,229.302,257.984,286.666,672,0.043314911251431804,0.006192594379989863,2025-09-25 00:00:00+00:00,24.0,TP1+STOP,8.662982250286362e-05,8.972611969285854e-05,0.0013717926528017455,0.03167021732628853,0.22152147688445745,True,False,False,True
BTCUSDT,LONG,1d,2025-09-29 00:00:00+00:00,112163.96,107814.763,116513.157,120862.354,125211.551,672,0.15989641274466085,0.006200039643926986,2025-10-05 00:00:00+00:00,6.0,TP1+TP2+TP3,0.0003197928254893217,0.00034769300388699315,0.013282603369459418,0.08307005230111357,2.142341683648731,True,True,True,True
BNBUSDT,LONG,1d,2025-09-29 00:00:00+00:00,993.01,915.68,1070.34,1147.67,1225.0,672,0.0796159493963007,0.0062000396439269865,2025-10-06 00:00:00+00:00,7.0,TP1+TP2+TP3,0.00015923189879260143,0.00018713207719027285,0.013603725222852848,0.1708668341708544,2.194135199793095,True,True,True,True
ETHUSDT,LONG,1d,2025-09-29 00:00:00+00:00,4142.16,3810.156,4474.164,4806.168,5138.172,672,0.07735315300866438,0.006200039643926986,2025-10-10 00:00:00+00:00,11.0,TP1+STOP,0.00015470630601732878,0.00015780632583929226,0.0012374972791251281,0.01599801987368912,0.199595059095674,True,False,False,True
SOLUSDT,LONG,1d,2025-09-29 00:00:00+00:00,210.83,187.54700000000003,234.113,257.396,280.679,672,0.05614200739291016,0.0062000396439269865,2025-10-10 00:00:00+00:00,11.0,TP1+STOP,0.00011228401478582033,0.00011538403460778382,0.001322341861588141,0.023553519423231944,0.21327958166902863,True,False,False,True
BTCUSDT,LONG,1d,2025-10-06 00:00:00+00:00,123482.32,118390.258,128574.38200000001,133666.44400000002,138758.50600000002,672,0.15473854995990843,0.006380980614762923,2025-10-10 00:00:00+00:00,4.0,STOP,0.0003094770999198169,0.00029671513869029104,-0.006987172853373017,-0.045154700332808724,-1.0949998558540701,False,False,False,True
SOLUSDT,LONG,1d,2026-08-24 00:00:00+00:00,95.44,88.434,102.446,109.452,116.458,672,0.08599046759534139,0.00631233461832525,2026-08-26 00:00:00+00:00,2.0,TP1+STOP,0.00017198093519068278,0.0001751371024998454,0.0012309656168907833,0.014315140402347016,0.19500956323151572,True,False,False,True
BTCUSDT,LONG,1d,2026-08-24 00:00:00+00:00,77734.0,73994.72,81473.28,85212.56,88951.84,672,0.13122393060185253,0.00631233461832525,2026-08-29 00:00:00+00:00,5.0,TP1+STOP,0.00026244786120370505,0.00026560402851286764,0.0010500317648647474,0.008001831373658943,0.16634602383346644,True,False,False,True
BNBUSDT,LONG,1d,2026-08-24 00:00:00+00:00,702.37,668.171,736.569,770.768,804.967,672,0.12964105575815407,0.006312334618325249,2026-08-31 00:00:00+00:00,7.0,EARLY_RISK_OFF,0.0002592821115163081,0.00025277024960998,-0.0037679833142903584,-0.029064737958625908,-0.5969238866633558,False,False,False,True
ETHUSDT,LONG,1d,2026-08-24 00:00:00+00:00,2463.42,2300.328,2626.512,2789.6040000000003,2952.696,672,0.09534453771782048,0.00631233461832525,2026-08-31 00:00:00+00:00,7.0,END_OF_DATA,0.00019068907543564096,0.00019101651240907333,-0.00021798710112852827,-0.0022863092773461016,-0.034533514825987356,False,False,False,True
BTCUSDT,LONG,1d,2026-08-31 00:00:00+00:00,77682.0,72797.742,82566.258,87450.516,92334.774,672,0.10011831135849422,0.006294941726516006,2026-08-31 00:00:00+00:00,0.0,END_OF_DATA,0.00020023662271698845,0.0002025546731333418,0.0007562339123263277,0.007553402590046455,0.1201335842619265,False,False,False,True
SOLUSDT,LONG,1d,2026-08-31 00:00:00+00:00,101.75,91.24600000000001,112.25399999999999,122.758,133.262,672,0.060977753300933385,0.006294941726516007,2026-08-31 00:00:00+00:00,0.0,END_OF_DATA,0.00012195550660186677,0.00012352564629374338,0.000539588693042698,0.008848943488943509,0.08571782178217849,False,False,False,True
