time,symbol,event,price,fee
2019-04-08 00:00:00+00:00,BNBUSDT,ENTRY,18.9507,8.846868464296386e-05
2019-04-11 00:00:00+00:00,BNBUSDT,INTRADAY_BARRIER,17.5555,7.846868464296386e-05
2019-04-15 00:00:00+00:00,BNBUSDT,ENTRY,19.3734,8.468392359790096e-05
2019-04-18 00:00:00+00:00,BNBUSDT,INTRADAY_BARRIER,21.8888,2.3658063556052026e-05
2019-04-19 00:00:00+00:00,BNBUSDT,INTRADAY_BARRIER,24.3188,2.614514621262881e-05
2019-04-24 00:00:00+00:00,BNBUSDT,INTRADAY_BARRIER,22.9703,4.731612711210405e-05
2019-04-29 00:00:00+00:00,BNBUSDT,ENTRY,23.0166,6.977764375771825e-05
2019-05-08 00:00:00+00:00,BNBUSDT,INTRADAY_BARRIER,20.6673,5.976895409760148e-05
2019-05-13 00:00:00+00:00,BTCUSDT,ENTRY,6968.24,0.00011988908718205025
2019-05-13 00:00:00+00:00,BNBUSDT,ENTRY,20.9026,6.294003686263622e-05
2019-05-13 00:00:00+00:00,BTCUSDT,INTRADAY_BARRIER,7790.71,3.246160948197198e-05
2019-05-14 00:00:00+00:00,BTCUSDT,INTRADAY_BARRIER,7947.56,3.495094716843138e-05
2019-05-14 00:00:00+00:00,BNBUSDT,INTRADAY_BARRIER,23.6553,1.822434690211846e-05
2019-05-15 00:00:00+00:00,BNBUSDT,INTRADAY_BARRIER,26.8116,2.0713684588577873e-05
2019-05-17 00:00:00+00:00,BTCUSDT,INTRADAY_BARRIER,7355.26,6.492321896394396e-05
2019-05-17 00:00:00+00:00,BNBUSDT,INTRADAY_BARRIER,25.7795,3.644869380423692e-05
2019-05-20 00:00:00+00:00,BTCUSDT,ENTRY,8147.94,8.580306876162013e-05
2019-05-20 00:00:00+00:00,ETHUSDT,ENTRY,259.37,6.971351020096316e-05
2019-05-20 00:00:00+00:00,BNBUSDT,ENTRY,29.1122,6.776427983439505e-05
2019-05-24 00:00:00+00:00,BNBUSDT,INTRADAY_BARRIER,33.9435,1.946054798707653e-05
2019-06-04 00:00:00+00:00,BNBUSDT,INTRADAY_BARRIER,29.2596,5.0823209875796285e-05
2019-06-10 00:00:00+00:00,BNBUSDT,ENTRY,30.1174,6.107526485050608e-05
2019-06-13 00:00:00+00:00,BNBUSDT,INTRADAY_BARRIER,35.251,1.777433499008066e-05
2019-06-14 00:00:00+00:00,BNBUSDT,INTRADAY_BARRIER,32.3803,4.5806448637879554e-05
2019-06-16 00:00:00+00:00,BTCUSDT,INTRADAY_BARRIER,8953.33,2.3970245218882803e-05
2019-06-17 00:00:00+00:00,BTCUSDT,MAX_HOLD,8953.0,7.071065274990841e-05
2019-06-17 00:00:00+00:00,ETHUSDT,MAX_HOLD,267.73,7.196051234184318e-05
2019-06-17 00:00:00+00:00,BTCUSDT,ENTRY,8953.0,0.00010334758874721031
2019-06-17 00:00:00+00:00,ETHUSDT,ENTRY,267.73,8.316900304381913e-05
2019-06-17 00:00:00+00:00,BNBUSDT,ENTRY,32.1956,6.864602467088722e-05
2019-06-21 00:00:00+00:00,BTCUSDT,INTRADAY_BARRIER,10159.86,2.83751003452842e-05
2019-06-21 00:00:00+00:00,BNBUSDT,INTRADAY_BARRIER,38.6766,1.969970932620343e-05
2019-06-22 00:00:00+00:00,BTCUSDT,INTRADAY_BARRIER,10729.5,3.091330350376583e-05
2019-06-22 00:00:00+00:00,ETHUSDT,INTRADAY_BARRIER,310.79,2.3330453919436407e-05
2019-06-25 00:00:00+00:00,BTCUSDT,INTRADAY_BARRIER,11820.86,6.69030133244949e-05
2019-06-26 00:00:00+00:00,ETHUSDT,INTRADAY_BARRIER,339.39,8.268237755071734e-05
2019-06-30 00:00:00+00:00,BNBUSDT,INTRADAY_BARRIER,32.114,5.1484518503165415e-05
2019-07-01 00:00:00+00:00,BTCUSDT,ENTRY,10854.1,6.548678486242056e-05
2019-07-01 00:00:00+00:00,ETHUSDT,ENTRY,292.89,7.470281641905135e-05
2019-07-01 00:00:00+00:00,BNBUSDT,ENTRY,32.1141,7.046270371426583e-05
2019-07-09 00:00:00+00:00,BTCUSDT,INTRADAY_BARRIER,12543.41,1.8968785321368362e-05
2019-07-13 00:00:00+00:00,BTCUSDT,INTRADAY_BARRIER,11355.76,4.911508864681542e-05
2019-07-14 00:00:00+00:00,ETHUSDT,INTRADAY_BARRIER,225.85,6.431445999599844e-05
2019-07-15 00:00:00+00:00,BTCUSDT,ENTRY,10174.18,4.3943006096578594e-05
2019-07-15 00:00:00+00:00,ETHUSDT,ENTRY,225.83,4.544914554394514e-05
2019-07-15 00:00:00+00:00,BNBUSDT,INTRADAY_BARRIER,28.647,6.007434729121294e-05
2019-07-22 00:00:00+00:00,BNBUSDT,ENTRY,30.4389,6.425981418623262e-05
2019-08-12 00:00:00+00:00,BTCUSDT,MAX_HOLD,11539.08,4.98381061460391e-05
2019-08-12 00:00:00+00:00,ETHUSDT,MAX_HOLD,216.41,4.355333475253583e-05
2019-08-12 00:00:00+00:00,BTCUSDT,ENTRY,11539.08,0.00010837570269488671
2019-08-12 00:00:00+00:00,ETHUSDT,ENTRY,216.41,9.63149468015081e-05
2019-08-14 00:00:00+00:00,BTCUSDT,INTRADAY_BARRIER,10050.37,9.80668301253967e-05
2019-08-14 00:00:00+00:00,ETHUSDT,INTRADAY_BARRIER,187.1,8.600607423201809e-05
2019-08-19 00:00:00+00:00,BNBUSDT,MAX_HOLD,27.9033,5.890688800129783e-05
2019-08-19 00:00:00+00:00,BTCUSDT,ENTRY,10306.17,8.802946909911056e-05
2019-09-16 00:00:00+00:00,BTCUSDT,MAX_HOLD,10303.34,8.800529684137072e-05
2019-09-16 00:00:00+00:00,BTCUSDT,ENTRY,10303.34,0.0001287005732495655
2019-09-23 00:00:00+00:00,BTCUSDT,EARLY_RISK_OFF,10028.05,0.00012526188435743217
2019-10-28 00:00:00+00:00,BTCUSDT,ENTRY,9528.23,0.00010287190755642834
2019-11-04 00:00:00+00:00,BTCUSDT,EARLY_RISK_OFF,9196.46,9.92899397859194e-05
2020-02-10 00:00:00+00:00,ETHUSDT,ENTRY,228.53,0.0001207784955204671
2020-02-12 00:00:00+00:00,ETHUSDT,INTRADAY_BARRIER,265.74,6.799055571300559e-05
2020-02-14 00:00:00+00:00,ETHUSDT,INTRADAY_BARRIER,285.15,7.559186366577764e-05
2020-02-17 00:00:00+00:00,ETHUSDT,ENTRY,258.89,8.136880125732412e-05
2020-02-26 00:00:00+00:00,ETHUSDT,INTRADAY_BARRIER,223.93,7.11223479768188e-05
2020-06-01 00:00:00+00:00,BTCUSDT,ENTRY,9448.27,0.00010340647742689643
2020-06-01 00:00:00+00:00,BTCUSDT,INTRADAY_BARRIER,10200.77,2.840004338237672e-05
2020-06-02 00:00:00+00:00,BTCUSDT,INTRADAY_BARRIER,9518.04,7.755485807017231e-05
2020-06-08 00:00:00+00:00,BTCUSDT,ENTRY,9746.99,0.00010993929989741177
2020-06-08 00:00:00+00:00,ETHUSDT,ENTRY,244.57,9.705516687449961e-05
2020-06-08 00:00:00+00:00,BNBUSDT,ENTRY,17.4134,0.00011044748664471828
2020-06-15 00:00:00+00:00,ETHUSDT,INTRADAY_BARRIER,230.86,8.685082226554969e-05
2020-06-15 00:00:00+00:00,BNBUSDT,INTRADAY_BARRIER,16.377,0.00010024314203576836
2020-06-22 00:00:00+00:00,ETHUSDT,ENTRY,228.03,0.0001109765941747222
2020-06-24 00:00:00+00:00,ETHUSDT,INTRADAY_BARRIER,234.58,3.0262085455979237e-05
2020-06-25 00:00:00+00:00,ETHUSDT,INTRADAY_BARRIER,232.5,8.323244563104165e-05
2020-06-27 00:00:00+00:00,BTCUSDT,INTRADAY_BARRIER,9012.0,9.973495528846185e-05
2020-06-29 00:00:00+00:00,BTCUSDT,ENTRY,9116.16,0.0001438461987777991
2020-06-29 00:00:00+00:00,ETHUSDT,ENTRY,224.89,0.00011183975121173474
2020-07-08 00:00:00+00:00,ETHUSDT,INTRADAY_BARRIER,246.95,3.0473833229032308e-05
2020-07-13 00:00:00+00:00,BNBUSDT,ENTRY,18.3036,0.00013989033068509185
2020-07-16 00:00:00+00:00,BNBUSDT,INTRADAY_BARRIER,17.1647,0.00012977694976645538
2020-07-22 00:00:00+00:00,ETHUSDT,INTRADAY_BARRIER,263.74,3.298772865513093e-05
2020-07-24 00:00:00+00:00,ETHUSDT,INTRADAY_BARRIER,279.15,7.10032481624591e-05
2020-07-26 00:00:00+00:00,BTCUSDT,INTRADAY_BARRIER,9931.54,3.84754451205484e-05
2020-07-27 00:00:00+00:00,BTCUSDT,MAX_HOLD,9931.54,0.00011753421481821811
2020-07-27 00:00:00+00:00,BTCUSDT,ENTRY,9931.54,0.0002614018790802249
2020-07-27 00:00:00+00:00,ETHUSDT,ENTRY,311.02,0.0001399638043965263
2020-07-27 00:00:00+00:00,BNBUSDT,ENTRY,19.5524,0.00010851027886535585
2020-07-27 00:00:00+00:00,BTCUSDT,INTRADAY_BARRIER,11029.96,0.00028428617710647155
2020-07-30 00:00:00+00:00,ETHUSDT,INTRADAY_BARRIER,334.87,3.753365087982566e-05
2020-08-01 00:00:00+00:00,ETHUSDT,INTRADAY_BARRIER,387.0,0.0001253144515429474
2020-08-01 00:00:00+00:00,BNBUSDT,INTRADAY_BARRIER,21.6168,2.9670269497033043e-05
2020-08-02 00:00:00+00:00,BNBUSDT,INTRADAY_BARRIER,20.9898,8.138270914901688e-05
2020-08-03 00:00:00+00:00,BTCUSDT,ENTRY,11071.36,0.0001391041247737559
2020-08-03 00:00:00+00:00,ETHUSDT,ENTRY,372.45,9.334965042959383e-05
2020-08-03 00:00:00+00:00,BNBUSDT,ENTRY,20.9899,0.00010276002628528071
2020-08-05 00:00:00+00:00,BNBUSDT,INTRADAY_BARRIER,23.2728,2.829042531375445e-05
2020-08-06 00:00:00+00:00,BTCUSDT,INTRADAY_BARRIER,11762.46,3.737644993587324e-05
2020-08-10 00:00:00+00:00,BNBUSDT,EARLY_RISK_OFF,22.4224,8.232982577498267e-05
2020-08-13 00:00:00+00:00,ETHUSDT,INTRADAY_BARRIER,424.54,2.5937831349832728e-05
2020-08-24 00:00:00+00:00,BNBUSDT,ENTRY,21.8575,9.079947247256695e-05
2020-08-25 00:00:00+00:00,ETHUSDT,INTRADAY_BARRIER,382.93,7.001223782219537e-05
2020-08-31 00:00:00+00:00,BTCUSDT,MAX_HOLD,11711.17,0.00011035717741045364
2020-08-31 00:00:00+00:00,BTCUSDT,ENTRY,11711.17,0.00015892656395270703
2020-08-31 00:00:00+00:00,ETHUSDT,ENTRY,428.94,8.962141772404339e-05
2020-09-01 00:00:00+00:00,BNBUSDT,INTRADAY_BARRIER,24.7028,2.5326426940464103e-05
2020-09-01 00:00:00+00:00,ETHUSDT,INTRADAY_BARRIER,475.4,2.5036863152230357e-05
2020-09-02 00:00:00+00:00,ETHUSDT,INTRADAY_BARRIER,439.5,6.721606329303255e-05
2020-09-03 00:00:00+00:00,BNBUSDT,INTRADAY_BARRIER,20.3592,6.80996043544252e-05
2020-09-03 00:00:00+00:00,BTCUSDT,INTRADAY_BARRIER,10140.85,0.00014840052906782896
2020-09-07 00:00:00+00:00,BTCUSDT,ENTRY,10255.89,0.00011404546819060224
2020-09-07 00:00:00+00:00,ETHUSDT,ENTRY,352.85,5.3081592266665055e-05
2020-09-07 00:00:00+00:00,BNBUSDT,ENTRY,23.1612,6.2066512875579e-05
2020-09-12 00:00:00+00:00,BNBUSDT,INTRADAY_BARRIER,28.505,1.8130917323075293e-05
2020-09-13 00:00:00+00:00,BNBUSDT,INTRADAY_BARRIER,31.1656,2.074520642725584e-05
2020-09-15 00:00:00+00:00,BNBUSDT,INTRADAY_BARRIER,27.1181,3.626183464615059e-05
2020-09-21 00:00:00+00:00,BNBUSDT,ENTRY,26.3167,4.475337239296871e-05
2020-10-05 00:00:00+00:00,BTCUSDT,MAX_HOLD,10666.62,0.00011861278464484719
2020-10-05 00:00:00+00:00,ETHUSDT,MAX_HOLD,352.34,5.3004869545803494e-05
2020-10-05 00:00:00+00:00,BTCUSDT,ENTRY,10666.62,0.00018080163330227606
2020-10-05 00:00:00+00:00,ETHUSDT,ENTRY,352.34,9.551052076464323e-05
2020-10-10 00:00:00+00:00,BTCUSDT,INTRADAY_BARRIER,11293.22,4.784101643250714e-05
2020-10-12 00:00:00+00:00,ETHUSDT,INTRADAY_BARRIER,386.51,2.6518238298098935e-05
2020-10-19 00:00:00+00:00,BNBUSDT,MAX_HOLD,30.6568,5.213401326065818e-05
2020-10-19 00:00:00+00:00,BNBUSDT,ENTRY,30.6568,0.00010428397082036227
2020-10-20 00:00:00+00:00,BTCUSDT,INTRADAY_BARRIER,11909.99,5.048162453944527e-05
2020-10-21 00:00:00+00:00,BTCUSDT,INTRADAY_BARRIER,12780.96,0.00010624446529276678
2020-10-26 00:00:00+00:00,BTCUSDT,ENTRY,13029.64,0.0001857725728793327
2020-10-27 00:00:00+00:00,BTCUSDT,INTRADAY_BARRIER,13636.17,4.913003348727388e-05
2020-10-28 00:00:00+00:00,BTCUSDT,INTRADAY_BARRIER,13266.4,0.00013932942965949954
2020-10-30 00:00:00+00:00,BNBUSDT,INTRADAY_BARRIER,28.4909,9.360555182295012e-05
2020-11-02 00:00:00+00:00,ETHUSDT,MAX_HOLD,396.68,8.064748547621334e-05
2020-11-02 00:00:00+00:00,BTCUSDT,ENTRY,13761.49,0.0001519515499409226
2020-11-02 00:00:00+00:00,ETHUSDT,ENTRY,396.68,0.00012154335078951358
2020-11-02 00:00:00+00:00,BNBUSDT,ENTRY,28.5485,0.00011348272935276321
2020-11-03 00:00:00+00:00,BNBUSDT,INTRADAY_BARRIER,26.8638,0.00010278104383036393
2020-11-05 00:00:00+00:00,BTCUSDT,INTRADAY_BARRIER,15590.02,8.400203911226075e-05
2020-11-06 00:00:00+00:00,ETHUSDT,INTRADAY_BARRIER,455.91,3.306125907797821e-05
2020-11-07 00:00:00+00:00,BTCUSDT,INTRADAY_BARRIER,14818.3,8.132661773166094e-05
2020-11-07 00:00:00+00:00,ETHUSDT,INTRADAY_BARRIER,435.21,3.5736680458578025e-05
2020-11-09 00:00:00+00:00,BTCUSDT,ENTRY,15475.1,0.00011366510130113545
2020-11-09 00:00:00+00:00,BNBUSDT,ENTRY,28.4101,0.00010255521615443107
2020-11-17 00:00:00+00:00,BTCUSDT,INTRADAY_BARRIER,17659.38,3.111429646896248e-05
2020-11-18 00:00:00+00:00,BTCUSDT,INTRADAY_BARRIER,17776.12,3.3812317612641083e-05
2020-11-20 00:00:00+00:00,ETHUSDT,INTRADAY_BARRIER,510.12,7.682420367835568e-05
2020-11-23 00:00:00+00:00,ETHUSDT,ENTRY,560.03,0.0001000338169505095
2020-11-24 00:00:00+00:00,BNBUSDT,INTRADAY_BARRIER,33.9407,5.937167150825137e-05
2020-11-24 00:00:00+00:00,ETHUSDT,INTRADAY_BARRIER,604.97,2.7745527582960476e-05
2020-11-25 00:00:00+00:00,BNBUSDT,INTRADAY_BARRIER,31.2953,5.6673650364572754e-05
2020-11-25 00:00:00+00:00,ETHUSDT,INTRADAY_BARRIER,569.5,7.502536271288213e-05
2020-11-26 00:00:00+00:00,BTCUSDT,INTRADAY_BARRIER,17149.47,6.222859293792496e-05
2020-11-30 00:00:00+00:00,BTCUSDT,ENTRY,18185.0,0.0001015655939109114
2020-11-30 00:00:00+00:00,ETHUSDT,ENTRY,576.32,8.241503472192994e-05
2020-11-30 00:00:00+00:00,BNBUSDT,ENTRY,30.1003,9.153001830766788e-05
2020-12-14 00:00:00+00:00,BNBUSDT,EARLY_RISK_OFF,29.1599,8.867041793104271e-05
2020-12-16 00:00:00+00:00,BTCUSDT,INTRADAY_BARRIER,21335.52,2.81337518939939e-05
2020-12-17 00:00:00+00:00,BTCUSDT,INTRADAY_BARRIER,22797.16,3.087610531025995e-05
2020-12-17 00:00:00+00:00,ETHUSDT,INTRADAY_BARRIER,642.7,2.3346112096748536e-05
2020-12-19 00:00:00+00:00,BTCUSDT,INTRADAY_BARRIER,23821.61,6.7236917453052e-05
2020-12-21 00:00:00+00:00,BTCUSDT,ENTRY,23455.54,0.00012576042637673827
2020-12-21 00:00:00+00:00,BNBUSDT,ENTRY,34.3072,0.00011727104088886941
2020-12-22 00:00:00+00:00,BNBUSDT,INTRADAY_BARRIER,33.5151,0.00010615081525696554
2020-12-23 00:00:00+00:00,ETHUSDT,INTRADAY_BARRIER,585.56,6.181127604144745e-05
2020-12-26 00:00:00+00:00,BTCUSDT,INTRADAY_BARRIER,26493.39,3.422016300216053e-05
2020-12-27 00:00:00+00:00,BTCUSDT,INTRADAY_BARRIER,26281.66,3.7000219410136494e-05
2020-12-28 00:00:00+00:00,ETHUSDT,ENTRY,685.1,8.933562783924056e-05
2020-12-28 00:00:00+00:00,BNBUSDT,ENTRY,33.6741,8.710112819227196e-05
2020-12-29 00:00:00+00:00,BNBUSDT,INTRADAY_BARRIER,39.0667,2.455184535792195e-05
2021-01-02 00:00:00+00:00,BTCUSDT,INTRADAY_BARRIER,32178.33,7.956055163622492e-05
2021-01-02 00:00:00+00:00,ETHUSDT,INTRADAY_BARRIER,774.56,2.5110470269664103e-05
2021-01-03 00:00:00+00:00,ETHUSDT,INTRADAY_BARRIER,978.28,8.92142273582621e-05
2021-01-04 00:00:00+00:00,BTCUSDT,ENTRY,33000.05,0.0001042226084314507
2021-01-04 00:00:00+00:00,ETHUSDT,ENTRY,978.33,9.48959264559442e-05
2021-01-04 00:00:00+00:00,BNBUSDT,INTRADAY_BARRIER,41.1333,2.732840866777592e-05
2021-01-04 00:00:00+00:00,BTCUSDT,INTRADAY_BARRIER,31988.71,9.286241185701539e-05
2021-01-04 00:00:00+00:00,ETHUSDT,INTRADAY_BARRIER,1041.43,2.6564030757594868e-05
2021-01-05 00:00:00+00:00,ETHUSDT,INTRADAY_BARRIER,1099.56,7.117194484195814e-05
2021-01-11 00:00:00+00:00,BTCUSDT,ENTRY,38150.02,7.617406133833432e-05
2021-01-11 00:00:00+00:00,ETHUSDT,ENTRY,1254.24,6.58311389422265e-05
2021-01-11 00:00:00+00:00,BNBUSDT,INTRADAY_BARRIER,38.1674,4.910369071584391e-05
2021-01-11 00:00:00+00:00,BTCUSDT,INTRADAY_BARRIER,35404.47,6.484996542533178e-05
2021-01-11 00:00:00+00:00,ETHUSDT,INTRADAY_BARRIER,1087.01,5.450704302922396e-05
2021-01-18 00:00:00+00:00,BTCUSDT,ENTRY,35824.99,5.2324216782750885e-05
2021-01-18 00:00:00+00:00,ETHUSDT,ENTRY,1232.5,4.620828716665721e-05
2021-01-18 00:00:00+00:00,BNBUSDT,ENTRY,45.8645,7.183320051866365e-05
2021-01-21 00:00:00+00:00,BNBUSDT,INTRADAY_BARRIER,38.6343,6.065413176880143e-05
2021-01-25 00:00:00+00:00,BNBUSDT,ENTRY,41.827,6.279491427148568e-05
2021-02-01 00:00:00+00:00,BNBUSDT,INTRADAY_BARRIER,51.4781,1.847991857877855e-05
2021-02-02 00:00:00+00:00,ETHUSDT,INTRADAY_BARRIER,1511.87,1.4346838979129857e-05
2021-02-04 00:00:00+00:00,BNBUSDT,INTRADAY_BARRIER,55.9599,2.1261108589685684e-05
2021-02-05 00:00:00+00:00,BNBUSDT,INTRADAY_BARRIER,67.7005,4.8084597201185635e-05
2021-02-08 00:00:00+00:00,BNBUSDT,ENTRY,68.355,7.827945431288102e-05
2021-02-08 00:00:00+00:00,BTCUSDT,INTRADAY_BARRIER,46374.87,1.5875821383153276e-05
2021-02-08 00:00:00+00:00,BNBUSDT,INTRADAY_BARRIER,79.8374,2.2403192177571842e-05
2021-02-09 00:00:00+00:00,BNBUSDT,INTRADAY_BARRIER,107.3469,8.137621952947346e-05
2021-02-10 00:00:00+00:00,ETHUSDT,INTRADAY_BARRIER,1740.78,1.714160616659541e-05
2021-02-15 00:00:00+00:00,BTCUSDT,MAX_HOLD,48580.47,5.321568220300814e-05
2021-02-15 00:00:00+00:00,ETHUSDT,MAX_HOLD,1800.03,3.3742922169816627e-05
2021-02-15 00:00:00+00:00,BTCUSDT,ENTRY,48580.47,8.676616284719256e-05
2021-02-15 00:00:00+00:00,ETHUSDT,ENTRY,1800.03,7.58472117995707e-05
2021-02-15 00:00:00+00:00,BNBUSDT,ENTRY,135.8623,6.963984268876901e-05
2021-02-17 00:00:00+00:00,BNBUSDT,INTRADAY_BARRIER,165.3233,2.0296910261496756e-05
2021-02-18 00:00:00+00:00,BNBUSDT,INTRADAY_BARRIER,195.6,2.3183859850801266e-05
2021-02-19 00:00:00+00:00,BTCUSDT,INTRADAY_BARRIER,55906.0,2.4578490301102643e-05
2021-02-19 00:00:00+00:00,BNBUSDT,INTRADAY_BARRIER,333.111,5.214161888021154e-05
2021-02-22 00:00:00+00:00,BNBUSDT,ENTRY,294.9167,5.412024494467456e-05
2021-02-22 00:00:00+00:00,BTCUSDT,INTRADAY_BARRIER,54087.67,6.507462213539442e-05
2021-02-22 00:00:00+00:00,BNBUSDT,INTRADAY_BARRIER,267.5147,4.234434283616917e-05
2021-02-23 00:00:00+00:00,ETHUSDT,INTRADAY_BARRIER,1577.89,6.429941344235269e-05
2021-03-01 00:00:00+00:00,BTCUSDT,ENTRY,45134.11,6.214584016582462e-05
2021-03-01 00:00:00+00:00,ETHUSDT,ENTRY,1418.67,4.997609627043279e-05
2021-03-01 00:00:00+00:00,SOLUSDT,ENTRY,13.08,3.568576265786562e-05
2021-03-01 00:00:00+00:00,BNBUSDT,ENTRY,210.1177,2.63154610821412e-05
2021-03-08 00:00:00+00:00,ETHUSDT,INTRADAY_BARRIER,1833.18,1.5386460169396886e-05
2021-03-09 00:00:00+00:00,BTCUSDT,INTRADAY_BARRIER,54884.5,1.8428896143244843e-05
2021-03-11 00:00:00+00:00,BNBUSDT,INTRADAY_BARRIER,290.0301,9.471301372323987e-06
2021-03-28 00:00:00+00:00,SOLUSDT,INTRADAY_BARRIER,18.0645,1.1813876766255093e-05
2021-03-29 00:00:00+00:00,BTCUSDT,MAX_HOLD,55777.65,5.760081878858319e-05
2021-03-29 00:00:00+00:00,ETHUSDT,MAX_HOLD,1687.16,4.457573145108978e-05
2021-03-29 00:00:00+00:00,SOLUSDT,MAX_HOLD,18.0645,3.696361579891132e-05
2021-03-29 00:00:00+00:00,BNBUSDT,MAX_HOLD,268.6234,2.5232103108587886e-05
2021-03-29 00:00:00+00:00,BTCUSDT,ENTRY,55777.65,8.947842585989227e-05
2021-03-29 00:00:00+00:00,ETHUSDT,ENTRY,1687.16,9.047470238326005e-05
2021-03-29 00:00:00+00:00,SOLUSDT,ENTRY,18.0645,6.743974390923242e-05
2021-03-29 00:00:00+00:00,BNBUSDT,ENTRY,268.6234,6.333985574569288e-05
2021-03-31 00:00:00+00:00,ETHUSDT,INTRADAY_BARRIER,1919.37,2.5566814761971922e-05
2021-04-01 00:00:00+00:00,BNBUSDT,INTRADAY_BARRIER,334.7991,1.8783103102580133e-05
2021-04-02 00:00:00+00:00,ETHUSDT,INTRADAY_BARRIER,2133.69,2.851495392812883e-05
2021-04-03 00:00:00+00:00,SOLUSDT,INTRADAY_BARRIER,22.5,1.980807514346502e-05
2021-04-04 00:00:00+00:00,SOLUSDT,INTRADAY_BARRIER,23.7755,2.275621430962193e-05
2021-04-05 00:00:00+00:00,BNBUSDT,INTRADAY_BARRIER,368.0263,2.173124226873704e-05
2021-04-08 00:00:00+00:00,SOLUSDT,INTRADAY_BARRIER,26.9384,5.140870695155768e-05
2021-04-08 00:00:00+00:00,BNBUSDT,INTRADAY_BARRIER,418.7048,4.9358762869787907e-05
2021-04-12 00:00:00+00:00,SOLUSDT,ENTRY,27.8598,7.059028825361122e-05
2021-04-12 00:00:00+00:00,BNBUSDT,ENTRY,525.9275,8.902163412849892e-05
2021-04-12 00:00:00+00:00,BNBUSDT,INTRADAY_BARRIER,596.7104,2.530358924593387e-05
2021-04-13 00:00:00+00:00,BTCUSDT,INTRADAY_BARRIER,63575.0,2.531774563112998e-05
2021-04-14 00:00:00+00:00,ETHUSDT,INTRADAY_BARRIER,2432.6,6.292618618857149e-05
2021-04-14 00:00:00+00:00,BNBUSDT,INTRADAY_BARRIER,550.0182,6.676622559637419e-05
2021-04-18 00:00:00+00:00,BTCUSDT,INTRADAY_BARRIER,56150.01,6.710881939491921e-05
2021-04-18 00:00:00+00:00,SOLUSDT,INTRADAY_BARRIER,32.3358,5.839756539837465e-05
2021-04-19 00:00:00+00:00,BTCUSDT,ENTRY,56150.01,0.00011872898688033855
2021-04-19 00:00:00+00:00,ETHUSDT,ENTRY,2235.65,8.92118266217592e-05
2021-04-19 00:00:00+00:00,SOLUSDT,ENTRY,32.3324,6.194487249867941e-05
2021-04-19 00:00:00+00:00,BNBUSDT,ENTRY,481.5112,5.5464459784872355e-05
2021-04-20 00:00:00+00:00,BNBUSDT,INTRADAY_BARRIER,586.3635,1.6903473073876033e-05
2021-04-22 00:00:00+00:00,ETHUSDT,INTRADAY_BARRIER,2397.94,2.5340314783097742e-05
2021-04-22 00:00:00+00:00,SOLUSDT,INTRADAY_BARRIER,38.9,1.85235762523278e-05
2021-04-22 00:00:00+00:00,BNBUSDT,INTRADAY_BARRIER,505.2411,4.1598344838654265e-05
2021-04-23 00:00:00+00:00,BTCUSDT,INTRADAY_BARRIER,51125.14,0.0001065795543697068
2021-04-23 00:00:00+00:00,ETHUSDT,INTRADAY_BARRIER,2367.39,6.690886996631939e-05
2021-04-23 00:00:00+00:00,SOLUSDT,INTRADAY_BARRIER,37.3893,4.645865437400956e-05
2021-04-26 00:00:00+00:00,BTCUSDT,ENTRY,49066.76,8.833248504192485e-05
2021-04-26 00:00:00+00:00,ETHUSDT,ENTRY,2320.44,7.153454238481569e-05
2021-04-26 00:00:00+00:00,SOLUSDT,ENTRY,47.395,5.7880558111776915e-05
2021-04-26 00:00:00+00:00,BNBUSDT,ENTRY,505.0,4.58509993135127e-05
2021-04-28 00:00:00+00:00,BTCUSDT,INTRADAY_BARRIER,54846.22,2.5115063533145968e-05
2021-04-28 00:00:00+00:00,ETHUSDT,INTRADAY_BARRIER,2748.24,2.0915577868868685e-05
2021-05-01 00:00:00+00:00,BNBUSDT,INTRADAY_BARRIER,620.0,1.4494692101042935e-05
2021-05-03 00:00:00+00:00,ETHUSDT,INTRADAY_BARRIER,3431.04,2.394752014153344e-05
2021-05-04 00:00:00+00:00,ETHUSDT,INTRADAY_BARRIER,3239.01,5.39589248283964e-05
2021-05-10 00:00:00+00:00,ETHUSDT,ENTRY,3923.95,9.269170042796903e-05
2021-05-12 00:00:00+00:00,BTCUSDT,INTRADAY_BARRIER,49631.32,6.624936378144363e-05
2021-05-13 00:00:00+00:00,SOLUSDT,INTRADAY_BARRIER,41.049,4.5752789021117876e-05
2021-05-16 00:00:00+00:00,ETHUSDT,INTRADAY_BARRIER,3582.1,8.030461019686992e-05
2021-05-17 00:00:00+00:00,BNBUSDT,EARLY_RISK_OFF,564.66,3.845082961242784e-05
2021-08-16 00:00:00+00:00,ETHUSDT,ENTRY,3307.35,9.703710494854322e-05
2021-08-16 00:00:00+00:00,SOLUSDT,ENTRY,53.515,8.631458500440077e-05
2021-08-16 00:00:00+00:00,SOLUSDT,INTRADAY_BARRIER,62.016,5.22960497945401e-05
2021-08-17 00:00:00+00:00,SOLUSDT,INTRADAY_BARRIER,64.123,4.924979736376019e-05
2021-08-23 00:00:00+00:00,BTCUSDT,ENTRY,49239.22,0.00012151113172589209
2021-08-23 00:00:00+00:00,SOLUSDT,ENTRY,72.751,6.436654379110454e-05
2021-08-23 00:00:00+00:00,BNBUSDT,ENTRY,448.69,0.00010848473081851795
2021-08-23 00:00:00+00:00,BNBUSDT,INTRADAY_BARRIER,499.06,3.0183218572268885e-05
2021-08-27 00:00:00+00:00,SOLUSDT,INTRADAY_BARRIER,87.98,1.915367181541553e-05
2021-08-30 00:00:00+00:00,SOLUSDT,INTRADAY_BARRIER,110.25,7.277119478444358e-05
2021-08-31 00:00:00+00:00,BNBUSDT,INTRADAY_BARRIER,463.9,8.136354811388846e-05
2021-09-01 00:00:00+00:00,ETHUSDT,INTRADAY_BARRIER,3826.82,2.7305528667915713e-05
2021-09-06 00:00:00+00:00,BTCUSDT,EARLY_RISK_OFF,51756.88,0.00012772414070330907
2021-09-06 00:00:00+00:00,SOLUSDT,ENTRY,141.98,6.50433658439976e-05
2021-09-06 00:00:00+00:00,BNBUSDT,ENTRY,504.9,0.00010342417273502728
2021-09-07 00:00:00+00:00,ETHUSDT,INTRADAY_BARRIER,3434.57,7.277782871140741e-05
2021-09-07 00:00:00+00:00,SOLUSDT,INTRADAY_BARRIER,173.46,1.9391322585624186e-05
2021-09-07 00:00:00+00:00,BNBUSDT,INTRADAY_BARRIER,418.7,9.090224823652815e-05
2021-09-08 00:00:00+00:00,SOLUSDT,INTRADAY_BARRIER,191.02,2.252180371024897e-05
2021-09-10 00:00:00+00:00,SOLUSDT,INTRADAY_BARRIER,179.6,3.878264517124837e-05
2021-09-13 00:00:00+00:00,ETHUSDT,ENTRY,3404.3,8.466142922241875e-05
2021-09-13 00:00:00+00:00,SOLUSDT,ENTRY,174.31,4.915765446551753e-05
2021-09-13 00:00:00+00:00,BNBUSDT,ENTRY,416.4,7.525119122903623e-05
2021-09-21 00:00:00+00:00,ETHUSDT,INTRADAY_BARRIER,2765.9,7.219871872881453e-05
2021-09-21 00:00:00+00:00,SOLUSDT,INTRADAY_BARRIER,124.29,3.6694943971913316e-05
2021-09-21 00:00:00+00:00,BNBUSDT,INTRADAY_BARRIER,344.4,6.278848073543202e-05
2021-10-04 00:00:00+00:00,ETHUSDT,ENTRY,3417.73,8.244420720541846e-05
2021-10-04 00:00:00+00:00,SOLUSDT,ENTRY,172.99,5.7675688990321555e-05
2021-10-04 00:00:00+00:00,BNBUSDT,ENTRY,430.5,9.314315541825034e-05
2021-10-11 00:00:00+00:00,BNBUSDT,EARLY_RISK_OFF,404.0,8.740960462014666e-05
2021-10-16 00:00:00+00:00,ETHUSDT,INTRADAY_BARRIER,3829.96,2.367904237935877e-05
2021-10-18 00:00:00+00:00,BTCUSDT,ENTRY,61528.32,0.00013022676165853287
2021-10-22 00:00:00+00:00,SOLUSDT,INTRADAY_BARRIER,196.29,1.7486912825584545e-05
2021-10-29 00:00:00+00:00,ETHUSDT,INTRADAY_BARRIER,4418.89,2.6747032957362923e-05
2021-11-01 00:00:00+00:00,ETHUSDT,MAX_HOLD,4287.48,5.171237773450323e-05
2021-11-01 00:00:00+00:00,SOLUSDT,MAX_HOLD,202.53,5.064334914392374e-05
2021-11-01 00:00:00+00:00,ETHUSDT,ENTRY,4287.48,0.00011004860217481538
2021-11-01 00:00:00+00:00,SOLUSDT,ENTRY,202.53,7.766958227483008e-05
2021-11-03 00:00:00+00:00,SOLUSDT,INTRADAY_BARRIER,243.37,2.2513747750048447e-05
2021-11-08 00:00:00+00:00,BTCUSDT,INTRADAY_BARRIER,67525.83,3.5624828222296704e-05
2021-11-08 00:00:00+00:00,ETHUSDT,INTRADAY_BARRIER,4807.98,3.060850272504477e-05
2021-11-15 00:00:00+00:00,BTCUSDT,MAX_HOLD,65519.11,0.000104005052332599
2021-11-15 00:00:00+00:00,BTCUSDT,ENTRY,65519.11,0.00014312043873932403
2021-11-15 00:00:00+00:00,BNBUSDT,ENTRY,650.7,0.00010877988789039221
2021-11-16 00:00:00+00:00,ETHUSDT,INTRADAY_BARRIER,4209.76,8.253645163111155e-05
2021-11-16 00:00:00+00:00,BTCUSDT,INTRADAY_BARRIER,60058.87,0.00013057388984419292
2021-11-16 00:00:00+00:00,BNBUSDT,INTRADAY_BARRIER,588.7,9.62333389952611e-05
2021-11-18 00:00:00+00:00,SOLUSDT,INTRADAY_BARRIER,195.01,5.8252186706122565e-05
2021-11-22 00:00:00+00:00,BTCUSDT,ENTRY,58617.7,0.00012554532299080803
2021-11-22 00:00:00+00:00,ETHUSDT,ENTRY,4259.7,0.00010868298719985623
2021-11-22 00:00:00+00:00,SOLUSDT,ENTRY,230.56,6.944023951031555e-05
2021-11-22 00:00:00+00:00,BNBUSDT,ENTRY,584.0,8.796627296570863e-05
2021-11-26 00:00:00+00:00,SOLUSDT,INTRADAY_BARRIER,192.42,5.7109898577142766e-05
2021-11-29 00:00:00+00:00,SOLUSDT,ENTRY,200.71,6.140984430350442e-05
2021-11-30 00:00:00+00:00,ETHUSDT,INTRADAY_BARRIER,4630.26,3.0253332033257253e-05
2021-12-02 00:00:00+00:00,SOLUSDT,INTRADAY_BARRIER,233.6,1.8421194003498415e-05
2021-12-03 00:00:00+00:00,BTCUSDT,INTRADAY_BARRIER,53601.05,0.00011321498205763525
2021-12-03 00:00:00+00:00,ETHUSDT,INTRADAY_BARRIER,4215.73,8.151224039989217e-05
2021-12-04 00:00:00+00:00,BNBUSDT,INTRADAY_BARRIER,568.6,7.563593203253586e-05
2021-12-04 00:00:00+00:00,SOLUSDT,INTRADAY_BARRIER,200.67,4.605738322762832e-05
2021-12-13 00:00:00+00:00,BTCUSDT,ENTRY,50053.9,8.975381478392938e-05
2021-12-13 00:00:00+00:00,ETHUSDT,ENTRY,4130.0,7.56258273000202e-05
2021-12-13 00:00:00+00:00,SOLUSDT,ENTRY,172.83,5.268024447072706e-05
2021-12-13 00:00:00+00:00,BNBUSDT,ENTRY,570.3,7.854060518138721e-05
2021-12-20 00:00:00+00:00,BTCUSDT,EARLY_RISK_OFF,46681.24,8.370615214487092e-05
2021-12-20 00:00:00+00:00,ETHUSDT,EARLY_RISK_OFF,3924.14,7.185625519154995e-05
2021-12-20 00:00:00+00:00,SOLUSDT,EARLY_RISK_OFF,179.9,5.4835248396018035e-05
2021-12-20 00:00:00+00:00,BNBUSDT,EARLY_RISK_OFF,529.8,7.29630240664544e-05
2021-12-27 00:00:00+00:00,BTCUSDT,ENTRY,50775.48,0.00012835811487240891
2021-12-27 00:00:00+00:00,ETHUSDT,ENTRY,4063.57,0.00010479687721167131
2021-12-27 00:00:00+00:00,SOLUSDT,ENTRY,197.85,8.303227359516315e-05
2021-12-27 00:00:00+00:00,BNBUSDT,ENTRY,546.5,0.00011722169380934668
2021-12-30 00:00:00+00:00,BTCUSDT,INTRADAY_BARRIER,47120.87,0.00011626272363012337
2021-12-30 00:00:00+00:00,ETHUSDT,INTRADAY_BARRIER,3709.27,9.270148596938575e-05
2021-12-30 00:00:00+00:00,SOLUSDT,INTRADAY_BARRIER,172.52,7.093688235287761e-05
2022-01-03 00:00:00+00:00,BNBUSDT,EARLY_RISK_OFF,531.0,0.00011389701630880711
2023-01-16 00:00:00+00:00,ETHUSDT,ENTRY,1552.52,0.00021475788921868045
2023-01-16 00:00:00+00:00,BNBUSDT,ENTRY,302.2,0.00020577751531817667
2023-01-18 00:00:00+00:00,BNBUSDT,INTRADAY_BARRIER,286.7,0.00019388845040270558
2023-01-20 00:00:00+00:00,ETHUSDT,INTRADAY_BARRIER,1658.52,5.6661738533537885e-05
2023-01-23 00:00:00+00:00,BTCUSDT,ENTRY,22706.02,0.00019087749368628003
2023-01-23 00:00:00+00:00,BNBUSDT,ENTRY,303.1,0.00014795750250018918
2023-01-24 00:00:00+00:00,ETHUSDT,INTRADAY_BARRIER,1555.97,0.00016106841691401034
2023-01-30 00:00:00+00:00,BNBUSDT,EARLY_RISK_OFF,317.1,0.0001547915672807984
2023-01-30 00:00:00+00:00,ETHUSDT,ENTRY,1644.73,0.00012438138193640138
2023-02-02 00:00:00+00:00,BTCUSDT,INTRADAY_BARRIER,23488.94,5.0688530495002534e-05
2023-02-06 00:00:00+00:00,BTCUSDT,EARLY_RISK_OFF,22932.91,0.0001445886283813619
2023-02-06 00:00:00+00:00,ETHUSDT,EARLY_RISK_OFF,1629.01,0.00012319256959392557
2023-02-20 00:00:00+00:00,BTCUSDT,ENTRY,24272.51,0.00016840733619914386
2023-02-20 00:00:00+00:00,ETHUSDT,ENTRY,1679.74,0.00013788690142664206
2023-02-20 00:00:00+00:00,BNBUSDT,ENTRY,311.5,0.00012761957498186725
2023-03-03 00:00:00+00:00,BTCUSDT,INTRADAY_BARRIER,22354.34,0.0001565303170058073
2023-03-06 00:00:00+00:00,BTCUSDT,ENTRY,22430.24,0.00013228531329986286
2023-03-08 00:00:00+00:00,ETHUSDT,INTRADAY_BARRIER,1532.38,0.00012600988223330554
2023-03-09 00:00:00+00:00,BNBUSDT,INTRADAY_BARRIER,277.1,0.0001157425557885307
2023-03-09 00:00:00+00:00,BTCUSDT,INTRADAY_BARRIER,20362.22,0.0001205673543875645
2023-03-13 00:00:00+00:00,BTCUSDT,ENTRY,21998.05,0.00014461123067193826
2023-03-13 00:00:00+00:00,ETHUSDT,ENTRY,1580.33,0.00013445654293094047
2023-03-13 00:00:00+00:00,BNBUSDT,ENTRY,288.1,0.0001733283468440831
2023-03-13 00:00:00+00:00,BTCUSDT,INTRADAY_BARRIER,24113.48,3.906016357261501e-05
2023-03-13 00:00:00+00:00,BNBUSDT,INTRADAY_BARRIER,307.9,4.6239442615651225e-05
2023-03-14 00:00:00+00:00,BTCUSDT,INTRADAY_BARRIER,24670.41,4.1967519477245454e-05
2023-03-14 00:00:00+00:00,ETHUSDT,INTRADAY_BARRIER,1699.4,3.652149163736557e-05
2023-03-16 00:00:00+00:00,BNBUSDT,INTRADAY_BARRIER,329.4,4.914679852028166e-05
2023-03-17 00:00:00+00:00,BTCUSDT,INTRADAY_BARRIER,27395.13,8.97497507637518e-05
2023-03-18 00:00:00+00:00,BNBUSDT,INTRADAY_BARRIER,331.0,0.00010410830884982421
2023-03-20 00:00:00+00:00,BTCUSDT,ENTRY,27972.87,0.00013654662187306206
2023-03-20 00:00:00+00:00,BNBUSDT,ENTRY,336.7,0.00015495390006209966
2023-03-23 00:00:00+00:00,ETHUSDT,INTRADAY_BARRIER,1813.79,3.942884754199601e-05
2023-03-25 00:00:00+00:00,ETHUSDT,INTRADAY_BARRIER,1741.88,7.304298327473114e-05
2023-03-27 00:00:00+00:00,ETHUSDT,ENTRY,1773.88,0.00011172428737276295
2023-03-27 00:00:00+00:00,BNBUSDT,INTRADAY_BARRIER,310.6,0.00014299295006918618
2023-04-03 00:00:00+00:00,BNBUSDT,ENTRY,313.8,0.0001432948516800142
2023-04-11 00:00:00+00:00,BTCUSDT,INTRADAY_BARRIER,30200.42,3.712689296649388e-05
2023-04-13 00:00:00+00:00,ETHUSDT,INTRADAY_BARRIER,2012.01,3.0914167252677205e-05
2023-04-16 00:00:00+00:00,BNBUSDT,INTRADAY_BARRIER,347.7,3.879874784255069e-05
2023-04-17 00:00:00+00:00,BTCUSDT,MAX_HOLD,30304.66,0.00011094675707243415
2023-04-17 00:00:00+00:00,BTCUSDT,ENTRY,30304.66,0.00021460332524862966
2023-04-19 00:00:00+00:00,BTCUSDT,INTRADAY_BARRIER,28797.1,0.0002024912411127649
2023-04-24 00:00:00+00:00,ETHUSDT,MAX_HOLD,1862.01,8.795623449625608e-05
2023-04-24 00:00:00+00:00,BTCUSDT,ENTRY,27590.59,0.0001882854564874911
2023-04-24 00:00:00+00:00,ETHUSDT,ENTRY,1862.01,0.00014632249213409953
2023-04-26 00:00:00+00:00,BTCUSDT,INTRADAY_BARRIER,28415.29,5.006050755063893e-05
2023-05-01 00:00:00+00:00,BNBUSDT,MAX_HOLD,337.5,0.0001155879838480038
2023-05-01 00:00:00+00:00,BNBUSDT,ENTRY,337.5,0.00016264306761610368
2023-05-06 00:00:00+00:00,ETHUSDT,INTRADAY_BARRIER,1896.33,3.956976646229105e-05
2023-05-08 00:00:00+00:00,BNBUSDT,EARLY_RISK_OFF,321.0,0.00015469162875487194
2023-05-08 00:00:00+00:00,BTCUSDT,INTRADAY_BARRIER,27668.79,0.0001412140923656183
2023-05-08 00:00:00+00:00,ETHUSDT,INTRADAY_BARRIER,1847.56,0.00010974186910057465
2023-05-15 00:00:00+00:00,BTCUSDT,ENTRY,26917.61,0.0001474340637196476
2023-05-15 00:00:00+00:00,ETHUSDT,ENTRY,1799.2,0.00014136046960882098
2023-05-15 00:00:00+00:00,SOLUSDT,ENTRY,20.93,0.00010156781901509646
2023-05-15 00:00:00+00:00,BNBUSDT,ENTRY,312.1,0.00020476643534874262
2023-05-22 00:00:00+00:00,SOLUSDT,EARLY_RISK_OFF,19.61,9.516220405571149e-05
2023-05-22 00:00:00+00:00,BNBUSDT,EARLY_RISK_OFF,306.4,0.00020102670871789406
2023-05-29 00:00:00+00:00,BNBUSDT,ENTRY,314.2,0.00029317698454622436
2023-06-05 00:00:00+00:00,SOLUSDT,ENTRY,21.83,0.0001571270315255782
2023-06-05 00:00:00+00:00,BNBUSDT,INTRADAY_BARRIER,276.9,0.0002812147663989214
2023-06-05 00:00:00+00:00,SOLUSDT,INTRADAY_BARRIER,20.0,0.0001452435350047935
2023-06-12 00:00:00+00:00,BTCUSDT,MAX_HOLD,25925.54,0.00014200026363136523
2023-06-12 00:00:00+00:00,ETHUSDT,MAX_HOLD,1752.77,0.00013771253352392907
2023-06-12 00:00:00+00:00,BTCUSDT,ENTRY,25925.54,0.00017074502966988429
2023-06-12 00:00:00+00:00,ETHUSDT,ENTRY,1752.77,0.00017242234351943906
2023-06-14 00:00:00+00:00,ETHUSDT,INTRADAY_BARRIER,1650.95,0.00016071074296277344
2023-06-19 00:00:00+00:00,BTCUSDT,EARLY_RISK_OFF,26339.98,0.00017347452228976362
2023-06-26 00:00:00+00:00,BTCUSDT,ENTRY,30462.67,0.00016858793500897708
2023-06-26 00:00:00+00:00,ETHUSDT,ENTRY,1898.8,0.0001659372779231926
2023-07-10 00:00:00+00:00,ETHUSDT,EARLY_RISK_OFF,1862.81,0.00016279209010327704
2023-07-10 00:00:00+00:00,SOLUSDT,ENTRY,21.32,9.040101093392989e-05
2023-07-13 00:00:00+00:00,SOLUSDT,INTRADAY_BARRIER,26.01,5.392365179641275e-05
2023-07-14 00:00:00+00:00,SOLUSDT,INTRADAY_BARRIER,26.67,6.264679812586056e-05
2023-07-17 00:00:00+00:00,SOLUSDT,ENTRY,27.41,7.93272104193463e-05
2023-07-24 00:00:00+00:00,BTCUSDT,MAX_HOLD,30083.75,0.00016649089819855957
2023-07-24 00:00:00+00:00,BTCUSDT,ENTRY,30083.75,0.0002385604813830878
2023-07-24 00:00:00+00:00,ETHUSDT,ENTRY,1888.74,0.0002067317680280485
2023-07-24 00:00:00+00:00,SOLUSDT,INTRADAY_BARRIER,23.37,6.756559848413201e-05
2023-07-31 00:00:00+00:00,SOLUSDT,ENTRY,24.25,6.655199509310534e-05
2023-08-01 00:00:00+00:00,BTCUSDT,INTRADAY_BARRIER,29705.99,0.00022684377668030683
2023-08-07 00:00:00+00:00,ETHUSDT,EARLY_RISK_OFF,1830.28,0.00020033303704394283
2023-08-07 00:00:00+00:00,SOLUSDT,EARLY_RISK_OFF,23.2,6.367036231587808e-05
2023-08-07 00:00:00+00:00,BTCUSDT,ENTRY,29088.43,0.00030517064819743063
2023-08-08 00:00:00+00:00,BTCUSDT,INTRADAY_BARRIER,29770.42,7.918780092972648e-05
2023-08-14 00:00:00+00:00,ETHUSDT,ENTRY,1840.73,0.00034948599717918576
2023-08-14 00:00:00+00:00,SOLUSDT,ENTRY,24.22,0.0001255895525082703
2023-08-15 00:00:00+00:00,BTCUSDT,INTRADAY_BARRIER,29200.0,0.00022887798614807295
2023-08-17 00:00:00+00:00,ETHUSDT,INTRADAY_BARRIER,1681.49,0.0003378863345466094
2023-08-17 00:00:00+00:00,SOLUSDT,INTRADAY_BARRIER,21.66,0.0001139898898756939
2023-10-23 00:00:00+00:00,BTCUSDT,ENTRY,29992.46,0.00022178307930135325
2023-10-23 00:00:00+00:00,SOLUSDT,ENTRY,29.06,0.00011269728229997174
2023-10-23 00:00:00+00:00,BTCUSDT,INTRADAY_BARRIER,33069.99,0.00024757625289313276
2023-10-23 00:00:00+00:00,SOLUSDT,INTRADAY_BARRIER,31.88,3.104022875185732e-05
2023-10-30 00:00:00+00:00,BTCUSDT,ENTRY,34525.88,0.00017287083726824675
2023-10-30 00:00:00+00:00,SOLUSDT,INTRADAY_BARRIER,34.94,3.3906136928721715e-05
2023-10-31 00:00:00+00:00,SOLUSDT,INTRADAY_BARRIER,38.4,7.354409021117219e-05
2023-11-06 00:00:00+00:00,ETHUSDT,ENTRY,1891.71,0.00017772369144936195
2023-11-06 00:00:00+00:00,SOLUSDT,ENTRY,41.16,7.700537185383674e-05
2023-11-09 00:00:00+00:00,BTCUSDT,INTRADAY_BARRIER,36701.09,4.6131615226779246e-05
2023-11-09 00:00:00+00:00,ETHUSDT,INTRADAY_BARRIER,2121.32,4.73621222392112e-05
2023-11-09 00:00:00+00:00,SOLUSDT,INTRADAY_BARRIER,45.29,2.21825423403299e-05
2023-11-10 00:00:00+00:00,SOLUSDT,INTRADAY_BARRIER,56.67,2.511374171720062e-05
2023-11-11 00:00:00+00:00,SOLUSDT,INTRADAY_BARRIER,56.34,5.608988218814267e-05
2023-11-13 00:00:00+00:00,SOLUSDT,ENTRY,56.27,7.316932742906934e-05
2023-11-15 00:00:00+00:00,SOLUSDT,INTRADAY_BARRIER,65.43,2.1285031467681458e-05
2023-11-17 00:00:00+00:00,SOLUSDT,INTRADAY_BARRIER,58.51,5.4876995571801995e-05
2023-11-20 00:00:00+00:00,SOLUSDT,ENTRY,61.1,5.6672059589198595e-05
2023-11-27 00:00:00+00:00,BTCUSDT,MAX_HOLD,37447.42,0.0001406242255578067
2023-11-27 00:00:00+00:00,BTCUSDT,ENTRY,37447.42,0.00017143435644640872
2023-12-02 00:00:00+00:00,ETHUSDT,INTRADAY_BARRIER,2164.74,5.029332161608192e-05
2023-12-03 00:00:00+00:00,BTCUSDT,INTRADAY_BARRIER,39972.26,4.585342404503508e-05
2023-12-04 00:00:00+00:00,ETHUSDT,MAX_HOLD,2192.96,0.00010301286835741018
2023-12-04 00:00:00+00:00,ETHUSDT,ENTRY,2192.96,0.00016274245000006204
2023-12-05 00:00:00+00:00,BTCUSDT,INTRADAY_BARRIER,44073.32,4.884825897846797e-05
2023-12-07 00:00:00+00:00,ETHUSDT,INTRADAY_BARRIER,2355.73,4.3710373021839905e-05
2023-12-08 00:00:00+00:00,SOLUSDT,INTRADAY_BARRIER,74.94,1.71625442652821e-05
2023-12-11 00:00:00+00:00,ETHUSDT,INTRADAY_BARRIER,2225.12,0.00012205683750004654
2023-12-18 00:00:00+00:00,SOLUSDT,MAX_HOLD,70.85,4.928660501507431e-05
2023-12-18 00:00:00+00:00,ETHUSDT,ENTRY,2196.53,0.00014873899649676082
2023-12-18 00:00:00+00:00,SOLUSDT,ENTRY,70.85,7.467786362434684e-05
2023-12-20 00:00:00+00:00,SOLUSDT,INTRADAY_BARRIER,82.21,2.171481548232728e-05
2023-12-21 00:00:00+00:00,SOLUSDT,INTRADAY_BARRIER,93.84,2.476016505856785e-05
2023-12-23 00:00:00+00:00,SOLUSDT,INTRADAY_BARRIER,107.88,5.5611029269616814e-05
2023-12-25 00:00:00+00:00,BTCUSDT,MAX_HOLD,42991.5,9.840758235368128e-05
2023-12-25 00:00:00+00:00,BTCUSDT,ENTRY,42991.5,0.00016674325650579155
2023-12-25 00:00:00+00:00,SOLUSDT,ENTRY,112.45,8.502435437383548e-05
2023-12-25 00:00:00+00:00,BNBUSDT,ENTRY,264.4,0.0001664192897837021
2023-12-26 00:00:00+00:00,BNBUSDT,INTRADAY_BARRIER,297.7,4.469371300800387e-05
2023-12-27 00:00:00+00:00,ETHUSDT,INTRADAY_BARRIER,2378.35,4.0230098700430776e-05
2023-12-27 00:00:00+00:00,BNBUSDT,INTRADAY_BARRIER,324.1,0.0001495255918344034
2024-01-01 00:00:00+00:00,BNBUSDT,ENTRY,311.9,0.0001368992711576056
2024-01-03 00:00:00+00:00,ETHUSDT,INTRADAY_BARRIER,2209.72,0.00011155424737257061
2024-01-03 00:00:00+00:00,SOLUSDT,INTRADAY_BARRIER,98.52,7.266879212552207e-05
2024-01-08 00:00:00+00:00,ETHUSDT,ENTRY,2221.42,0.00013739120554517208
2024-01-08 00:00:00+00:00,SOLUSDT,ENTRY,89.44,4.70589963099163e-05
2024-01-08 00:00:00+00:00,BTCUSDT,INTRADAY_BARRIER,46951.04,4.477470468852625e-05
2024-01-10 00:00:00+00:00,ETHUSDT,INTRADAY_BARRIER,2584.38,7.800532863022982e-05
2024-01-12 00:00:00+00:00,BTCUSDT,INTRADAY_BARRIER,42782.73,0.0001250574423793437
2024-01-15 00:00:00+00:00,BTCUSDT,ENTRY,41732.35,0.00011745021238415015
2024-01-19 00:00:00+00:00,ETHUSDT,INTRADAY_BARRIER,2492.0,7.490208667768189e-05
2024-01-22 00:00:00+00:00,ETHUSDT,ENTRY,2457.06,0.00012639616743814348
2024-01-23 00:00:00+00:00,ETHUSDT,INTRADAY_BARRIER,2242.6,0.00011387687361507093
2024-01-29 00:00:00+00:00,BNBUSDT,MAX_HOLD,305.3,0.0001340023965515133
2024-01-29 00:00:00+00:00,ETHUSDT,ENTRY,2256.9,0.00012385841235186686
2024-01-29 00:00:00+00:00,BNBUSDT,ENTRY,305.3,0.00015581578513027648
2024-02-05 00:00:00+00:00,SOLUSDT,MAX_HOLD,95.48,5.023695178522818e-05
2024-02-05 00:00:00+00:00,SOLUSDT,ENTRY,95.48,9.774377398688618e-05
2024-02-09 00:00:00+00:00,BTCUSDT,INTRADAY_BARRIER,47132.77,3.2486560558792784e-05
2024-02-09 00:00:00+00:00,ETHUSDT,INTRADAY_BARRIER,2486.56,3.4075304726908855e-05
2024-02-09 00:00:00+00:00,SOLUSDT,INTRADAY_BARRIER,106.94,2.7549299724597717e-05
2024-02-12 00:00:00+00:00,BTCUSDT,MAX_HOLD,48300.0,0.00010195049987877125
2024-02-12 00:00:00+00:00,BTCUSDT,ENTRY,48300.0,0.00023363499951399756
2024-02-12 00:00:00+00:00,BNBUSDT,INTRADAY_BARRIER,327.8,4.206464792151125e-05
2024-02-14 00:00:00+00:00,ETHUSDT,INTRADAY_BARRIER,2774.81,3.718600636585099e-05
2024-02-14 00:00:00+00:00,BTCUSDT,INTRADAY_BARRIER,51795.17,6.157965691038678e-05
2024-02-15 00:00:00+00:00,BNBUSDT,INTRADAY_BARRIER,354.2,4.517534956045339e-05
2024-02-19 00:00:00+00:00,ETHUSDT,INTRADAY_BARRIER,2944.8,8.059341600958626e-05
2024-02-21 00:00:00+00:00,BNBUSDT,INTRADAY_BARRIER,379.2,9.657210239879108e-05
2024-02-26 00:00:00+00:00,ETHUSDT,ENTRY,3112.6,0.00018074705322521821
2024-02-26 00:00:00+00:00,BNBUSDT,ENTRY,388.5,0.00018890000884927484
2024-02-26 00:00:00+00:00,BTCUSDT,INTRADAY_BARRIER,54476.47,6.475056394227417e-05
2024-02-27 00:00:00+00:00,BTCUSDT,INTRADAY_BARRIER,57037.34,0.0001358429419483231
2024-02-28 00:00:00+00:00,ETHUSDT,INTRADAY_BARRIER,3383.1,4.841532459011199e-05
2024-02-28 00:00:00+00:00,BNBUSDT,INTRADAY_BARRIER,414.6,5.0453563496126137e-05
2024-02-29 00:00:00+00:00,SOLUSDT,INTRADAY_BARRIER,125.68,9.821468031317405e-05
2024-03-04 00:00:00+00:00,BTCUSDT,ENTRY,63113.97,0.00019991425862025928
2024-03-04 00:00:00+00:00,SOLUSDT,ENTRY,130.16,0.00011255686272990303
2024-03-04 00:00:00+00:00,ETHUSDT,INTRADAY_BARRIER,3627.76,5.1643885873919414e-05
2024-03-04 00:00:00+00:00,BTCUSDT,INTRADAY_BARRIER,68245.71,5.328518192506687e-05
2024-03-05 00:00:00+00:00,ETHUSDT,INTRADAY_BARRIER,3553.65,9.683064918022395e-05
2024-03-05 00:00:00+00:00,BNBUSDT,INTRADAY_BARRIER,394.1,0.0001416750066369561
2024-03-05 00:00:00+00:00,BTCUSDT,INTRADAY_BARRIER,63724.01,0.00014993569396519447
2024-03-05 00:00:00+00:00,SOLUSDT,INTRADAY_BARRIER,125.31,9.933039364989484e-05
2024-03-11 00:00:00+00:00,BTCUSDT,ENTRY,68955.88,0.00014894441884761325
2024-03-11 00:00:00+00:00,ETHUSDT,ENTRY,3878.47,0.00013524624907604836
2024-03-11 00:00:00+00:00,SOLUSDT,ENTRY,144.39,8.948927936880977e-05
2024-03-11 00:00:00+00:00,BNBUSDT,ENTRY,528.9,0.00013517308091915214
2024-03-13 00:00:00+00:00,SOLUSDT,INTRADAY_BARRIER,163.9,2.5648139401062778e-05
2024-03-13 00:00:00+00:00,BNBUSDT,INTRADAY_BARRIER,630.5,7.741399913615708e-05
2024-03-14 00:00:00+00:00,BNBUSDT,INTRADAY_BARRIER,603.2,7.413817957729675e-05
2024-03-15 00:00:00+00:00,SOLUSDT,INTRADAY_BARRIER,183.95,2.8923958959923115e-05
2024-03-16 00:00:00+00:00,ETHUSDT,INTRADAY_BARRIER,3523.09,0.000122142970840607
2024-03-18 00:00:00+00:00,ETHUSDT,ENTRY,3644.7,9.964913421583541e-05
2024-03-18 00:00:00+00:00,BNBUSDT,ENTRY,571.7,9.132979947556861e-05
2024-03-18 00:00:00+00:00,SOLUSDT,INTRADAY_BARRIER,195.92,6.439955703756689e-05
2024-03-19 00:00:00+00:00,BTCUSDT,INTRADAY_BARRIER,61937.4,0.0001358411406121719
2024-03-19 00:00:00+00:00,ETHUSDT,INTRADAY_BARRIER,3158.64,8.640575416244266e-05
2024-03-25 00:00:00+00:00,BTCUSDT,ENTRY,67210.0,9.901012854131227e-05
2024-03-25 00:00:00+00:00,ETHUSDT,ENTRY,3454.99,8.206656596502593e-05
2024-03-25 00:00:00+00:00,SOLUSDT,ENTRY,183.87,6.505930928990329e-05
2024-04-12 00:00:00+00:00,SOLUSDT,INTRADAY_BARRIER,153.16,5.1940235974290395e-05
2024-04-13 00:00:00+00:00,ETHUSDT,INTRADAY_BARRIER,3007.01,6.894749264941302e-05
2024-04-15 00:00:00+00:00,BNBUSDT,MAX_HOLD,566.4,9.048311775924796e-05
2024-04-15 00:00:00+00:00,ETHUSDT,ENTRY,3155.11,9.848594007271068e-05
2024-04-15 00:00:00+00:00,SOLUSDT,ENTRY,151.26,6.828963072168203e-05
2024-04-15 00:00:00+00:00,BNBUSDT,ENTRY,566.4,0.00011754645106281159
2024-04-22 00:00:00+00:00,BTCUSDT,MAX_HOLD,64941.15,9.566778171582563e-05
2024-04-22 00:00:00+00:00,BTCUSDT,ENTRY,64941.15,0.00011494375995413365
2024-04-30 00:00:00+00:00,SOLUSDT,INTRADAY_BARRIER,126.77,5.531884471987107e-05
2024-05-01 00:00:00+00:00,BTCUSDT,INTRADAY_BARRIER,58364.97,0.00010197507846033668
2024-05-06 00:00:00+00:00,BTCUSDT,ENTRY,64012.0,0.00014028012017478788
2024-05-06 00:00:00+00:00,SOLUSDT,ENTRY,145.74,8.271579654875023e-05
2024-05-13 00:00:00+00:00,ETHUSDT,MAX_HOLD,2929.3,9.143733950797006e-05
2024-05-13 00:00:00+00:00,BNBUSDT,MAX_HOLD,594.8,0.00012344037622203448
2024-05-13 00:00:00+00:00,ETHUSDT,ENTRY,2929.3,0.00013419539223301924
2024-05-13 00:00:00+00:00,BNBUSDT,ENTRY,594.8,0.00017808927695959277
2024-05-17 00:00:00+00:00,SOLUSDT,INTRADAY_BARRIER,169.44,2.38921746220287e-05
2024-05-20 00:00:00+00:00,BTCUSDT,INTRADAY_BARRIER,71446.62,3.828325552853813e-05
2024-05-20 00:00:00+00:00,ETHUSDT,INTRADAY_BARRIER,3661.78,7.668631261723415e-05
2024-05-21 00:00:00+00:00,ETHUSDT,INTRADAY_BARRIER,3789.6,8.627492911795867e-05
2024-05-27 00:00:00+00:00,ETHUSDT,ENTRY,3826.47,0.00014742264122811946
2024-06-03 00:00:00+00:00,BTCUSDT,MAX_HOLD,67765.62,0.00011137953802395264
2024-06-03 00:00:00+00:00,SOLUSDT,MAX_HOLD,163.14,6.944346978675951e-05
2024-06-03 00:00:00+00:00,BNBUSDT,EARLY_RISK_OFF,602.8,0.0001804845597700782
2024-06-03 00:00:00+00:00,ETHUSDT,EARLY_RISK_OFF,3780.92,0.00014566773362190778
2024-07-22 00:00:00+00:00,BTCUSDT,ENTRY,68165.35,0.00016466180905712555
2024-07-22 00:00:00+00:00,ETHUSDT,ENTRY,3535.93,0.00014890527437924514
2024-07-22 00:00:00+00:00,SOLUSDT,ENTRY,184.49,0.00011131847184966646
2024-07-25 00:00:00+00:00,ETHUSDT,INTRADAY_BARRIER,3175.48,0.0001358510430470996
2024-07-29 00:00:00+00:00,ETHUSDT,ENTRY,3270.16,0.00015084604754686092
2024-08-01 00:00:00+00:00,BTCUSDT,INTRADAY_BARRIER,65354.02,0.00015160757772498
2024-08-01 00:00:00+00:00,SOLUSDT,INTRADAY_BARRIER,167.37,9.82642405175209e-05
2024-08-02 00:00:00+00:00,ETHUSDT,INTRADAY_BARRIER,2989.61,0.00013786040666596844
2024-09-30 00:00:00+00:00,BTCUSDT,ENTRY,65602.01,0.00021939010429060238
2024-09-30 00:00:00+00:00,BNBUSDT,ENTRY,595.6,0.00018032342304099433
2024-10-01 00:00:00+00:00,BTCUSDT,INTRADAY_BARRIER,60805.78,0.00020660760778155136
2024-10-01 00:00:00+00:00,BNBUSDT,INTRADAY_BARRIER,547.3,0.0001675409265319433
2024-10-21 00:00:00+00:00,BTCUSDT,ENTRY,69032.0,0.00021999315952403383
2024-10-28 00:00:00+00:00,BNBUSDT,ENTRY,589.3,0.00020439588987744637
2024-10-29 00:00:00+00:00,BTCUSDT,INTRADAY_BARRIER,72736.42,5.8160023111844475e-05
2024-11-01 00:00:00+00:00,BTCUSDT,INTRADAY_BARRIER,69496.01,0.00016499486964302538
2024-11-03 00:00:00+00:00,BNBUSDT,INTRADAY_BARRIER,557.7,0.00019176725531026866
2024-11-04 00:00:00+00:00,BTCUSDT,ENTRY,68775.99,0.00021285906296357555
2024-11-04 00:00:00+00:00,SOLUSDT,ENTRY,162.52,0.0001141029712344063
2024-11-06 00:00:00+00:00,BTCUSDT,INTRADAY_BARRIER,75571.99,5.636256706706581e-05
2024-11-06 00:00:00+00:00,SOLUSDT,INTRADAY_BARRIER,186.59,3.1673544134773494e-05
2024-11-08 00:00:00+00:00,BTCUSDT,INTRADAY_BARRIER,76509.78,5.9510368393237734e-05
2024-11-08 00:00:00+00:00,SOLUSDT,INTRADAY_BARRIER,199.85,3.482134546094542e-05
2024-11-10 00:00:00+00:00,BTCUSDT,INTRADAY_BARRIER,80370.01,0.0001253163394388193
2024-11-11 00:00:00+00:00,BTCUSDT,ENTRY,80370.01,0.00020159882538180497
2024-11-11 00:00:00+00:00,ETHUSDT,ENTRY,3183.2,0.00015373201718678117
2024-11-11 00:00:00+00:00,BNBUSDT,ENTRY,627.34,0.00018782199887840823
2024-11-11 00:00:00+00:00,SOLUSDT,INTRADAY_BARRIER,222.13,7.593829357423468e-05
2024-11-11 00:00:00+00:00,BTCUSDT,INTRADAY_BARRIER,88647.99,5.3614003186013924e-05
2024-11-13 00:00:00+00:00,BTCUSDT,INTRADAY_BARRIER,90375.2,5.682830002657659e-05
2024-11-18 00:00:00+00:00,ETHUSDT,EARLY_RISK_OFF,3075.99,0.0001485543313478157
2024-11-18 00:00:00+00:00,SOLUSDT,ENTRY,237.47,0.00011216408321477958
2024-11-21 00:00:00+00:00,BTCUSDT,INTRADAY_BARRIER,98317.12,0.00012008519373427855
2024-11-23 00:00:00+00:00,BNBUSDT,INTRADAY_BARRIER,650.42,5.016979656016474e-05
2024-11-25 00:00:00+00:00,BTCUSDT,ENTRY,97900.05,0.0001634233870172591
2024-11-25 00:00:00+00:00,BNBUSDT,INTRADAY_BARRIER,636.2,0.00014086649915880618
2024-12-09 00:00:00+00:00,ETHUSDT,ENTRY,4004.15,0.0001339037940656482
2024-12-09 00:00:00+00:00,BNBUSDT,ENTRY,742.0,0.00011878850325643929
2024-12-09 00:00:00+00:00,SOLUSDT,INTRADAY_BARRIER,216.63,9.923548050389001e-05
2024-12-09 00:00:00+00:00,ETHUSDT,INTRADAY_BARRIER,3712.0,0.00012088972908152528
2024-12-09 00:00:00+00:00,BNBUSDT,INTRADAY_BARRIER,689.19,0.00010577443827231638
2024-12-16 00:00:00+00:00,ETHUSDT,ENTRY,3959.09,0.00012398064021955252
2024-12-16 00:00:00+00:00,SOLUSDT,ENTRY,224.26,9.756009162264522e-05
2024-12-16 00:00:00+00:00,BNBUSDT,ENTRY,718.87,0.00010447247078578573
2024-12-16 00:00:00+00:00,BTCUSDT,INTRADAY_BARRIER,106058.66,4.412177675944825e-05
2024-12-19 00:00:00+00:00,BTCUSDT,INTRADAY_BARRIER,97461.86,0.00012256754026294432
2024-12-19 00:00:00+00:00,ETHUSDT,INTRADAY_BARRIER,3417.01,0.00011113808486062933
2024-12-19 00:00:00+00:00,SOLUSDT,INTRADAY_BARRIER,193.81,8.471753626372204e-05
2024-12-20 00:00:00+00:00,BNBUSDT,INTRADAY_BARRIER,678.6,9.162991542686255e-05
2024-12-23 00:00:00+00:00,BTCUSDT,ENTRY,95186.28,0.00012807472748509248
2024-12-23 00:00:00+00:00,SOLUSDT,ENTRY,180.53,6.606098791914418e-05
2024-12-23 00:00:00+00:00,BNBUSDT,ENTRY,649.77,8.584180289572849e-05
2025-01-03 00:00:00+00:00,SOLUSDT,INTRADAY_BARRIER,217.99,1.9666161795743342e-05
2025-01-06 00:00:00+00:00,ETHUSDT,ENTRY,3636.0,0.00012608076004131833
2025-01-06 00:00:00+00:00,BNBUSDT,INTRADAY_BARRIER,729.42,2.4611365539889423e-05
2025-01-08 00:00:00+00:00,ETHUSDT,INTRADAY_BARRIER,3327.29,0.00011335853170988835
2025-01-13 00:00:00+00:00,SOLUSDT,INTRADAY_BARRIER,182.87,4.954574093935813e-05
2025-01-17 00:00:00+00:00,BTCUSDT,INTRADAY_BARRIER,104077.48,3.5169596687230416e-05
2025-01-20 00:00:00+00:00,BTCUSDT,MAX_HOLD,101331.57,0.00010225748826448445
2025-01-20 00:00:00+00:00,BNBUSDT,MAX_HOLD,683.2,6.769370670201962e-05
2025-01-20 00:00:00+00:00,BTCUSDT,ENTRY,101331.57,0.00017040969902824455
2025-01-20 00:00:00+00:00,SOLUSDT,ENTRY,252.4,9.339951874848741e-05
2025-01-20 00:00:00+00:00,BNBUSDT,ENTRY,683.2,0.00019007512486081486
2025-01-20 00:00:00+00:00,BTCUSDT,INTRADAY_BARRIER,102260.01,4.575909906246515e-05
2025-01-21 00:00:00+00:00,BTCUSDT,INTRADAY_BARRIER,106143.82,0.00012780727427118342
2025-01-27 00:00:00+00:00,BTCUSDT,ENTRY,102620.01,0.00014482048141558726
2025-01-27 00:00:00+00:00,BNBUSDT,INTRADAY_BARRIER,679.74,0.0001774484276391988
2025-02-01 00:00:00+00:00,SOLUSDT,INTRADAY_BARRIER,213.03,8.077282152687136e-05
2025-02-03 00:00:00+00:00,SOLUSDT,ENTRY,203.52,5.272628517624709e-05
2025-02-03 00:00:00+00:00,BNBUSDT,ENTRY,617.8,0.0001533488288965549
2025-02-03 00:00:00+00:00,BTCUSDT,INTRADAY_BARRIER,101328.52,0.0001322283460172581
2025-02-03 00:00:00+00:00,BNBUSDT,INTRADAY_BARRIER,617.21,0.0001408776323762415
2025-02-10 00:00:00+00:00,SOLUSDT,EARLY_RISK_OFF,200.47,5.193611629953936e-05
2025-02-10 00:00:00+00:00,BTCUSDT,ENTRY,96462.75,0.00014239165682188525
2025-02-17 00:00:00+00:00,BNBUSDT,ENTRY,673.1,0.00010266605459330432
2025-02-25 00:00:00+00:00,BTCUSDT,INTRADAY_BARRIER,88680.4,0.0001300203268014883
2025-02-25 00:00:00+00:00,BNBUSDT,INTRADAY_BARRIER,623.49,9.02986920846297e-05
2025-05-12 00:00:00+00:00,BTCUSDT,ENTRY,104118.0,0.00023942268799324824
2025-05-12 00:00:00+00:00,BNBUSDT,ENTRY,651.15,0.0002412327365267828
2025-05-12 00:00:00+00:00,BNBUSDT,INTRADAY_BARRIER,660.07,6.336892982930785e-05
2025-05-13 00:00:00+00:00,BNBUSDT,INTRADAY_BARRIER,664.13,0.00018092455239508711
2025-05-21 00:00:00+00:00,BTCUSDT,INTRADAY_BARRIER,109643.99,6.291641769592421e-05
2025-05-26 00:00:00+00:00,BNBUSDT,ENTRY,669.45,0.00017569328181192147
2025-05-30 00:00:00+00:00,BTCUSDT,INTRADAY_BARRIER,103985.48,0.0001795670159949362
2025-06-02 00:00:00+00:00,BNBUSDT,EARLY_RISK_OFF,660.77,0.0001734152659987502
2025-06-02 00:00:00+00:00,BTCUSDT,ENTRY,105642.93,0.00022325214771202353
2025-06-16 00:00:00+00:00,BTCUSDT,EARLY_RISK_OFF,105594.02,0.00022314878762399312
2025-06-23 00:00:00+00:00,BTCUSDT,ENTRY,100963.87,0.00020210653763150346
2025-06-25 00:00:00+00:00,BTCUSDT,INTRADAY_BARRIER,107340.58,5.358764789529659e-05
2025-07-10 00:00:00+00:00,BTCUSDT,INTRADAY_BARRIER,116010.0,5.664866138271731e-05
2025-07-13 00:00:00+00:00,BTCUSDT,INTRADAY_BARRIER,119086.64,0.00011941934974027606
2025-07-14 00:00:00+00:00,BTCUSDT,ENTRY,119086.65,0.00031702043631020487
2025-07-21 00:00:00+00:00,ETHUSDT,ENTRY,3756.69,0.0001514866764587245
2025-07-21 00:00:00+00:00,BNBUSDT,ENTRY,756.82,0.00026572216205642517
2025-07-23 00:00:00+00:00,BNBUSDT,INTRADAY_BARRIER,776.74,6.951805704721017e-05
2025-07-24 00:00:00+00:00,BNBUSDT,INTRADAY_BARRIER,770.74,0.00019929162154231887
2025-07-28 00:00:00+00:00,BNBUSDT,ENTRY,844.0,0.00018687101927791942
2025-07-30 00:00:00+00:00,BNBUSDT,INTRADAY_BARRIER,793.51,0.00017446048092179865
2025-08-01 00:00:00+00:00,BTCUSDT,INTRADAY_BARRIER,113297.93,0.0003046429543755546
2025-08-01 00:00:00+00:00,ETHUSDT,INTRADAY_BARRIER,3488.2,0.00013913661032630896
2025-08-04 00:00:00+00:00,BTCUSDT,ENTRY,114208.81,0.00024403656348141923
2025-08-04 00:00:00+00:00,ETHUSDT,ENTRY,3496.75,0.00010896411140685986
2025-08-04 00:00:00+00:00,BNBUSDT,ENTRY,751.21,0.00012571888894390574
2025-08-07 00:00:00+00:00,ETHUSDT,INTRADAY_BARRIER,3910.31,3.028831474796915e-05
2025-08-09 00:00:00+00:00,ETHUSDT,INTRADAY_BARRIER,4260.62,3.333560164422333e-05
2025-08-11 00:00:00+00:00,BTCUSDT,INTRADAY_BARRIER,118686.0,6.405642776660898e-05
2025-08-11 00:00:00+00:00,BNBUSDT,INTRADAY_BARRIER,805.09,3.447700913223062e-05
2025-08-13 00:00:00+00:00,ETHUSDT,INTRADAY_BARRIER,4749.3,7.276577708095504e-05
2025-08-18 00:00:00+00:00,ETHUSDT,ENTRY,4472.34,0.00012479775505158945
2025-08-18 00:00:00+00:00,SOLUSDT,ENTRY,191.0,0.00010902290334985857
2025-08-19 00:00:00+00:00,BTCUSDT,INTRADAY_BARRIER,112872.94,0.0001830274226110644
2025-08-22 00:00:00+00:00,BNBUSDT,INTRADAY_BARRIER,900.21,3.75242960284848e-05
2025-08-24 00:00:00+00:00,ETHUSDT,INTRADAY_BARRIER,4780.15,3.4309588211209103e-05
2025-08-25 00:00:00+00:00,BTCUSDT,ENTRY,113493.59,0.00022695385517732355
2025-08-25 00:00:00+00:00,ETHUSDT,INTRADAY_BARRIER,4376.18,9.359831628869208e-05
2025-08-25 00:00:00+00:00,SOLUSDT,INTRADAY_BARRIER,187.2,3.036587528577638e-05
2025-08-26 00:00:00+00:00,SOLUSDT,OPEN_BARRIER,187.19,8.013611496620427e-05
2025-09-01 00:00:00+00:00,BNBUSDT,MAX_HOLD,857.66,7.176692422333979e-05
2025-09-01 00:00:00+00:00,ETHUSDT,ENTRY,4391.83,0.00010098817251638783
2025-09-01 00:00:00+00:00,SOLUSDT,ENTRY,200.62,8.662982250286362e-05
2025-09-01 00:00:00+00:00,BNBUSDT,ENTRY,857.66,0.00015758657970928728
2025-09-12 00:00:00+00:00,SOLUSDT,INTRADAY_BARRIER,242.18,2.4753752815710833e-05
2025-09-12 00:00:00+00:00,BNBUSDT,INTRADAY_BARRIER,924.8,4.2492942117316756e-05
2025-09-17 00:00:00+00:00,BNBUSDT,INTRADAY_BARRIER,989.98,4.5589239307311685e-05
2025-09-21 00:00:00+00:00,BNBUSDT,INTRADAY_BARRIER,1047.8,9.737107299461324e-05
2025-09-22 00:00:00+00:00,BTCUSDT,MAX_HOLD,115232.29,0.00023043074464744085
2025-09-22 00:00:00+00:00,BTCUSDT,ENTRY,115232.29,0.0003534567945949689
2025-09-22 00:00:00+00:00,BNBUSDT,ENTRY,1047.8,0.00024904430408923694
2025-09-22 00:00:00+00:00,BNBUSDT,INTRADAY_BARRIER,992.9,0.0002363786495021905
2025-09-24 00:00:00+00:00,BTCUSDT,INTRADAY_BARRIER,113307.0,0.0003407911400079225
2025-09-25 00:00:00+00:00,ETHUSDT,INTRADAY_BARRIER,3874.36,8.86029837564081e-05
2025-09-25 00:00:00+00:00,SOLUSDT,INTRADAY_BARRIER,192.74,6.497236687714771e-05
2025-09-29 00:00:00+00:00,BTCUSDT,ENTRY,112163.96,0.0003197928254893217
2025-09-29 00:00:00+00:00,ETHUSDT,ENTRY,4142.16,0.00015470630601732878
2025-09-29 00:00:00+00:00,SOLUSDT,ENTRY,210.83,0.00011228401478582033
2025-09-29 00:00:00+00:00,BNBUSDT,ENTRY,993.01,0.00015923189879260143
2025-10-01 00:00:00+00:00,BTCUSDT,INTRADAY_BARRIER,118594.99,8.304822619429392e-05
2025-10-02 00:00:00+00:00,BTCUSDT,INTRADAY_BARRIER,120529.35,8.614824601625742e-05
2025-10-02 00:00:00+00:00,ETHUSDT,INTRADAY_BARRIER,4484.35,4.1776596326295683e-05
2025-10-02 00:00:00+00:00,SOLUSDT,INTRADAY_BARRIER,234.74,3.117102351841857e-05
2025-10-02 00:00:00+00:00,BNBUSDT,INTRADAY_BARRIER,1090.22,4.2907994520113846e-05
2025-10-03 00:00:00+00:00,BNBUSDT,INTRADAY_BARRIER,1189.4,4.600801434207734e-05
2025-10-05 00:00:00+00:00,BTCUSDT,INTRADAY_BARRIER,123482.31,0.0001784965316764418
2025-10-06 00:00:00+00:00,BTCUSDT,ENTRY,123482.32,0.0003094770999198169
2025-10-06 00:00:00+00:00,BNBUSDT,INTRADAY_BARRIER,1223.19,9.821606832808166e-05
2025-10-10 00:00:00+00:00,ETHUSDT,INTRADAY_BARRIER,3829.72,0.00011602972951299657
2025-10-10 00:00:00+00:00,SOLUSDT,INTRADAY_BARRIER,188.43,8.421301108936524e-05
2025-10-10 00:00:00+00:00,BTCUSDT,INTRADAY_BARRIER,112774.5,0.00029671513869029104
2026-08-24 00:00:00+00:00,BTCUSDT,ENTRY,77734.0,0.00026244786120370505
2026-08-24 00:00:00+00:00,ETHUSDT,ENTRY,2463.42,0.00019068907543564096
2026-08-24 00:00:00+00:00,SOLUSDT,ENTRY,95.44,0.00017198093519068278
2026-08-24 00:00:00+00:00,BNBUSDT,ENTRY,702.37,0.0002592821115163081
2026-08-25 00:00:00+00:00,SOLUSDT,INTRADAY_BARRIER,96.6,4.615140110683332e-05
2026-08-26 00:00:00+00:00,SOLUSDT,INTRADAY_BARRIER,102.07,0.00012898570139301208
2026-08-28 00:00:00+00:00,BTCUSDT,INTRADAY_BARRIER,77845.87,6.876813261008889e-05
2026-08-29 00:00:00+00:00,BTCUSDT,INTRADAY_BARRIER,78230.0,0.00019683589590277877
2026-08-31 00:00:00+00:00,BNBUSDT,EARLY_RISK_OFF,684.73,0.00025277024960998
2026-08-31 00:00:00+00:00,BTCUSDT,ENTRY,77682.0,0.00020023662271698845
2026-08-31 00:00:00+00:00,SOLUSDT,ENTRY,101.75,0.00012195550660186677
2026-08-31 00:00:00+00:00,ETHUSDT,END_OF_DATA,2467.65,0.00019101651240907333
2026-08-31 00:00:00+00:00,BTCUSDT,END_OF_DATA,78581.29,0.0002025546731333418
2026-08-31 00:00:00+00:00,SOLUSDT,END_OF_DATA,103.06,0.00012352564629374338
