symbol,month,status,bytes,sha256,path
BNBUSDT,2017-11,DOWNLOADED_VERIFIED,1689,9c2250fff6a1a642b3af3f9e93a6c7e4f16a312dbb45cf64ecd1be3d21610403,C:\Users\vntfadmin\OneDrive - THG\Documents\Build Signal Bot\core4_portfolio_allocator\data\binance_spot_1d\BNBUSDT\BNBUSDT-1d-2017-11.zip
BNBUSDT,2017-12,DOWNLOADED_VERIFIED,2033,87be3a786673a9c2c47a3a97deb23c67110becb25b460c18d0740594c2450137,C:\Users\vntfadmin\OneDrive - THG\Documents\Build Signal Bot\core4_portfolio_allocator\data\binance_spot_1d\BNBUSDT\BNBUSDT-1d-2017-12.zip
BNBUSDT,2018-01,DOWNLOADED_VERIFIED,1977,6f36906c4ea049a4bac62a97bce6da85d6e759b0ff04b033794fc798b28eaf61,C:\Users\vntfadmin\OneDrive - THG\Documents\Build Signal Bot\core4_portfolio_allocator\data\binance_spot_1d\BNBUSDT\BNBUSDT-1d-2018-01.zip
BNBUSDT,2018-02,DOWNLOADED_VERIFIED,1764,167ee718026763923b3dd47f99db8c59a36525e41ef7bf09bee9d5630a6ec05b,C:\Users\vntfadmin\OneDrive - THG\Documents\Build Signal Bot\core4_portfolio_allocator\data\binance_spot_1d\BNBUSDT\BNBUSDT-1d-2018-02.zip
BNBUSDT,2018-03,DOWNLOADED_VERIFIED,1946,b0518d5aaf86e5bb775b843e040f936f7a3a737da9e2994013cad788f4d89981,C:\Users\vntfadmin\OneDrive - THG\Documents\Build Signal Bot\core4_portfolio_allocator\data\binance_spot_1d\BNBUSDT\BNBUSDT-1d-2018-03.zip
BNBUSDT,2018-04,DOWNLOADED_VERIFIED,1884,20b740e3edbaf0adf3f29b9857e8165670c064d8eee84809e0482535f10e9cb3,C:\Users\vntfadmin\OneDrive - THG\Documents\Build Signal Bot\core4_portfolio_allocator\data\binance_spot_1d\BNBUSDT\BNBUSDT-1d-2018-04.zip
BNBUSDT,2018-05,DOWNLOADED_VERIFIED,1930,55aa0ac7c22f32dbc591624e58dd51bec9b6147b4f52b0641808c223cc98e941,C:\Users\vntfadmin\OneDrive - THG\Documents\Build Signal Bot\core4_portfolio_allocator\data\binance_spot_1d\BNBUSDT\BNBUSDT-1d-2018-05.zip
BNBUSDT,2018-06,DOWNLOADED_VERIFIED,1872,461fb4d22ce36539d10bf5764f80f03c72386d6b74956bccc30083ca69d61c7b,C:\Users\vntfadmin\OneDrive - THG\Documents\Build Signal Bot\core4_portfolio_allocator\data\binance_spot_1d\BNBUSDT\BNBUSDT-1d-2018-06.zip
BNBUSDT,2018-07,DOWNLOADED_VERIFIED,1925,2739987c19f951d9d166b3cf15095d4045ab5d8c85e46f1ffefc1fb4f58dddad,C:\Users\vntfadmin\OneDrive - THG\Documents\Build Signal Bot\core4_portfolio_allocator\data\binance_spot_1d\BNBUSDT\BNBUSDT-1d-2018-07.zip
BNBUSDT,2018-08,DOWNLOADED_VERIFIED,1912,36ee2ac15466d33749a57b02932f95c2dc018e62b8e8dcea3437daada4183d4b,C:\Users\vntfadmin\OneDrive - THG\Documents\Build Signal Bot\core4_portfolio_allocator\data\binance_spot_1d\BNBUSDT\BNBUSDT-1d-2018-08.zip
BNBUSDT,2018-09,DOWNLOADED_VERIFIED,1825,1c72b273cf0cf5bfbde08f2feb295f7b15a4037f6cfb2af984967bd61e7d8853,C:\Users\vntfadmin\OneDrive - THG\Documents\Build Signal Bot\core4_portfolio_allocator\data\binance_spot_1d\BNBUSDT\BNBUSDT-1d-2018-09.zip
BNBUSDT,2018-10,DOWNLOADED_VERIFIED,1891,95f80459bc91b9d4cb239d434f2805e9bf2c3fed6ec99b7c57d006a239041f94,C:\Users\vntfadmin\OneDrive - THG\Documents\Build Signal Bot\core4_portfolio_allocator\data\binance_spot_1d\BNBUSDT\BNBUSDT-1d-2018-10.zip
BNBUSDT,2018-11,DOWNLOADED_VERIFIED,1827,325da6ded6666f57100d0265d34da48594d7dc1891394548c3c6646ae5f2796b,C:\Users\vntfadmin\OneDrive - THG\Documents\Build Signal Bot\core4_portfolio_allocator\data\binance_spot_1d\BNBUSDT\BNBUSDT-1d-2018-11.zip
BNBUSDT,2018-12,DOWNLOADED_VERIFIED,1918,3adbacf80d6f05c8ae03d3798009d60974be6a48ee1ea064586d9d9deddba286,C:\Users\vntfadmin\OneDrive - THG\Documents\Build Signal Bot\core4_portfolio_allocator\data\binance_spot_1d\BNBUSDT\BNBUSDT-1d-2018-12.zip
BNBUSDT,2019-01,DOWNLOADED_VERIFIED,1927,692f559f13db1584f7de45852a9192fd2ecab00d60c3a8fd5c8d97558ff2d818,C:\Users\vntfadmin\OneDrive - THG\Documents\Build Signal Bot\core4_portfolio_allocator\data\binance_spot_1d\BNBUSDT\BNBUSDT-1d-2019-01.zip
BNBUSDT,2019-02,DOWNLOADED_VERIFIED,1784,f24539e30a202195ba6c223b54719fe51c786edc953824dab17ac9a9f5331826,C:\Users\vntfadmin\OneDrive - THG\Documents\Build Signal Bot\core4_portfolio_allocator\data\binance_spot_1d\BNBUSDT\BNBUSDT-1d-2019-02.zip
BNBUSDT,2019-03,DOWNLOADED_VERIFIED,1983,870827a17682fd0b148f25889d1a92cb4d51e88188b08b1ed21ad72c0ad55f6c,C:\Users\vntfadmin\OneDrive - THG\Documents\Build Signal Bot\core4_portfolio_allocator\data\binance_spot_1d\BNBUSDT\BNBUSDT-1d-2019-03.zip
BNBUSDT,2019-04,DOWNLOADED_VERIFIED,1907,036fa5308d1c584a0ea93d94fe8984a8ec64a665837ea635a25c7f8d08415a82,C:\Users\vntfadmin\OneDrive - THG\Documents\Build Signal Bot\core4_portfolio_allocator\data\binance_spot_1d\BNBUSDT\BNBUSDT-1d-2019-04.zip
BNBUSDT,2019-05,DOWNLOADED_VERIFIED,1999,781b7aec2c5b4b6aa4406c469e94d79dbbcc77320f0dcc7eca4dec3904ff9b3c,C:\Users\vntfadmin\OneDrive - THG\Documents\Build Signal Bot\core4_portfolio_allocator\data\binance_spot_1d\BNBUSDT\BNBUSDT-1d-2019-05.zip
BNBUSDT,2019-06,DOWNLOADED_VERIFIED,1946,e897dd31916cdfeabaf7103554f2f7d040fa6bfeecc9920a2beefc8e09a115a7,C:\Users\vntfadmin\OneDrive - THG\Documents\Build Signal Bot\core4_portfolio_allocator\data\binance_spot_1d\BNBUSDT\BNBUSDT-1d-2019-06.zip
BNBUSDT,2019-07,DOWNLOADED_VERIFIED,2001,83795ba8ff1ae6569b011a165e9488da1a5c3ca159d5605927d5abf517f87377,C:\Users\vntfadmin\OneDrive - THG\Documents\Build Signal Bot\core4_portfolio_allocator\data\binance_spot_1d\BNBUSDT\BNBUSDT-1d-2019-07.zip
BNBUSDT,2019-08,DOWNLOADED_VERIFIED,1958,cd91b99bd2ec98d1b80639a39320a6935688a7a097c7a4a1186d85013933fca6,C:\Users\vntfadmin\OneDrive - THG\Documents\Build Signal Bot\core4_portfolio_allocator\data\binance_spot_1d\BNBUSDT\BNBUSDT-1d-2019-08.zip
BNBUSDT,2019-09,DOWNLOADED_VERIFIED,1905,8f1a3855ca7f378b02dad7c98227991eab9e768620f6b91f7bd605855bb8000b,C:\Users\vntfadmin\OneDrive - THG\Documents\Build Signal Bot\core4_portfolio_allocator\data\binance_spot_1d\BNBUSDT\BNBUSDT-1d-2019-09.zip
BNBUSDT,2019-10,DOWNLOADED_VERIFIED,1945,45cab3ced1840f9597fcb2a7e327b2f91d37cee6b4fa81719e44b79c48753d3a,C:\Users\vntfadmin\OneDrive - THG\Documents\Build Signal Bot\core4_portfolio_allocator\data\binance_spot_1d\BNBUSDT\BNBUSDT-1d-2019-10.zip
BNBUSDT,2019-11,DOWNLOADED_VERIFIED,1868,904b29eec0b1710d4b22de2a86214cf56d356c08db6c8e7314b3e7f979e3a2db,C:\Users\vntfadmin\OneDrive - THG\Documents\Build Signal Bot\core4_portfolio_allocator\data\binance_spot_1d\BNBUSDT\BNBUSDT-1d-2019-11.zip
BNBUSDT,2019-12,DOWNLOADED_VERIFIED,1903,db30ad4b427858cd0be217c9efc0bffca1502e915fb68480bdb7047489ec722a,C:\Users\vntfadmin\OneDrive - THG\Documents\Build Signal Bot\core4_portfolio_allocator\data\binance_spot_1d\BNBUSDT\BNBUSDT-1d-2019-12.zip
BNBUSDT,2020-01,DOWNLOADED_VERIFIED,1918,d14a59e7b8f307c23f00efe9527a628d05c35a394cae296099ac4622673fd39f,C:\Users\vntfadmin\OneDrive - THG\Documents\Build Signal Bot\core4_portfolio_allocator\data\binance_spot_1d\BNBUSDT\BNBUSDT-1d-2020-01.zip
BNBUSDT,2020-02,DOWNLOADED_VERIFIED,1887,431d4ccbd3ed55d18827ff6ac5905c092f0755b7839d7ce36e3f88837489b47e,C:\Users\vntfadmin\OneDrive - THG\Documents\Build Signal Bot\core4_portfolio_allocator\data\binance_spot_1d\BNBUSDT\BNBUSDT-1d-2020-02.zip
BNBUSDT,2020-03,DOWNLOADED_VERIFIED,2021,a21b4dbe131a364b88d7a1d37b6f3306020e4a0e1213b4bb84fad9f05a89e6e0,C:\Users\vntfadmin\OneDrive - THG\Documents\Build Signal Bot\core4_portfolio_allocator\data\binance_spot_1d\BNBUSDT\BNBUSDT-1d-2020-03.zip
BNBUSDT,2020-04,DOWNLOADED_VERIFIED,1929,929a9d80fc6ef48b16bf380c4228abd95040ab4057090b16274e32b64534e2c0,C:\Users\vntfadmin\OneDrive - THG\Documents\Build Signal Bot\core4_portfolio_allocator\data\binance_spot_1d\BNBUSDT\BNBUSDT-1d-2020-04.zip
BNBUSDT,2020-05,DOWNLOADED_VERIFIED,1970,a9a676b88a63fd4e2155b727e4d7518a8a2b104808dc9933b70bd9a277e6a868,C:\Users\vntfadmin\OneDrive - THG\Documents\Build Signal Bot\core4_portfolio_allocator\data\binance_spot_1d\BNBUSDT\BNBUSDT-1d-2020-05.zip
BNBUSDT,2020-06,DOWNLOADED_VERIFIED,1877,4b8767d0c3e9c7b803731e7b49b2c70ca3e2ba306326bd3858e4973d1b42a471,C:\Users\vntfadmin\OneDrive - THG\Documents\Build Signal Bot\core4_portfolio_allocator\data\binance_spot_1d\BNBUSDT\BNBUSDT-1d-2020-06.zip
BNBUSDT,2020-07,DOWNLOADED_VERIFIED,1973,0356ab02fd828403b9cc86ead9db0784be1696206991d7a678490bee4c6b7e64,C:\Users\vntfadmin\OneDrive - THG\Documents\Build Signal Bot\core4_portfolio_allocator\data\binance_spot_1d\BNBUSDT\BNBUSDT-1d-2020-07.zip
BNBUSDT,2020-08,DOWNLOADED_VERIFIED,1966,e64c429b537f08e3a1c0d8aa4732b5d79a7a21d325c0a33f8ad5185cd4ce49f8,C:\Users\vntfadmin\OneDrive - THG\Documents\Build Signal Bot\core4_portfolio_allocator\data\binance_spot_1d\BNBUSDT\BNBUSDT-1d-2020-08.zip
BNBUSDT,2020-09,DOWNLOADED_VERIFIED,2016,76a1907b742c02dd4105996c952de70dcc769a2b8b27b96a3a20cdc37856045a,C:\Users\vntfadmin\OneDrive - THG\Documents\Build Signal Bot\core4_portfolio_allocator\data\binance_spot_1d\BNBUSDT\BNBUSDT-1d-2020-09.zip
BNBUSDT,2020-10,DOWNLOADED_VERIFIED,2064,cdf00d6271cd3c15ae5365643a4ec7a075d1115cbe5860b4323a8d6fff05ddd6,C:\Users\vntfadmin\OneDrive - THG\Documents\Build Signal Bot\core4_portfolio_allocator\data\binance_spot_1d\BNBUSDT\BNBUSDT-1d-2020-10.zip
BNBUSDT,2020-11,DOWNLOADED_VERIFIED,1993,828d01209fe36b0deb6962946d19d7c04c89cff8c48cfe05a44d9daad7dede10,C:\Users\vntfadmin\OneDrive - THG\Documents\Build Signal Bot\core4_portfolio_allocator\data\binance_spot_1d\BNBUSDT\BNBUSDT-1d-2020-11.zip
BNBUSDT,2020-12,DOWNLOADED_VERIFIED,2078,1048783fa6c029b138af6364a82208a51b9ee45acf2a62c278829e4a7b1f9d22,C:\Users\vntfadmin\OneDrive - THG\Documents\Build Signal Bot\core4_portfolio_allocator\data\binance_spot_1d\BNBUSDT\BNBUSDT-1d-2020-12.zip
BNBUSDT,2021-01,DOWNLOADED_VERIFIED,2089,417c1e3b8cd487e59678bdeb773132a6ce1a5cf0d294789a438a397874b2ef1c,C:\Users\vntfadmin\OneDrive - THG\Documents\Build Signal Bot\core4_portfolio_allocator\data\binance_spot_1d\BNBUSDT\BNBUSDT-1d-2021-01.zip
BNBUSDT,2021-02,DOWNLOADED_VERIFIED,2010,3444a8ef1ae5a8b9e3f16e61f92eae7835b4e28f717c0599452da2d5e4981f8b,C:\Users\vntfadmin\OneDrive - THG\Documents\Build Signal Bot\core4_portfolio_allocator\data\binance_spot_1d\BNBUSDT\BNBUSDT-1d-2021-02.zip
BNBUSDT,2021-03,DOWNLOADED_VERIFIED,2212,43612d792baf8f308de7f4d4c32166a133eaa8f1eb69f0135e9c4f694d0f6215,C:\Users\vntfadmin\OneDrive - THG\Documents\Build Signal Bot\core4_portfolio_allocator\data\binance_spot_1d\BNBUSDT\BNBUSDT-1d-2021-03.zip
BNBUSDT,2021-04,DOWNLOADED_VERIFIED,2170,f15db2922aa07f2826eab095b01d46b5f8824861e5763278b1d0f4ed25012d59,C:\Users\vntfadmin\OneDrive - THG\Documents\Build Signal Bot\core4_portfolio_allocator\data\binance_spot_1d\BNBUSDT\BNBUSDT-1d-2021-04.zip
BNBUSDT,2021-05,DOWNLOADED_VERIFIED,2129,e6899ad8a8a79080d14327995c987d0f926bcf2a081e8fd46023cc1ba2fe623d,C:\Users\vntfadmin\OneDrive - THG\Documents\Build Signal Bot\core4_portfolio_allocator\data\binance_spot_1d\BNBUSDT\BNBUSDT-1d-2021-05.zip
BNBUSDT,2021-06,DOWNLOADED_VERIFIED,2048,0b99bf9addf12772d6f71f69558b8ab878ccc1a4fd4959cb49ce7a25e96eedb6,C:\Users\vntfadmin\OneDrive - THG\Documents\Build Signal Bot\core4_portfolio_allocator\data\binance_spot_1d\BNBUSDT\BNBUSDT-1d-2021-06.zip
BNBUSDT,2021-07,DOWNLOADED_VERIFIED,2064,4dc5d043750d0b653096e1432d3bd8e7a915a1966a4e950cb129fa8e8c243049,C:\Users\vntfadmin\OneDrive - THG\Documents\Build Signal Bot\core4_portfolio_allocator\data\binance_spot_1d\BNBUSDT\BNBUSDT-1d-2021-07.zip
BNBUSDT,2021-08,DOWNLOADED_VERIFIED,2075,3e2dcb5b1151dac49010da797d12aac49a528f0051d10c10bed5cef371e635cf,C:\Users\vntfadmin\OneDrive - THG\Documents\Build Signal Bot\core4_portfolio_allocator\data\binance_spot_1d\BNBUSDT\BNBUSDT-1d-2021-08.zip
BNBUSDT,2021-09,DOWNLOADED_VERIFIED,1882,fd6877569527c31fea8ce934f711a229563dcb6f58a189e13ecee85832729865,C:\Users\vntfadmin\OneDrive - THG\Documents\Build Signal Bot\core4_portfolio_allocator\data\binance_spot_1d\BNBUSDT\BNBUSDT-1d-2021-09.zip
BNBUSDT,2021-10,DOWNLOADED_VERIFIED,1926,225eb581ce9e11c1338081f93bc9523dafdc4c12775b15682e59a5c0de18f322,C:\Users\vntfadmin\OneDrive - THG\Documents\Build Signal Bot\core4_portfolio_allocator\data\binance_spot_1d\BNBUSDT\BNBUSDT-1d-2021-10.zip
BNBUSDT,2021-11,DOWNLOADED_VERIFIED,1877,a513976de0e411231b2a6dd56961604d8973668a0fc0dacff601f243317a42a6,C:\Users\vntfadmin\OneDrive - THG\Documents\Build Signal Bot\core4_portfolio_allocator\data\binance_spot_1d\BNBUSDT\BNBUSDT-1d-2021-11.zip
BNBUSDT,2021-12,DOWNLOADED_VERIFIED,1908,1f320541f2b83adbdaacf150e5f8f9d796b19af043e72233cc33791e8d2410b4,C:\Users\vntfadmin\OneDrive - THG\Documents\Build Signal Bot\core4_portfolio_allocator\data\binance_spot_1d\BNBUSDT\BNBUSDT-1d-2021-12.zip
BNBUSDT,2022-01,DOWNLOADED_VERIFIED,1884,662a4e0172144ca01f445e543a95985b7e74625876e82b7fd3d39b7955eaf848,C:\Users\vntfadmin\OneDrive - THG\Documents\Build Signal Bot\core4_portfolio_allocator\data\binance_spot_1d\BNBUSDT\BNBUSDT-1d-2022-01.zip
BNBUSDT,2022-02,DOWNLOADED_VERIFIED,1717,885a69c5de1c88dc85ae9dc00894bbce4d7b2adad386ad9a6f9fd47f8b6bcf4c,C:\Users\vntfadmin\OneDrive - THG\Documents\Build Signal Bot\core4_portfolio_allocator\data\binance_spot_1d\BNBUSDT\BNBUSDT-1d-2022-02.zip
BNBUSDT,2022-03,DOWNLOADED_VERIFIED,1861,b90ca82881847acca7ae92a0fa683d667e1eb324e074d393107c2f83e5702366,C:\Users\vntfadmin\OneDrive - THG\Documents\Build Signal Bot\core4_portfolio_allocator\data\binance_spot_1d\BNBUSDT\BNBUSDT-1d-2022-03.zip
BNBUSDT,2022-04,DOWNLOADED_VERIFIED,1821,5bab193539510bf059623e85ce3e531a512d45c499b9c7f830ff4a122132dddb,C:\Users\vntfadmin\OneDrive - THG\Documents\Build Signal Bot\core4_portfolio_allocator\data\binance_spot_1d\BNBUSDT\BNBUSDT-1d-2022-04.zip
BNBUSDT,2022-05,DOWNLOADED_VERIFIED,1907,f73bffec1e556dbaef3e02539cd7d7f6f72e13e213cf402e3ed208a881c39f39,C:\Users\vntfadmin\OneDrive - THG\Documents\Build Signal Bot\core4_portfolio_allocator\data\binance_spot_1d\BNBUSDT\BNBUSDT-1d-2022-05.zip
BNBUSDT,2022-06,DOWNLOADED_VERIFIED,1821,fcb679a1d470123c6de42bd5d75eae964187e324cb66ea16f0a9ccd9b3a5a389,C:\Users\vntfadmin\OneDrive - THG\Documents\Build Signal Bot\core4_portfolio_allocator\data\binance_spot_1d\BNBUSDT\BNBUSDT-1d-2022-06.zip
BNBUSDT,2022-07,DOWNLOADED_VERIFIED,1831,46f6d4b2166e7227745d88bf0d6772c3c5a1f86be612bb32f47c05352f09253c,C:\Users\vntfadmin\OneDrive - THG\Documents\Build Signal Bot\core4_portfolio_allocator\data\binance_spot_1d\BNBUSDT\BNBUSDT-1d-2022-07.zip
BNBUSDT,2022-08,DOWNLOADED_VERIFIED,1846,3dcc2907868a36cceffe7ce64404c9a109d4b34c7da7b7fa8a5e678b0f71480c,C:\Users\vntfadmin\OneDrive - THG\Documents\Build Signal Bot\core4_portfolio_allocator\data\binance_spot_1d\BNBUSDT\BNBUSDT-1d-2022-08.zip
BNBUSDT,2022-09,DOWNLOADED_VERIFIED,1784,ee847c48fe6f37cac5c68e64bbf38c134d81fdce442a16a3f0e4d0ee9a12af52,C:\Users\vntfadmin\OneDrive - THG\Documents\Build Signal Bot\core4_portfolio_allocator\data\binance_spot_1d\BNBUSDT\BNBUSDT-1d-2022-09.zip
BNBUSDT,2022-10,DOWNLOADED_VERIFIED,1819,0f78133575aa5a2ec24e9a813e6aacdbd414ba86c492d495ee94f4f6d17f6446,C:\Users\vntfadmin\OneDrive - THG\Documents\Build Signal Bot\core4_portfolio_allocator\data\binance_spot_1d\BNBUSDT\BNBUSDT-1d-2022-10.zip
BNBUSDT,2022-11,DOWNLOADED_VERIFIED,1817,8a00ca305b5e0849dac8f04508890b521260518c4930cf0b70af8c311b7906a8,C:\Users\vntfadmin\OneDrive - THG\Documents\Build Signal Bot\core4_portfolio_allocator\data\binance_spot_1d\BNBUSDT\BNBUSDT-1d-2022-11.zip
BNBUSDT,2022-12,DOWNLOADED_VERIFIED,1833,cfbd0e1a447f02ddc84ea313147644c4d8b7e2ebdee9693a7c54febab0a5b8ca,C:\Users\vntfadmin\OneDrive - THG\Documents\Build Signal Bot\core4_portfolio_allocator\data\binance_spot_1d\BNBUSDT\BNBUSDT-1d-2022-12.zip
BNBUSDT,2023-01,DOWNLOADED_VERIFIED,1834,05be0f46d31ecf6caca990c4be77f866f52cf5481361ff4abbdbd3e2a4ea374a,C:\Users\vntfadmin\OneDrive - THG\Documents\Build Signal Bot\core4_portfolio_allocator\data\binance_spot_1d\BNBUSDT\BNBUSDT-1d-2023-01.zip
BNBUSDT,2023-02,DOWNLOADED_VERIFIED,1675,410fbb22da231870ad59911391bdf07bb4aa8665aa3949c64aaf2c54ce64c849,C:\Users\vntfadmin\OneDrive - THG\Documents\Build Signal Bot\core4_portfolio_allocator\data\binance_spot_1d\BNBUSDT\BNBUSDT-1d-2023-02.zip
BNBUSDT,2023-03,DOWNLOADED_VERIFIED,1825,26fd3b5676cf6931773f5e87d341e7cc9c17cfee57b11a64921346c3bce725a0,C:\Users\vntfadmin\OneDrive - THG\Documents\Build Signal Bot\core4_portfolio_allocator\data\binance_spot_1d\BNBUSDT\BNBUSDT-1d-2023-03.zip
BNBUSDT,2023-04,DOWNLOADED_VERIFIED,1765,b4cd24822818759814338a0a86b2e36e88ad888690c8cface82f9efde3ac4b96,C:\Users\vntfadmin\OneDrive - THG\Documents\Build Signal Bot\core4_portfolio_allocator\data\binance_spot_1d\BNBUSDT\BNBUSDT-1d-2023-04.zip
BNBUSDT,2023-05,DOWNLOADED_VERIFIED,1808,3ab0a70edd10567d640dd6c7c35926716153292708b0651d939f42e5adf4fda4,C:\Users\vntfadmin\OneDrive - THG\Documents\Build Signal Bot\core4_portfolio_allocator\data\binance_spot_1d\BNBUSDT\BNBUSDT-1d-2023-05.zip
BNBUSDT,2023-06,DOWNLOADED_VERIFIED,1799,34b239403a1c0b3fdf062080dcf195e0ccd336cd192c7d85dcc8b7c5e26b1cbe,C:\Users\vntfadmin\OneDrive - THG\Documents\Build Signal Bot\core4_portfolio_allocator\data\binance_spot_1d\BNBUSDT\BNBUSDT-1d-2023-06.zip
BNBUSDT,2023-07,DOWNLOADED_VERIFIED,1818,82ef4a7e5cfefe5916b50bb6225b134baf854d7125395b292442deb27e0322df,C:\Users\vntfadmin\OneDrive - THG\Documents\Build Signal Bot\core4_portfolio_allocator\data\binance_spot_1d\BNBUSDT\BNBUSDT-1d-2023-07.zip
BNBUSDT,2023-08,DOWNLOADED_VERIFIED,1805,391f00309a8c85ad58517287ffd288156c8b50c2e129b5ca430315d4cbcbd2a5,C:\Users\vntfadmin\OneDrive - THG\Documents\Build Signal Bot\core4_portfolio_allocator\data\binance_spot_1d\BNBUSDT\BNBUSDT-1d-2023-08.zip
BNBUSDT,2023-09,DOWNLOADED_VERIFIED,1723,8bd6326ced778911b9ccd13a7b9d475fd72a4990b2e08946a0ad435d7a53ca6b,C:\Users\vntfadmin\OneDrive - THG\Documents\Build Signal Bot\core4_portfolio_allocator\data\binance_spot_1d\BNBUSDT\BNBUSDT-1d-2023-09.zip
BNBUSDT,2023-10,DOWNLOADED_VERIFIED,1807,1b12d8d8687a2c3184612fadb23d403815e4b38011b2dc8ad9c7aaab53c85a49,C:\Users\vntfadmin\OneDrive - THG\Documents\Build Signal Bot\core4_portfolio_allocator\data\binance_spot_1d\BNBUSDT\BNBUSDT-1d-2023-10.zip
BNBUSDT,2023-11,DOWNLOADED_VERIFIED,1819,265f43677cdca9c19e7cef1cee1614339bd2589a1207733f6f6f8a24fceff628,C:\Users\vntfadmin\OneDrive - THG\Documents\Build Signal Bot\core4_portfolio_allocator\data\binance_spot_1d\BNBUSDT\BNBUSDT-1d-2023-11.zip
BNBUSDT,2023-12,DOWNLOADED_VERIFIED,1874,cd892efd72678fe5885b47607a6dd57422bcfacfd899a23155a4c832a3349b98,C:\Users\vntfadmin\OneDrive - THG\Documents\Build Signal Bot\core4_portfolio_allocator\data\binance_spot_1d\BNBUSDT\BNBUSDT-1d-2023-12.zip
BNBUSDT,2024-01,DOWNLOADED_VERIFIED,1874,5d4bdb84616da2d4b6a83b9b9360c40eec0871648a0cac65734e33444faf678c,C:\Users\vntfadmin\OneDrive - THG\Documents\Build Signal Bot\core4_portfolio_allocator\data\binance_spot_1d\BNBUSDT\BNBUSDT-1d-2024-01.zip
BNBUSDT,2024-02,DOWNLOADED_VERIFIED,1743,1ab8349b900bb461b5099079b33c8e81225bcf405788b6f3b2c818a8a31f882f,C:\Users\vntfadmin\OneDrive - THG\Documents\Build Signal Bot\core4_portfolio_allocator\data\binance_spot_1d\BNBUSDT\BNBUSDT-1d-2024-02.zip
BNBUSDT,2024-03,DOWNLOADED_VERIFIED,1915,fa6108d195ab1e9ba3a93edd617fd09fc5af2ca8a58f655dc710d91415c517ae,C:\Users\vntfadmin\OneDrive - THG\Documents\Build Signal Bot\core4_portfolio_allocator\data\binance_spot_1d\BNBUSDT\BNBUSDT-1d-2024-03.zip
BNBUSDT,2024-04,DOWNLOADED_VERIFIED,1813,d7fc923f6a8b776a567eb475a6fa86cb471b06588455e6e3f4648b292d7d5d17,C:\Users\vntfadmin\OneDrive - THG\Documents\Build Signal Bot\core4_portfolio_allocator\data\binance_spot_1d\BNBUSDT\BNBUSDT-1d-2024-04.zip
BNBUSDT,2024-05,DOWNLOADED_VERIFIED,1846,805a64670052eedac4a271e180555347e4a027c2a551c57ea66b2827e4fd9eac,C:\Users\vntfadmin\OneDrive - THG\Documents\Build Signal Bot\core4_portfolio_allocator\data\binance_spot_1d\BNBUSDT\BNBUSDT-1d-2024-05.zip
BNBUSDT,2024-06,DOWNLOADED_VERIFIED,1803,3295c5a0ecb21631caa8f5c95d8d895c434c34edb2c3d4699155a0e2893cf949,C:\Users\vntfadmin\OneDrive - THG\Documents\Build Signal Bot\core4_portfolio_allocator\data\binance_spot_1d\BNBUSDT\BNBUSDT-1d-2024-06.zip
BNBUSDT,2024-07,DOWNLOADED_VERIFIED,1864,7d2b8921df19108e5f92ca27e5a846bf06831d03fc072879de63c1f66aebd33a,C:\Users\vntfadmin\OneDrive - THG\Documents\Build Signal Bot\core4_portfolio_allocator\data\binance_spot_1d\BNBUSDT\BNBUSDT-1d-2024-07.zip
BNBUSDT,2024-08,DOWNLOADED_VERIFIED,1862,074f124320c2aff60894d49aa3de8a76284c27af73379e41fe88fa0c2f191c28,C:\Users\vntfadmin\OneDrive - THG\Documents\Build Signal Bot\core4_portfolio_allocator\data\binance_spot_1d\BNBUSDT\BNBUSDT-1d-2024-08.zip
BNBUSDT,2024-09,DOWNLOADED_VERIFIED,1803,c6594d1164647e075218c6c61fd98081c655c27db443fb2fa7d5543fbeae6afd,C:\Users\vntfadmin\OneDrive - THG\Documents\Build Signal Bot\core4_portfolio_allocator\data\binance_spot_1d\BNBUSDT\BNBUSDT-1d-2024-09.zip
BNBUSDT,2024-10,DOWNLOADED_VERIFIED,1850,b9d1534493268393431f6a189a905041a794ae553f242b495c102fcd5292c3ae,C:\Users\vntfadmin\OneDrive - THG\Documents\Build Signal Bot\core4_portfolio_allocator\data\binance_spot_1d\BNBUSDT\BNBUSDT-1d-2024-10.zip
BNBUSDT,2024-11,DOWNLOADED_VERIFIED,1915,e056a4d76b86fae5d833a9d2ad1c2fdf4e33d894c93a10fb12135fa258ef152b,C:\Users\vntfadmin\OneDrive - THG\Documents\Build Signal Bot\core4_portfolio_allocator\data\binance_spot_1d\BNBUSDT\BNBUSDT-1d-2024-11.zip
BNBUSDT,2024-12,DOWNLOADED_VERIFIED,2014,cb56172239def1e8e6c983b6050971333bb6aeb3d3305be702e780d3ee2becf0,C:\Users\vntfadmin\OneDrive - THG\Documents\Build Signal Bot\core4_portfolio_allocator\data\binance_spot_1d\BNBUSDT\BNBUSDT-1d-2024-12.zip
BNBUSDT,2025-01,DOWNLOADED_VERIFIED,1998,50d7646f9fdeebba62408547b775ca328f85d1464139a1e22a761b6068edcd8d,C:\Users\vntfadmin\OneDrive - THG\Documents\Build Signal Bot\core4_portfolio_allocator\data\binance_spot_1d\BNBUSDT\BNBUSDT-1d-2025-01.zip
BNBUSDT,2025-02,DOWNLOADED_VERIFIED,1846,ca8f4a9bdf0be827132459db5ab7da08f633456dfb99ae4e3bb1fe54225597ba,C:\Users\vntfadmin\OneDrive - THG\Documents\Build Signal Bot\core4_portfolio_allocator\data\binance_spot_1d\BNBUSDT\BNBUSDT-1d-2025-02.zip
BNBUSDT,2025-03,DOWNLOADED_VERIFIED,2005,71231a1cb118abbe98f2a5e330c699afe37e2998f025c13f3e7abbf0b034705b,C:\Users\vntfadmin\OneDrive - THG\Documents\Build Signal Bot\core4_portfolio_allocator\data\binance_spot_1d\BNBUSDT\BNBUSDT-1d-2025-03.zip
BNBUSDT,2025-04,DOWNLOADED_VERIFIED,1913,a90bca13bf407336c7c5646ba8c54d0cd5bceb923d30a1dd904050b83ae0116b,C:\Users\vntfadmin\OneDrive - THG\Documents\Build Signal Bot\core4_portfolio_allocator\data\binance_spot_1d\BNBUSDT\BNBUSDT-1d-2025-04.zip
BNBUSDT,2025-05,DOWNLOADED_VERIFIED,2002,0ec9f578274d77a7a6550a78f60fcb958e53ed4f96dc2e3bfae3bfa8f0f41552,C:\Users\vntfadmin\OneDrive - THG\Documents\Build Signal Bot\core4_portfolio_allocator\data\binance_spot_1d\BNBUSDT\BNBUSDT-1d-2025-05.zip
BNBUSDT,2025-06,DOWNLOADED_VERIFIED,1906,0724ea1a2ca134c138acf4c27f88c99a7271d2ac9f065ca1f2c2ebd1361838ed,C:\Users\vntfadmin\OneDrive - THG\Documents\Build Signal Bot\core4_portfolio_allocator\data\binance_spot_1d\BNBUSDT\BNBUSDT-1d-2025-06.zip
BNBUSDT,2025-07,DOWNLOADED_VERIFIED,2009,060a89450cfa7baf8b2068962b9d961c63b6a533970256d7fc8356162ba00905,C:\Users\vntfadmin\OneDrive - THG\Documents\Build Signal Bot\core4_portfolio_allocator\data\binance_spot_1d\BNBUSDT\BNBUSDT-1d-2025-07.zip
BNBUSDT,2025-08,DOWNLOADED_VERIFIED,2026,3a26bfe42a85f8b7abef970107417d2c777f64976f84ad9137ee6b31b91d7663,C:\Users\vntfadmin\OneDrive - THG\Documents\Build Signal Bot\core4_portfolio_allocator\data\binance_spot_1d\BNBUSDT\BNBUSDT-1d-2025-08.zip
BNBUSDT,2025-09,DOWNLOADED_VERIFIED,1981,6742bc46e9a4b297ac5f3d33b940a114e444bbdfd0181f71c07d06f1853b5458,C:\Users\vntfadmin\OneDrive - THG\Documents\Build Signal Bot\core4_portfolio_allocator\data\binance_spot_1d\BNBUSDT\BNBUSDT-1d-2025-09.zip
BNBUSDT,2025-10,DOWNLOADED_VERIFIED,2078,721bbfffa88553681a7dd9422e58ccef9499a875f51efadc35ae22538c4975ef,C:\Users\vntfadmin\OneDrive - THG\Documents\Build Signal Bot\core4_portfolio_allocator\data\binance_spot_1d\BNBUSDT\BNBUSDT-1d-2025-10.zip
BNBUSDT,2025-11,DOWNLOADED_VERIFIED,1981,63fbd535e881fadbf1a7e66cb3f646537f09ea0ec7af78f1ae0e635a7b1df816,C:\Users\vntfadmin\OneDrive - THG\Documents\Build Signal Bot\core4_portfolio_allocator\data\binance_spot_1d\BNBUSDT\BNBUSDT-1d-2025-11.zip
BNBUSDT,2025-12,DOWNLOADED_VERIFIED,1985,2c80ad1f432956cc84b4e03ccb3c77c6bda03b18dd9a61a53a572d25ccaeaf55,C:\Users\vntfadmin\OneDrive - THG\Documents\Build Signal Bot\core4_portfolio_allocator\data\binance_spot_1d\BNBUSDT\BNBUSDT-1d-2025-12.zip
BNBUSDT,2026-01,DOWNLOADED_VERIFIED,1993,e936735fca3f568a7908b0c04d6c949164bb4a140bf0f79e8ab9ea9c79280ace,C:\Users\vntfadmin\OneDrive - THG\Documents\Build Signal Bot\core4_portfolio_allocator\data\binance_spot_1d\BNBUSDT\BNBUSDT-1d-2026-01.zip
BNBUSDT,2026-02,DOWNLOADED_VERIFIED,1828,dabf1ab6be9e7d81b1980545277c7e9f0a92547e082f1484c2a6f7010b652292,C:\Users\vntfadmin\OneDrive - THG\Documents\Build Signal Bot\core4_portfolio_allocator\data\binance_spot_1d\BNBUSDT\BNBUSDT-1d-2026-02.zip
BNBUSDT,2026-03,DOWNLOADED_VERIFIED,1972,e5d509e6ddd93bfcdf5851de4d9aedd4cebb6c8fcde3a17453d84d2257b264cc,C:\Users\vntfadmin\OneDrive - THG\Documents\Build Signal Bot\core4_portfolio_allocator\data\binance_spot_1d\BNBUSDT\BNBUSDT-1d-2026-03.zip
BNBUSDT,2026-04,DOWNLOADED_VERIFIED,1892,bf742554d0749a19ee88cd08c85308e6bc3652cd1d75c0a1b5838f76bec59af6,C:\Users\vntfadmin\OneDrive - THG\Documents\Build Signal Bot\core4_portfolio_allocator\data\binance_spot_1d\BNBUSDT\BNBUSDT-1d-2026-04.zip
BNBUSDT,2026-05,DOWNLOADED_VERIFIED,1984,57fdd7420c15964ac2e64b36c9b673ee00dc17a73ac1cb40d5e88c74962fa0f4,C:\Users\vntfadmin\OneDrive - THG\Documents\Build Signal Bot\core4_portfolio_allocator\data\binance_spot_1d\BNBUSDT\BNBUSDT-1d-2026-05.zip
BNBUSDT,2026-06,DOWNLOADED_VERIFIED,1928,21c09cc8a91e8ee4ac1876016c47535c8659493658c08c17a8475ade9e1f3706,C:\Users\vntfadmin\OneDrive - THG\Documents\Build Signal Bot\core4_portfolio_allocator\data\binance_spot_1d\BNBUSDT\BNBUSDT-1d-2026-06.zip
BNBUSDT,2026-07,DOWNLOADED_VERIFIED,1921,37e8ac736c88e4b4311d63fb2a28d5867939bc1b3aea62a0bebd21a001baa04c,C:\Users\vntfadmin\OneDrive - THG\Documents\Build Signal Bot\core4_portfolio_allocator\data\binance_spot_1d\BNBUSDT\BNBUSDT-1d-2026-07.zip
BNBUSDT,2026-08,DOWNLOADED_VERIFIED,1972,a40275d0befbee8674d84562a3e3e322f2dff5002de58fcc74bc9c784b416e84,C:\Users\vntfadmin\OneDrive - THG\Documents\Build Signal Bot\core4_portfolio_allocator\data\binance_spot_1d\BNBUSDT\BNBUSDT-1d-2026-08.zip
BTCUSDT,2017-08,DOWNLOADED_VERIFIED,1150,c92970f74893163b848f117a37fa5e7110ee1d800c0d9ada949940fccccfdd2f,C:\Users\vntfadmin\OneDrive - THG\Documents\Build Signal Bot\core4_portfolio_allocator\data\binance_spot_1d\BTCUSDT\BTCUSDT-1d-2017-08.zip
BTCUSDT,2017-09,DOWNLOADED_VERIFIED,2213,c4bc3912fdb4b2c2de57080b58e4912e2e3b1a95c92319f6b93b6fe433a7d8b0,C:\Users\vntfadmin\OneDrive - THG\Documents\Build Signal Bot\core4_portfolio_allocator\data\binance_spot_1d\BTCUSDT\BTCUSDT-1d-2017-09.zip
BTCUSDT,2017-10,DOWNLOADED_VERIFIED,2253,30aefbcc8dda4810360a7973e51e48dc610369e266dd6e4f0e55a58a31324e8d,C:\Users\vntfadmin\OneDrive - THG\Documents\Build Signal Bot\core4_portfolio_allocator\data\binance_spot_1d\BTCUSDT\BTCUSDT-1d-2017-10.zip
BTCUSDT,2017-11,DOWNLOADED_VERIFIED,2252,4e434af9451501eb144826ca919cfcfea8a21de47257c47edd18f8d68fa362f5,C:\Users\vntfadmin\OneDrive - THG\Documents\Build Signal Bot\core4_portfolio_allocator\data\binance_spot_1d\BTCUSDT\BTCUSDT-1d-2017-11.zip
BTCUSDT,2017-12,DOWNLOADED_VERIFIED,2291,45bf1c515b1108668b6bf10f7af323585f30cdf68e096cb71e6e3bb6aa0e9cb4,C:\Users\vntfadmin\OneDrive - THG\Documents\Build Signal Bot\core4_portfolio_allocator\data\binance_spot_1d\BTCUSDT\BTCUSDT-1d-2017-12.zip
BTCUSDT,2018-01,DOWNLOADED_VERIFIED,2201,0e4810cc35a40c0ed0314dbffd9ae0fae7b14721a46a493d686120556e1a1f75,C:\Users\vntfadmin\OneDrive - THG\Documents\Build Signal Bot\core4_portfolio_allocator\data\binance_spot_1d\BTCUSDT\BTCUSDT-1d-2018-01.zip
BTCUSDT,2018-02,DOWNLOADED_VERIFIED,1992,037b2a4846cde6fb748aeb556e9dd84d964c1418097b979a2a4063fa3e9321e3,C:\Users\vntfadmin\OneDrive - THG\Documents\Build Signal Bot\core4_portfolio_allocator\data\binance_spot_1d\BTCUSDT\BTCUSDT-1d-2018-02.zip
BTCUSDT,2018-03,DOWNLOADED_VERIFIED,2149,b950843522c5933b14bd41786b735ff329d8bc9ad9f1044b396fc0f2b4502b3a,C:\Users\vntfadmin\OneDrive - THG\Documents\Build Signal Bot\core4_portfolio_allocator\data\binance_spot_1d\BTCUSDT\BTCUSDT-1d-2018-03.zip
BTCUSDT,2018-04,DOWNLOADED_VERIFIED,2095,4c785201412d4e19acdb00095f1eca6512694bd4a009eb025fdf320a3d17a799,C:\Users\vntfadmin\OneDrive - THG\Documents\Build Signal Bot\core4_portfolio_allocator\data\binance_spot_1d\BTCUSDT\BTCUSDT-1d-2018-04.zip
BTCUSDT,2018-05,DOWNLOADED_VERIFIED,2158,5fe73fb39b58af85095e9426e4b48438a30f2c8aa30662cafe4036437ba431fe,C:\Users\vntfadmin\OneDrive - THG\Documents\Build Signal Bot\core4_portfolio_allocator\data\binance_spot_1d\BTCUSDT\BTCUSDT-1d-2018-05.zip
BTCUSDT,2018-06,DOWNLOADED_VERIFIED,2099,9cd929f61b53ef27850b51824f3ae9bfbd32500398f60c8248d2502c8cc272d6,C:\Users\vntfadmin\OneDrive - THG\Documents\Build Signal Bot\core4_portfolio_allocator\data\binance_spot_1d\BTCUSDT\BTCUSDT-1d-2018-06.zip
BTCUSDT,2018-07,DOWNLOADED_VERIFIED,2157,d1a387dc6b141c2b651fc591247923c4aba79d04e604d9b9ac898c4484a323f6,C:\Users\vntfadmin\OneDrive - THG\Documents\Build Signal Bot\core4_portfolio_allocator\data\binance_spot_1d\BTCUSDT\BTCUSDT-1d-2018-07.zip
BTCUSDT,2018-08,DOWNLOADED_VERIFIED,2163,dc7607655efcc6a6abeaa012c2b9c25b49f1bcd44662978ce679402fbfb91494,C:\Users\vntfadmin\OneDrive - THG\Documents\Build Signal Bot\core4_portfolio_allocator\data\binance_spot_1d\BTCUSDT\BTCUSDT-1d-2018-08.zip
BTCUSDT,2018-09,DOWNLOADED_VERIFIED,2084,67306134323d0bdd11fe31af648552083d9f850a1689fcd8078bde392b5f0ec0,C:\Users\vntfadmin\OneDrive - THG\Documents\Build Signal Bot\core4_portfolio_allocator\data\binance_spot_1d\BTCUSDT\BTCUSDT-1d-2018-09.zip
BTCUSDT,2018-10,DOWNLOADED_VERIFIED,2113,50483687294e6aa225ded362010a0cd6deef013c36413f2b15ebe887ae8324bd,C:\Users\vntfadmin\OneDrive - THG\Documents\Build Signal Bot\core4_portfolio_allocator\data\binance_spot_1d\BTCUSDT\BTCUSDT-1d-2018-10.zip
BTCUSDT,2018-11,DOWNLOADED_VERIFIED,2115,1765dea3f7e23349d6c5f225b9c0b8a5bb11c924bc8847d53b8965769cf83013,C:\Users\vntfadmin\OneDrive - THG\Documents\Build Signal Bot\core4_portfolio_allocator\data\binance_spot_1d\BTCUSDT\BTCUSDT-1d-2018-11.zip
BTCUSDT,2018-12,DOWNLOADED_VERIFIED,2160,5fccaa5d3e0fd00ba8592d5c3dce5bf64b41ae3f24c8b309e9329f1582417dfc,C:\Users\vntfadmin\OneDrive - THG\Documents\Build Signal Bot\core4_portfolio_allocator\data\binance_spot_1d\BTCUSDT\BTCUSDT-1d-2018-12.zip
BTCUSDT,2019-01,DOWNLOADED_VERIFIED,2149,445904985d35f847c5c0cb4dc582c10e07967aaa6a424ee30373194b2f815519,C:\Users\vntfadmin\OneDrive - THG\Documents\Build Signal Bot\core4_portfolio_allocator\data\binance_spot_1d\BTCUSDT\BTCUSDT-1d-2019-01.zip
BTCUSDT,2019-02,DOWNLOADED_VERIFIED,1955,9bcdcbc003cce89ba5917367cd617bdd5abf17e427e4f7625b62f9ab9cc7439c,C:\Users\vntfadmin\OneDrive - THG\Documents\Build Signal Bot\core4_portfolio_allocator\data\binance_spot_1d\BTCUSDT\BTCUSDT-1d-2019-02.zip
BTCUSDT,2019-03,DOWNLOADED_VERIFIED,2119,385bd09eea4a950b5a509cc2dac8812b5945d4b7edc180a26e43287a5812a7b4,C:\Users\vntfadmin\OneDrive - THG\Documents\Build Signal Bot\core4_portfolio_allocator\data\binance_spot_1d\BTCUSDT\BTCUSDT-1d-2019-03.zip
BTCUSDT,2019-04,DOWNLOADED_VERIFIED,2074,73774cf609ff32f08ca86e999f72aa6451cf76aaf55dc51a4c7922f20c805bd3,C:\Users\vntfadmin\OneDrive - THG\Documents\Build Signal Bot\core4_portfolio_allocator\data\binance_spot_1d\BTCUSDT\BTCUSDT-1d-2019-04.zip
BTCUSDT,2019-05,DOWNLOADED_VERIFIED,2190,924f9b192e6817ebc627581d826b1272747e1d36e2725a805e616558a231919e,C:\Users\vntfadmin\OneDrive - THG\Documents\Build Signal Bot\core4_portfolio_allocator\data\binance_spot_1d\BTCUSDT\BTCUSDT-1d-2019-05.zip
BTCUSDT,2019-06,DOWNLOADED_VERIFIED,2147,a027352795179a3255ecf05cf3be4f8030e836deee0dc6a5f14ebdc173b345e2,C:\Users\vntfadmin\OneDrive - THG\Documents\Build Signal Bot\core4_portfolio_allocator\data\binance_spot_1d\BTCUSDT\BTCUSDT-1d-2019-06.zip
BTCUSDT,2019-07,DOWNLOADED_VERIFIED,2217,52afd0bad5ac94a8cfec04d8922e2ec19806783c3a905d4e1149246561c4a331,C:\Users\vntfadmin\OneDrive - THG\Documents\Build Signal Bot\core4_portfolio_allocator\data\binance_spot_1d\BTCUSDT\BTCUSDT-1d-2019-07.zip
BTCUSDT,2019-08,DOWNLOADED_VERIFIED,2212,b33dc2c6b606598d8daa5db45d60b568b42d2d4ec33b8f4cd9303da1ee6a58c4,C:\Users\vntfadmin\OneDrive - THG\Documents\Build Signal Bot\core4_portfolio_allocator\data\binance_spot_1d\BTCUSDT\BTCUSDT-1d-2019-08.zip
BTCUSDT,2019-09,DOWNLOADED_VERIFIED,2120,9d1d72fb97ea4324615b096af10a78c0511ba99569e729e483acd983fd2d0677,C:\Users\vntfadmin\OneDrive - THG\Documents\Build Signal Bot\core4_portfolio_allocator\data\binance_spot_1d\BTCUSDT\BTCUSDT-1d-2019-09.zip
BTCUSDT,2019-10,DOWNLOADED_VERIFIED,2184,f117e45966cefc57a57ba5c9296bee5b989b125b145bca5459da7201c7191db7,C:\Users\vntfadmin\OneDrive - THG\Documents\Build Signal Bot\core4_portfolio_allocator\data\binance_spot_1d\BTCUSDT\BTCUSDT-1d-2019-10.zip
BTCUSDT,2019-11,DOWNLOADED_VERIFIED,2123,d8e85503c78a4e8a0289046607f3a9e2b304d511812167ad97b3be82923df39e,C:\Users\vntfadmin\OneDrive - THG\Documents\Build Signal Bot\core4_portfolio_allocator\data\binance_spot_1d\BTCUSDT\BTCUSDT-1d-2019-11.zip
BTCUSDT,2019-12,DOWNLOADED_VERIFIED,2168,1d0cf3ae0ab25953a733b51cc84c21b4685089ed86f278ad9fc7ea3acdd4be17,C:\Users\vntfadmin\OneDrive - THG\Documents\Build Signal Bot\core4_portfolio_allocator\data\binance_spot_1d\BTCUSDT\BTCUSDT-1d-2019-12.zip
BTCUSDT,2020-01,DOWNLOADED_VERIFIED,2192,b77d84cc335299783f64e6ef845ffbab6cc6198a2c396cc1c2c6f8dd1a9db5a5,C:\Users\vntfadmin\OneDrive - THG\Documents\Build Signal Bot\core4_portfolio_allocator\data\binance_spot_1d\BTCUSDT\BTCUSDT-1d-2020-01.zip
BTCUSDT,2020-02,DOWNLOADED_VERIFIED,2045,808ebfc66e77113d4d5f4ead3a5e0eab4404b62548fa786b07830a4d73972152,C:\Users\vntfadmin\OneDrive - THG\Documents\Build Signal Bot\core4_portfolio_allocator\data\binance_spot_1d\BTCUSDT\BTCUSDT-1d-2020-02.zip
BTCUSDT,2020-03,DOWNLOADED_VERIFIED,2222,26a062af0efb4dbba71fa3db7a041629ee7cc4cf636ed13a98bf90f8fe0e1d0d,C:\Users\vntfadmin\OneDrive - THG\Documents\Build Signal Bot\core4_portfolio_allocator\data\binance_spot_1d\BTCUSDT\BTCUSDT-1d-2020-03.zip
BTCUSDT,2020-04,DOWNLOADED_VERIFIED,2126,bf4674f7aaf5baafea9e1d73c95344558b381dfe0c117110a156a0d64d8d5cf5,C:\Users\vntfadmin\OneDrive - THG\Documents\Build Signal Bot\core4_portfolio_allocator\data\binance_spot_1d\BTCUSDT\BTCUSDT-1d-2020-04.zip
BTCUSDT,2020-05,DOWNLOADED_VERIFIED,2183,7ae5d56d12ce599fbceac80ae04bde51c7421b39f22f924f1f46a53e560a1f75,C:\Users\vntfadmin\OneDrive - THG\Documents\Build Signal Bot\core4_portfolio_allocator\data\binance_spot_1d\BTCUSDT\BTCUSDT-1d-2020-05.zip
BTCUSDT,2020-06,DOWNLOADED_VERIFIED,2103,19e9ffb7c77e0b8c7bc17d6c47fdc52eb50fcb61ac8d94d32b9c13eb17c700d6,C:\Users\vntfadmin\OneDrive - THG\Documents\Build Signal Bot\core4_portfolio_allocator\data\binance_spot_1d\BTCUSDT\BTCUSDT-1d-2020-06.zip
BTCUSDT,2020-07,DOWNLOADED_VERIFIED,2174,76fab627ce54ba1457c63e3906e2afd3162cf053283709672fb3eb676b3dde3b,C:\Users\vntfadmin\OneDrive - THG\Documents\Build Signal Bot\core4_portfolio_allocator\data\binance_spot_1d\BTCUSDT\BTCUSDT-1d-2020-07.zip
BTCUSDT,2020-08,DOWNLOADED_VERIFIED,2197,ff20895a43680f991fa26ee2c9b34376c17487404d57a22f088af8c7ed1fd9ec,C:\Users\vntfadmin\OneDrive - THG\Documents\Build Signal Bot\core4_portfolio_allocator\data\binance_spot_1d\BTCUSDT\BTCUSDT-1d-2020-08.zip
BTCUSDT,2020-09,DOWNLOADED_VERIFIED,2148,d6f9590a181d58a992e6a3ce2346a4dbc96ecf5310c12df66c57be4818bfc28a,C:\Users\vntfadmin\OneDrive - THG\Documents\Build Signal Bot\core4_portfolio_allocator\data\binance_spot_1d\BTCUSDT\BTCUSDT-1d-2020-09.zip
BTCUSDT,2020-10,DOWNLOADED_VERIFIED,2210,e240ecb14f1120af34290ed9c7e8937e7cd8a80f0d0bbc88a924f7e520e78cec,C:\Users\vntfadmin\OneDrive - THG\Documents\Build Signal Bot\core4_portfolio_allocator\data\binance_spot_1d\BTCUSDT\BTCUSDT-1d-2020-10.zip
BTCUSDT,2020-11,DOWNLOADED_VERIFIED,2161,4a7b8bd36409c7ae92916489621e298d750e5dda7be5b7389dc814dffb16a29e,C:\Users\vntfadmin\OneDrive - THG\Documents\Build Signal Bot\core4_portfolio_allocator\data\binance_spot_1d\BTCUSDT\BTCUSDT-1d-2020-11.zip
BTCUSDT,2020-12,DOWNLOADED_VERIFIED,2231,77e2c7fa9a940828b3f36f7212f6def777acfc1402d173bdfad958d2e37ea469,C:\Users\vntfadmin\OneDrive - THG\Documents\Build Signal Bot\core4_portfolio_allocator\data\binance_spot_1d\BTCUSDT\BTCUSDT-1d-2020-12.zip
BTCUSDT,2021-01,DOWNLOADED_VERIFIED,2295,6ff53d94f600e2a208882bfd5c00e2133cff8f07e57b7f373af29f85f86e0284,C:\Users\vntfadmin\OneDrive - THG\Documents\Build Signal Bot\core4_portfolio_allocator\data\binance_spot_1d\BTCUSDT\BTCUSDT-1d-2021-01.zip
BTCUSDT,2021-02,DOWNLOADED_VERIFIED,2103,f18254dc4a70f396494be83a6081cfafd1935aaef42aef5a12f18b0244edeb27,C:\Users\vntfadmin\OneDrive - THG\Documents\Build Signal Bot\core4_portfolio_allocator\data\binance_spot_1d\BTCUSDT\BTCUSDT-1d-2021-02.zip
BTCUSDT,2021-03,DOWNLOADED_VERIFIED,2282,f43e48b5efc8e0b06e0520b91aad4e5668844c766933c0c5cf403115dba03303,C:\Users\vntfadmin\OneDrive - THG\Documents\Build Signal Bot\core4_portfolio_allocator\data\binance_spot_1d\BTCUSDT\BTCUSDT-1d-2021-03.zip
BTCUSDT,2021-04,DOWNLOADED_VERIFIED,2189,3dd852f06608173dec98b7210f6a38728ef221f08717b362b4f3f09436e0a5fe,C:\Users\vntfadmin\OneDrive - THG\Documents\Build Signal Bot\core4_portfolio_allocator\data\binance_spot_1d\BTCUSDT\BTCUSDT-1d-2021-04.zip
BTCUSDT,2021-05,DOWNLOADED_VERIFIED,2283,3122e1ebaa1376937d479964563dced19f850636a700bb7cb97d7872ea8c8f28,C:\Users\vntfadmin\OneDrive - THG\Documents\Build Signal Bot\core4_portfolio_allocator\data\binance_spot_1d\BTCUSDT\BTCUSDT-1d-2021-05.zip
BTCUSDT,2021-06,DOWNLOADED_VERIFIED,2204,9875e11e890f75ef6eb0188ef7f952e5c0ba6919bd6d72d3da4d6847b84c5ccf,C:\Users\vntfadmin\OneDrive - THG\Documents\Build Signal Bot\core4_portfolio_allocator\data\binance_spot_1d\BTCUSDT\BTCUSDT-1d-2021-06.zip
BTCUSDT,2021-07,DOWNLOADED_VERIFIED,2264,636f588a6abb568f977aea3ae798f34ced4135f2f96fbc1493a2f9ab54a844eb,C:\Users\vntfadmin\OneDrive - THG\Documents\Build Signal Bot\core4_portfolio_allocator\data\binance_spot_1d\BTCUSDT\BTCUSDT-1d-2021-07.zip
BTCUSDT,2021-08,DOWNLOADED_VERIFIED,2246,68612e3fb74c184f97e4d3b2e061dd3743156401a6813ab897014b0b35caedd7,C:\Users\vntfadmin\OneDrive - THG\Documents\Build Signal Bot\core4_portfolio_allocator\data\binance_spot_1d\BTCUSDT\BTCUSDT-1d-2021-08.zip
BTCUSDT,2021-09,DOWNLOADED_VERIFIED,2156,9f6535a0fe8a417b0909d230e4a02f6a9933eb23c770f54c9f6bf140e8d02257,C:\Users\vntfadmin\OneDrive - THG\Documents\Build Signal Bot\core4_portfolio_allocator\data\binance_spot_1d\BTCUSDT\BTCUSDT-1d-2021-09.zip
BTCUSDT,2021-10,DOWNLOADED_VERIFIED,2210,ba50ff3dab5726ca8b9fa26065fe3a8f612aed4baa978ecdd9d39647cd108684,C:\Users\vntfadmin\OneDrive - THG\Documents\Build Signal Bot\core4_portfolio_allocator\data\binance_spot_1d\BTCUSDT\BTCUSDT-1d-2021-10.zip
BTCUSDT,2021-11,DOWNLOADED_VERIFIED,2166,64162d8ec11458e9d02f49d8569e47765517852bcf0a908cd4d71211e3912e62,C:\Users\vntfadmin\OneDrive - THG\Documents\Build Signal Bot\core4_portfolio_allocator\data\binance_spot_1d\BTCUSDT\BTCUSDT-1d-2021-11.zip
BTCUSDT,2021-12,DOWNLOADED_VERIFIED,2196,6231b57d3a3b71fb76a1a34078a01a01275a59870857bf60408ccd3ba4618e75,C:\Users\vntfadmin\OneDrive - THG\Documents\Build Signal Bot\core4_portfolio_allocator\data\binance_spot_1d\BTCUSDT\BTCUSDT-1d-2021-12.zip
BTCUSDT,2022-01,DOWNLOADED_VERIFIED,2183,a4a2e0432a8f0b42e2da71ac26599b2e6385b579ca4feba692a95cb897decdcd,C:\Users\vntfadmin\OneDrive - THG\Documents\Build Signal Bot\core4_portfolio_allocator\data\binance_spot_1d\BTCUSDT\BTCUSDT-1d-2022-01.zip
BTCUSDT,2022-02,DOWNLOADED_VERIFIED,2011,faffa5eadb9ebf0b32742773777596d0dbf3f282e94a16dd05cf1eb7b53a3763,C:\Users\vntfadmin\OneDrive - THG\Documents\Build Signal Bot\core4_portfolio_allocator\data\binance_spot_1d\BTCUSDT\BTCUSDT-1d-2022-02.zip
BTCUSDT,2022-03,DOWNLOADED_VERIFIED,2206,452129b478585b18931f728f89daed9d2a19d4824b932af7a099366efd4db639,C:\Users\vntfadmin\OneDrive - THG\Documents\Build Signal Bot\core4_portfolio_allocator\data\binance_spot_1d\BTCUSDT\BTCUSDT-1d-2022-03.zip
BTCUSDT,2022-04,DOWNLOADED_VERIFIED,2117,70413f67212d012ebfd600a6ebf20c03a9c8311bf764ab6d21d1bfd2d21d1b19,C:\Users\vntfadmin\OneDrive - THG\Documents\Build Signal Bot\core4_portfolio_allocator\data\binance_spot_1d\BTCUSDT\BTCUSDT-1d-2022-04.zip
BTCUSDT,2022-05,DOWNLOADED_VERIFIED,2212,53eee1be2d5b461dabc67645ad706610b0465d8bbacd5f9cd99fc790c68f18f5,C:\Users\vntfadmin\OneDrive - THG\Documents\Build Signal Bot\core4_portfolio_allocator\data\binance_spot_1d\BTCUSDT\BTCUSDT-1d-2022-05.zip
BTCUSDT,2022-06,DOWNLOADED_VERIFIED,2169,dd5047ce33c16231bcb01f534951a709937bbfe0c0667c61f20f188cf9b94de4,C:\Users\vntfadmin\OneDrive - THG\Documents\Build Signal Bot\core4_portfolio_allocator\data\binance_spot_1d\BTCUSDT\BTCUSDT-1d-2022-06.zip
BTCUSDT,2022-07,DOWNLOADED_VERIFIED,2245,216567f1a8bc1dbeaada097f7eddff12dafde177c16b26507c762a613a57eb5f,C:\Users\vntfadmin\OneDrive - THG\Documents\Build Signal Bot\core4_portfolio_allocator\data\binance_spot_1d\BTCUSDT\BTCUSDT-1d-2022-07.zip
BTCUSDT,2022-08,DOWNLOADED_VERIFIED,2237,fc8bd69e95141afb6f83c5a4450c3f6b49c4a1cb16e42d90eb960c3ffa9e766e,C:\Users\vntfadmin\OneDrive - THG\Documents\Build Signal Bot\core4_portfolio_allocator\data\binance_spot_1d\BTCUSDT\BTCUSDT-1d-2022-08.zip
BTCUSDT,2022-09,DOWNLOADED_VERIFIED,2213,68a8357e23277ebd98842fd88d492b012d53dd578b5061cafb8c070c440b235e,C:\Users\vntfadmin\OneDrive - THG\Documents\Build Signal Bot\core4_portfolio_allocator\data\binance_spot_1d\BTCUSDT\BTCUSDT-1d-2022-09.zip
BTCUSDT,2022-10,DOWNLOADED_VERIFIED,2219,5b086535cba596ef1b465f247a26385b4ccfd12673a76f225e2dd9e00dddadfd,C:\Users\vntfadmin\OneDrive - THG\Documents\Build Signal Bot\core4_portfolio_allocator\data\binance_spot_1d\BTCUSDT\BTCUSDT-1d-2022-10.zip
BTCUSDT,2022-11,DOWNLOADED_VERIFIED,2191,142202b226078f54342c4a1d74c8c6081a98c655d7d6f6fba06314f9c101e2d9,C:\Users\vntfadmin\OneDrive - THG\Documents\Build Signal Bot\core4_portfolio_allocator\data\binance_spot_1d\BTCUSDT\BTCUSDT-1d-2022-11.zip
BTCUSDT,2022-12,DOWNLOADED_VERIFIED,2222,aff24746afa9a3dbd355dd3462bcef80e59e96ed9aa55f79007532f9e07991bf,C:\Users\vntfadmin\OneDrive - THG\Documents\Build Signal Bot\core4_portfolio_allocator\data\binance_spot_1d\BTCUSDT\BTCUSDT-1d-2022-12.zip
BTCUSDT,2023-01,DOWNLOADED_VERIFIED,2250,a9fd53b75add7cc42fb4779a545811606260f79810f3826215d6ebecda11bb36,C:\Users\vntfadmin\OneDrive - THG\Documents\Build Signal Bot\core4_portfolio_allocator\data\binance_spot_1d\BTCUSDT\BTCUSDT-1d-2023-01.zip
BTCUSDT,2023-02,DOWNLOADED_VERIFIED,2072,13df1e3633f15be3eeba4768d0cc323ef221191002657b53936a6d0fb5e6556f,C:\Users\vntfadmin\OneDrive - THG\Documents\Build Signal Bot\core4_portfolio_allocator\data\binance_spot_1d\BTCUSDT\BTCUSDT-1d-2023-02.zip
BTCUSDT,2023-03,DOWNLOADED_VERIFIED,2265,1cb1209700ec74fa4592048de2e4ea4a38ab2bd622dfe03f1d6195c249501381,C:\Users\vntfadmin\OneDrive - THG\Documents\Build Signal Bot\core4_portfolio_allocator\data\binance_spot_1d\BTCUSDT\BTCUSDT-1d-2023-03.zip
BTCUSDT,2023-04,DOWNLOADED_VERIFIED,2108,999e86be73731ebc347c6ada94abceb5e291b65e7f1b4df2ce390af1aa2a4a08,C:\Users\vntfadmin\OneDrive - THG\Documents\Build Signal Bot\core4_portfolio_allocator\data\binance_spot_1d\BTCUSDT\BTCUSDT-1d-2023-04.zip
BTCUSDT,2023-05,DOWNLOADED_VERIFIED,2168,c343e4689784c29f83d25147a096dd44b6ae5c1063c909f8adda82b56414469d,C:\Users\vntfadmin\OneDrive - THG\Documents\Build Signal Bot\core4_portfolio_allocator\data\binance_spot_1d\BTCUSDT\BTCUSDT-1d-2023-05.zip
BTCUSDT,2023-06,DOWNLOADED_VERIFIED,2099,634919565c55a29729543d730927ca4b547c0e52d118a38de730f37fdd7617ef,C:\Users\vntfadmin\OneDrive - THG\Documents\Build Signal Bot\core4_portfolio_allocator\data\binance_spot_1d\BTCUSDT\BTCUSDT-1d-2023-06.zip
BTCUSDT,2023-07,DOWNLOADED_VERIFIED,2132,32363d37de02e6ad8d334ac332c685f8cdf5684733a9f2cfbca40e15e591396b,C:\Users\vntfadmin\OneDrive - THG\Documents\Build Signal Bot\core4_portfolio_allocator\data\binance_spot_1d\BTCUSDT\BTCUSDT-1d-2023-07.zip
BTCUSDT,2023-08,DOWNLOADED_VERIFIED,2160,8c5e47bfe3f0b0273534379e8ba5c93e69c84d67e8b9a03f293d6621bead2a5f,C:\Users\vntfadmin\OneDrive - THG\Documents\Build Signal Bot\core4_portfolio_allocator\data\binance_spot_1d\BTCUSDT\BTCUSDT-1d-2023-08.zip
BTCUSDT,2023-09,DOWNLOADED_VERIFIED,2080,2fe68ecad48d6927a9280d89700e991cb6481dc2767698c785f2b2d1c0b14744,C:\Users\vntfadmin\OneDrive - THG\Documents\Build Signal Bot\core4_portfolio_allocator\data\binance_spot_1d\BTCUSDT\BTCUSDT-1d-2023-09.zip
BTCUSDT,2023-10,DOWNLOADED_VERIFIED,2154,358b83bf0c2a5d5390a4bc4d4ae14fa9df0f56139642ad996c0df0f7bc712400,C:\Users\vntfadmin\OneDrive - THG\Documents\Build Signal Bot\core4_portfolio_allocator\data\binance_spot_1d\BTCUSDT\BTCUSDT-1d-2023-10.zip
BTCUSDT,2023-11,DOWNLOADED_VERIFIED,2102,fac9823cac7bf56a3a6038c3b79417e949b00c172939e62000451c8c25edd7c1,C:\Users\vntfadmin\OneDrive - THG\Documents\Build Signal Bot\core4_portfolio_allocator\data\binance_spot_1d\BTCUSDT\BTCUSDT-1d-2023-11.zip
BTCUSDT,2023-12,DOWNLOADED_VERIFIED,2177,056dad65795c9264ef90ee668a4c245e8fec73ebcbb272d28f5596c389913979,C:\Users\vntfadmin\OneDrive - THG\Documents\Build Signal Bot\core4_portfolio_allocator\data\binance_spot_1d\BTCUSDT\BTCUSDT-1d-2023-12.zip
BTCUSDT,2024-01,DOWNLOADED_VERIFIED,2190,474c1ce6fbb09e42cfc7231fee249aecc58af2fb5918570ffeba37998926b4a4,C:\Users\vntfadmin\OneDrive - THG\Documents\Build Signal Bot\core4_portfolio_allocator\data\binance_spot_1d\BTCUSDT\BTCUSDT-1d-2024-01.zip
BTCUSDT,2024-02,DOWNLOADED_VERIFIED,2053,4dae0b3d6b8ea59e39e6493b7964040c52459ea7b0a50b9c2793dcbfae53800d,C:\Users\vntfadmin\OneDrive - THG\Documents\Build Signal Bot\core4_portfolio_allocator\data\binance_spot_1d\BTCUSDT\BTCUSDT-1d-2024-02.zip
BTCUSDT,2024-03,DOWNLOADED_VERIFIED,2224,f7cd4fcafe79d1fac0c830d5fe152f7b3b9100e7c97e40352188766388af0ae0,C:\Users\vntfadmin\OneDrive - THG\Documents\Build Signal Bot\core4_portfolio_allocator\data\binance_spot_1d\BTCUSDT\BTCUSDT-1d-2024-03.zip
BTCUSDT,2024-04,DOWNLOADED_VERIFIED,2141,b4a8542c33e5251fb53f8a3352dd4e6f3cde4ac25f2c24935db8089aa1a2c3a0,C:\Users\vntfadmin\OneDrive - THG\Documents\Build Signal Bot\core4_portfolio_allocator\data\binance_spot_1d\BTCUSDT\BTCUSDT-1d-2024-04.zip
BTCUSDT,2024-05,DOWNLOADED_VERIFIED,2185,0175f696039b9e30f06c6398d218c99e577661ac30424869c648fe9770507248,C:\Users\vntfadmin\OneDrive - THG\Documents\Build Signal Bot\core4_portfolio_allocator\data\binance_spot_1d\BTCUSDT\BTCUSDT-1d-2024-05.zip
BTCUSDT,2024-06,DOWNLOADED_VERIFIED,2095,8a0f6416c2a83cfa15ba26c688d716fdafe35bb1748dd244f0550e8b2f7e38f7,C:\Users\vntfadmin\OneDrive - THG\Documents\Build Signal Bot\core4_portfolio_allocator\data\binance_spot_1d\BTCUSDT\BTCUSDT-1d-2024-06.zip
BTCUSDT,2024-07,DOWNLOADED_VERIFIED,2203,9a2963ef6541b4d7630eff8df7b2eaee48ece33180af03c34b0bf92675692899,C:\Users\vntfadmin\OneDrive - THG\Documents\Build Signal Bot\core4_portfolio_allocator\data\binance_spot_1d\BTCUSDT\BTCUSDT-1d-2024-07.zip
BTCUSDT,2024-08,DOWNLOADED_VERIFIED,2190,df41fe3260920b85da86855b4880f34618982e689081317d3d63b9b3bbcb1d53,C:\Users\vntfadmin\OneDrive - THG\Documents\Build Signal Bot\core4_portfolio_allocator\data\binance_spot_1d\BTCUSDT\BTCUSDT-1d-2024-08.zip
BTCUSDT,2024-09,DOWNLOADED_VERIFIED,2106,89e459b2a8f4b138dc742d9358c0084fcabf719d40468e156c3149a3635f3359,C:\Users\vntfadmin\OneDrive - THG\Documents\Build Signal Bot\core4_portfolio_allocator\data\binance_spot_1d\BTCUSDT\BTCUSDT-1d-2024-09.zip
BTCUSDT,2024-10,DOWNLOADED_VERIFIED,2203,d442a5f158d45d9ff7b1584b35023a4161cf915a3857f5e71a2a2e6aa68c69c5,C:\Users\vntfadmin\OneDrive - THG\Documents\Build Signal Bot\core4_portfolio_allocator\data\binance_spot_1d\BTCUSDT\BTCUSDT-1d-2024-10.zip
BTCUSDT,2024-11,DOWNLOADED_VERIFIED,2157,b197219d9e8b5e933226e1cd24fe2b7bfc3a2e8a3e74e6f7dc08a48f314da8c3,C:\Users\vntfadmin\OneDrive - THG\Documents\Build Signal Bot\core4_portfolio_allocator\data\binance_spot_1d\BTCUSDT\BTCUSDT-1d-2024-11.zip
BTCUSDT,2024-12,DOWNLOADED_VERIFIED,2218,82ec90210f492694b9d01722f97f579108ee787968b8485b53d736ea735700da,C:\Users\vntfadmin\OneDrive - THG\Documents\Build Signal Bot\core4_portfolio_allocator\data\binance_spot_1d\BTCUSDT\BTCUSDT-1d-2024-12.zip
BTCUSDT,2025-01,DOWNLOADED_VERIFIED,2254,3a3eb1b723d944deb4dbef5ae361bbe39340a17fe987fe22e397ef03dca268d2,C:\Users\vntfadmin\OneDrive - THG\Documents\Build Signal Bot\core4_portfolio_allocator\data\binance_spot_1d\BTCUSDT\BTCUSDT-1d-2025-01.zip
BTCUSDT,2025-02,DOWNLOADED_VERIFIED,2039,27cfde08c9eb8e3801fb049e3be351a3e50ab46abd8553c24023fa98ea5e919e,C:\Users\vntfadmin\OneDrive - THG\Documents\Build Signal Bot\core4_portfolio_allocator\data\binance_spot_1d\BTCUSDT\BTCUSDT-1d-2025-02.zip
BTCUSDT,2025-03,DOWNLOADED_VERIFIED,2249,5874e405f55c46f040de1a8ea9daae583dc12b5bcaef6078b21aae9c627cedcc,C:\Users\vntfadmin\OneDrive - THG\Documents\Build Signal Bot\core4_portfolio_allocator\data\binance_spot_1d\BTCUSDT\BTCUSDT-1d-2025-03.zip
BTCUSDT,2025-04,DOWNLOADED_VERIFIED,2165,8068a571425857cb0f5f71f75e733d3bc1e731362a09f84f835bbea6e087aeb2,C:\Users\vntfadmin\OneDrive - THG\Documents\Build Signal Bot\core4_portfolio_allocator\data\binance_spot_1d\BTCUSDT\BTCUSDT-1d-2025-04.zip
BTCUSDT,2025-05,DOWNLOADED_VERIFIED,2253,2b87aa0c63641ba1e954855bcfed96d7fc4eb21efe7936f354ff74e8e06cfcea,C:\Users\vntfadmin\OneDrive - THG\Documents\Build Signal Bot\core4_portfolio_allocator\data\binance_spot_1d\BTCUSDT\BTCUSDT-1d-2025-05.zip
BTCUSDT,2025-06,DOWNLOADED_VERIFIED,2170,dc4bbe2c75f04372b909febe8e6b379b053f88423d78cdb3ad8b0be3a66d6ede,C:\Users\vntfadmin\OneDrive - THG\Documents\Build Signal Bot\core4_portfolio_allocator\data\binance_spot_1d\BTCUSDT\BTCUSDT-1d-2025-06.zip
BTCUSDT,2025-07,DOWNLOADED_VERIFIED,2232,1ea64a346f6be0aaf455eb1ce107e6d38367164d97d0dd3719b9f9bb239796f4,C:\Users\vntfadmin\OneDrive - THG\Documents\Build Signal Bot\core4_portfolio_allocator\data\binance_spot_1d\BTCUSDT\BTCUSDT-1d-2025-07.zip
BTCUSDT,2025-08,DOWNLOADED_VERIFIED,2237,6720b573210cfbb98765f4a0de6826033d203fda42a6c8364455144b703ceace,C:\Users\vntfadmin\OneDrive - THG\Documents\Build Signal Bot\core4_portfolio_allocator\data\binance_spot_1d\BTCUSDT\BTCUSDT-1d-2025-08.zip
BTCUSDT,2025-09,DOWNLOADED_VERIFIED,2154,9934e6d98a90139039bb070a90ba409ff1832ad80116920adcf088090ce4c996,C:\Users\vntfadmin\OneDrive - THG\Documents\Build Signal Bot\core4_portfolio_allocator\data\binance_spot_1d\BTCUSDT\BTCUSDT-1d-2025-09.zip
BTCUSDT,2025-10,DOWNLOADED_VERIFIED,2262,3597639a18f343c768e374157e8bd08dd046bb33693495ff4e13380abac1260e,C:\Users\vntfadmin\OneDrive - THG\Documents\Build Signal Bot\core4_portfolio_allocator\data\binance_spot_1d\BTCUSDT\BTCUSDT-1d-2025-10.zip
BTCUSDT,2025-11,DOWNLOADED_VERIFIED,2185,9eded1225f9e3f3d4f127fad46111eb403553c1125cf6d11995e69d91d037290,C:\Users\vntfadmin\OneDrive - THG\Documents\Build Signal Bot\core4_portfolio_allocator\data\binance_spot_1d\BTCUSDT\BTCUSDT-1d-2025-11.zip
BTCUSDT,2025-12,DOWNLOADED_VERIFIED,2230,b12a106198f3be3ba5916195f75c1c6d34d8e5302ab77b8fd7c4b1b58b6144f4,C:\Users\vntfadmin\OneDrive - THG\Documents\Build Signal Bot\core4_portfolio_allocator\data\binance_spot_1d\BTCUSDT\BTCUSDT-1d-2025-12.zip
BTCUSDT,2026-01,DOWNLOADED_VERIFIED,2237,b7775ddec3ddd3edafc6ad5abcc94d6ab8b8f063a0911d8a3f3daae6a8bbad2e,C:\Users\vntfadmin\OneDrive - THG\Documents\Build Signal Bot\core4_portfolio_allocator\data\binance_spot_1d\BTCUSDT\BTCUSDT-1d-2026-01.zip
BTCUSDT,2026-02,DOWNLOADED_VERIFIED,2030,f8806308002477a1a28d6cc55ec9ea7bd91bfd4b44c04500d9fc4aec50fd9464,C:\Users\vntfadmin\OneDrive - THG\Documents\Build Signal Bot\core4_portfolio_allocator\data\binance_spot_1d\BTCUSDT\BTCUSDT-1d-2026-02.zip
BTCUSDT,2026-03,DOWNLOADED_VERIFIED,2242,b81fb1942f9653564f355e3bd62dc06e0552d1c64bc966f7dce5a9c1f8780c47,C:\Users\vntfadmin\OneDrive - THG\Documents\Build Signal Bot\core4_portfolio_allocator\data\binance_spot_1d\BTCUSDT\BTCUSDT-1d-2026-03.zip
BTCUSDT,2026-04,DOWNLOADED_VERIFIED,2151,1f7da05da9f9a8f30945bde41872ca649c61d6e6e324e916f4c3cbafa0a9276a,C:\Users\vntfadmin\OneDrive - THG\Documents\Build Signal Bot\core4_portfolio_allocator\data\binance_spot_1d\BTCUSDT\BTCUSDT-1d-2026-04.zip
BTCUSDT,2026-05,DOWNLOADED_VERIFIED,2223,978936e8f1f80b570248f8d4478d6fe08d94b98bc1c7d372feb27573ff466cde,C:\Users\vntfadmin\OneDrive - THG\Documents\Build Signal Bot\core4_portfolio_allocator\data\binance_spot_1d\BTCUSDT\BTCUSDT-1d-2026-05.zip
BTCUSDT,2026-06,DOWNLOADED_VERIFIED,2144,7020d4d850a875b93f0b0fa6df4a4c36ab615273e2ab03f9e896852330dad77e,C:\Users\vntfadmin\OneDrive - THG\Documents\Build Signal Bot\core4_portfolio_allocator\data\binance_spot_1d\BTCUSDT\BTCUSDT-1d-2026-06.zip
BTCUSDT,2026-07,DOWNLOADED_VERIFIED,2193,74ddc3e39aae9445b9f9dae00d53fe2ce6ff503ee469417e207a8f5970bad11a,C:\Users\vntfadmin\OneDrive - THG\Documents\Build Signal Bot\core4_portfolio_allocator\data\binance_spot_1d\BTCUSDT\BTCUSDT-1d-2026-07.zip
BTCUSDT,2026-08,DOWNLOADED_VERIFIED,2185,fd8374a811ac7d3f4144d9c857c4f10796402c178316a25ed0c2f0ca6e16a8c1,C:\Users\vntfadmin\OneDrive - THG\Documents\Build Signal Bot\core4_portfolio_allocator\data\binance_spot_1d\BTCUSDT\BTCUSDT-1d-2026-08.zip
ETHUSDT,2017-08,DOWNLOADED_VERIFIED,1120,cdde9e90a40ce640cd5383b46d7ff5593c1b850248cba79def82b3e98607e8f6,C:\Users\vntfadmin\OneDrive - THG\Documents\Build Signal Bot\core4_portfolio_allocator\data\binance_spot_1d\ETHUSDT\ETHUSDT-1d-2017-08.zip
ETHUSDT,2017-09,DOWNLOADED_VERIFIED,2117,ed8026ce846b18fcf21dc48c251c5b54ae342d4e9a61793ae9a46f28180068b0,C:\Users\vntfadmin\OneDrive - THG\Documents\Build Signal Bot\core4_portfolio_allocator\data\binance_spot_1d\ETHUSDT\ETHUSDT-1d-2017-09.zip
ETHUSDT,2017-10,DOWNLOADED_VERIFIED,2175,63ffc66b6c0d6957263d06bc52f6d22f6855733c907c915a8ae041b6d8224893,C:\Users\vntfadmin\OneDrive - THG\Documents\Build Signal Bot\core4_portfolio_allocator\data\binance_spot_1d\ETHUSDT\ETHUSDT-1d-2017-10.zip
ETHUSDT,2017-11,DOWNLOADED_VERIFIED,2176,c191930558364a5e409451cf4d1b1647c5d9bd7b4f6a1f8cc5674db18c7918b2,C:\Users\vntfadmin\OneDrive - THG\Documents\Build Signal Bot\core4_portfolio_allocator\data\binance_spot_1d\ETHUSDT\ETHUSDT-1d-2017-11.zip
ETHUSDT,2017-12,DOWNLOADED_VERIFIED,2169,d13825d42e2cfd51b12ec7e83f96b0fdcec90a18afbaf521601c67149d6a28cf,C:\Users\vntfadmin\OneDrive - THG\Documents\Build Signal Bot\core4_portfolio_allocator\data\binance_spot_1d\ETHUSDT\ETHUSDT-1d-2017-12.zip
ETHUSDT,2018-01,DOWNLOADED_VERIFIED,2085,ed8483832f0db12c7d1e4ae57b6fb4a065a2d773b73e3b983cdabe3702e73b0b,C:\Users\vntfadmin\OneDrive - THG\Documents\Build Signal Bot\core4_portfolio_allocator\data\binance_spot_1d\ETHUSDT\ETHUSDT-1d-2018-01.zip
ETHUSDT,2018-02,DOWNLOADED_VERIFIED,1878,cbbd7a4d7b529272d382e1aa25920d906e35e73bae29b6fd0b8c3235b018b9bf,C:\Users\vntfadmin\OneDrive - THG\Documents\Build Signal Bot\core4_portfolio_allocator\data\binance_spot_1d\ETHUSDT\ETHUSDT-1d-2018-02.zip
ETHUSDT,2018-03,DOWNLOADED_VERIFIED,2066,3252621324018fb6440a6021c5fa6684dbdbb25d1f9ce45d97a9b8a0fa951759,C:\Users\vntfadmin\OneDrive - THG\Documents\Build Signal Bot\core4_portfolio_allocator\data\binance_spot_1d\ETHUSDT\ETHUSDT-1d-2018-03.zip
ETHUSDT,2018-04,DOWNLOADED_VERIFIED,2004,efe7608258aaf9e440457577b415b5b2924495c0ffa5375732d5862bc1c76eb5,C:\Users\vntfadmin\OneDrive - THG\Documents\Build Signal Bot\core4_portfolio_allocator\data\binance_spot_1d\ETHUSDT\ETHUSDT-1d-2018-04.zip
ETHUSDT,2018-05,DOWNLOADED_VERIFIED,2053,726ddb67c759f8f59408b79771751df81c8d5ffdb0b98b4a292f730ea5a0320c,C:\Users\vntfadmin\OneDrive - THG\Documents\Build Signal Bot\core4_portfolio_allocator\data\binance_spot_1d\ETHUSDT\ETHUSDT-1d-2018-05.zip
ETHUSDT,2018-06,DOWNLOADED_VERIFIED,2001,1ea19c2401da7834c05f5ef6bf267396b42a74270b2a7dc99bb6c22ab92b2967,C:\Users\vntfadmin\OneDrive - THG\Documents\Build Signal Bot\core4_portfolio_allocator\data\binance_spot_1d\ETHUSDT\ETHUSDT-1d-2018-06.zip
ETHUSDT,2018-07,DOWNLOADED_VERIFIED,2052,d9bfa2b313084c574f0da99f5fd7a0c61522c5ad38df6cf7615abcacc9ab94ed,C:\Users\vntfadmin\OneDrive - THG\Documents\Build Signal Bot\core4_portfolio_allocator\data\binance_spot_1d\ETHUSDT\ETHUSDT-1d-2018-07.zip
ETHUSDT,2018-08,DOWNLOADED_VERIFIED,2061,1006383c7741f63cd748dc5b1aa712450c5569427e41a26063f97f8bc5d3cfc0,C:\Users\vntfadmin\OneDrive - THG\Documents\Build Signal Bot\core4_portfolio_allocator\data\binance_spot_1d\ETHUSDT\ETHUSDT-1d-2018-08.zip
ETHUSDT,2018-09,DOWNLOADED_VERIFIED,2012,c3fd03563b6b9d5a7b659a7866365425e4923c3830dae7eb3377bcc796ff508d,C:\Users\vntfadmin\OneDrive - THG\Documents\Build Signal Bot\core4_portfolio_allocator\data\binance_spot_1d\ETHUSDT\ETHUSDT-1d-2018-09.zip
ETHUSDT,2018-10,DOWNLOADED_VERIFIED,2021,0a6adbd54433817171527d020941d218e804137eb420dca870f712e2e098e909,C:\Users\vntfadmin\OneDrive - THG\Documents\Build Signal Bot\core4_portfolio_allocator\data\binance_spot_1d\ETHUSDT\ETHUSDT-1d-2018-10.zip
ETHUSDT,2018-11,DOWNLOADED_VERIFIED,2001,c317bdd16cab973dab7b74e6bd5b41461b3fdc63e6554969bb11039b862bea52,C:\Users\vntfadmin\OneDrive - THG\Documents\Build Signal Bot\core4_portfolio_allocator\data\binance_spot_1d\ETHUSDT\ETHUSDT-1d-2018-11.zip
ETHUSDT,2018-12,DOWNLOADED_VERIFIED,2055,fec688ae856a2f512b221fd93e953686e9ae31a759ae35e703130be997a00c8d,C:\Users\vntfadmin\OneDrive - THG\Documents\Build Signal Bot\core4_portfolio_allocator\data\binance_spot_1d\ETHUSDT\ETHUSDT-1d-2018-12.zip
ETHUSDT,2019-01,DOWNLOADED_VERIFIED,2041,5db0fac2caac1662a9711a131db4023b872687ec4419aee607b22fb28efa9d0f,C:\Users\vntfadmin\OneDrive - THG\Documents\Build Signal Bot\core4_portfolio_allocator\data\binance_spot_1d\ETHUSDT\ETHUSDT-1d-2019-01.zip
ETHUSDT,2019-02,DOWNLOADED_VERIFIED,1857,5dd233c56bc043f86cf20230aeae6557f196a03f229b483d4808d4c372ecfbf6,C:\Users\vntfadmin\OneDrive - THG\Documents\Build Signal Bot\core4_portfolio_allocator\data\binance_spot_1d\ETHUSDT\ETHUSDT-1d-2019-02.zip
ETHUSDT,2019-03,DOWNLOADED_VERIFIED,1997,7110a0c9bed5a226f331b1db9e17908c8cf41e9739fa5380e1bdb6a07128e1d1,C:\Users\vntfadmin\OneDrive - THG\Documents\Build Signal Bot\core4_portfolio_allocator\data\binance_spot_1d\ETHUSDT\ETHUSDT-1d-2019-03.zip
ETHUSDT,2019-04,DOWNLOADED_VERIFIED,1997,b123b48109e16ca09d0494c1135e3c013c7e48db17c8da606f72d508056cc01b,C:\Users\vntfadmin\OneDrive - THG\Documents\Build Signal Bot\core4_portfolio_allocator\data\binance_spot_1d\ETHUSDT\ETHUSDT-1d-2019-04.zip
ETHUSDT,2019-05,DOWNLOADED_VERIFIED,2097,e54b6777906b8d46ff68ed93ec655fde458240b3d5231cc98c34ae61a7414f14,C:\Users\vntfadmin\OneDrive - THG\Documents\Build Signal Bot\core4_portfolio_allocator\data\binance_spot_1d\ETHUSDT\ETHUSDT-1d-2019-05.zip
ETHUSDT,2019-06,DOWNLOADED_VERIFIED,2005,2447c3549842f4729a86147518ec59643263a4555b95a8369a63d7b18e8ccea2,C:\Users\vntfadmin\OneDrive - THG\Documents\Build Signal Bot\core4_portfolio_allocator\data\binance_spot_1d\ETHUSDT\ETHUSDT-1d-2019-06.zip
ETHUSDT,2019-07,DOWNLOADED_VERIFIED,2071,211372309c6ab41b04a487ccc907974e1fd25ebedd30a8e5efb4e6f3ce33ccd1,C:\Users\vntfadmin\OneDrive - THG\Documents\Build Signal Bot\core4_portfolio_allocator\data\binance_spot_1d\ETHUSDT\ETHUSDT-1d-2019-07.zip
ETHUSDT,2019-08,DOWNLOADED_VERIFIED,2034,a006cf295ddb6dcb4202a7a536f657b6b8042bd27aa3cc711149bfc18b98573a,C:\Users\vntfadmin\OneDrive - THG\Documents\Build Signal Bot\core4_portfolio_allocator\data\binance_spot_1d\ETHUSDT\ETHUSDT-1d-2019-08.zip
ETHUSDT,2019-09,DOWNLOADED_VERIFIED,1994,3f5b401f768be3ef62f22d0352169d2f99b79e0783173f9635972b10de2ac494,C:\Users\vntfadmin\OneDrive - THG\Documents\Build Signal Bot\core4_portfolio_allocator\data\binance_spot_1d\ETHUSDT\ETHUSDT-1d-2019-09.zip
ETHUSDT,2019-10,DOWNLOADED_VERIFIED,2062,c705e5dfaaf0a35878b42c66ceef333df3cc08bfe9c2809994a4d692efb7b140,C:\Users\vntfadmin\OneDrive - THG\Documents\Build Signal Bot\core4_portfolio_allocator\data\binance_spot_1d\ETHUSDT\ETHUSDT-1d-2019-10.zip
ETHUSDT,2019-11,DOWNLOADED_VERIFIED,1986,0e53010ba35f4b17baff9c5036996ada587a545edd5700ef1123dae26d415b58,C:\Users\vntfadmin\OneDrive - THG\Documents\Build Signal Bot\core4_portfolio_allocator\data\binance_spot_1d\ETHUSDT\ETHUSDT-1d-2019-11.zip
ETHUSDT,2019-12,DOWNLOADED_VERIFIED,2013,dbda569579729247ec329713ace57a0093a28f186897e3547a753e99ef3e4baf,C:\Users\vntfadmin\OneDrive - THG\Documents\Build Signal Bot\core4_portfolio_allocator\data\binance_spot_1d\ETHUSDT\ETHUSDT-1d-2019-12.zip
ETHUSDT,2020-01,DOWNLOADED_VERIFIED,2050,60eb92d3c0010521ae0a80855f59aa1018b390492e5ee2fa9f1916afcf99bfc0,C:\Users\vntfadmin\OneDrive - THG\Documents\Build Signal Bot\core4_portfolio_allocator\data\binance_spot_1d\ETHUSDT\ETHUSDT-1d-2020-01.zip
ETHUSDT,2020-02,DOWNLOADED_VERIFIED,1960,a4927f2f99a99becee21abc71c16d4c8f44262f8f7d86c937a16b871071acfc1,C:\Users\vntfadmin\OneDrive - THG\Documents\Build Signal Bot\core4_portfolio_allocator\data\binance_spot_1d\ETHUSDT\ETHUSDT-1d-2020-02.zip
ETHUSDT,2020-03,DOWNLOADED_VERIFIED,2093,f9e9b8e0f556d30c624b9f8fc623dd366f29d9da7082c48b3f8ada4105ca81b3,C:\Users\vntfadmin\OneDrive - THG\Documents\Build Signal Bot\core4_portfolio_allocator\data\binance_spot_1d\ETHUSDT\ETHUSDT-1d-2020-03.zip
ETHUSDT,2020-04,DOWNLOADED_VERIFIED,2018,f963e1e3679f68253ddc43921c8bde865e34938ab97d1c53e4737d5b29825b3a,C:\Users\vntfadmin\OneDrive - THG\Documents\Build Signal Bot\core4_portfolio_allocator\data\binance_spot_1d\ETHUSDT\ETHUSDT-1d-2020-04.zip
ETHUSDT,2020-05,DOWNLOADED_VERIFIED,2094,aeb988e3582382defd2f6cbb36da3bb090e19e9fc060f4eded02edca7b6b3c85,C:\Users\vntfadmin\OneDrive - THG\Documents\Build Signal Bot\core4_portfolio_allocator\data\binance_spot_1d\ETHUSDT\ETHUSDT-1d-2020-05.zip
ETHUSDT,2020-06,DOWNLOADED_VERIFIED,2016,2aeee240c48684d04f27b0aad484798faa0894d09dc45aa93be2f2b53a27dfe5,C:\Users\vntfadmin\OneDrive - THG\Documents\Build Signal Bot\core4_portfolio_allocator\data\binance_spot_1d\ETHUSDT\ETHUSDT-1d-2020-06.zip
ETHUSDT,2020-07,DOWNLOADED_VERIFIED,2088,722e0731f69bb21ed4d0a4ff9e8b9a9720211b015e9c4bcc27054e594581d1e5,C:\Users\vntfadmin\OneDrive - THG\Documents\Build Signal Bot\core4_portfolio_allocator\data\binance_spot_1d\ETHUSDT\ETHUSDT-1d-2020-07.zip
ETHUSDT,2020-08,DOWNLOADED_VERIFIED,2090,192e8bc02d4002994fdb721195bef53753b4fcf24810533d091e3777979aead6,C:\Users\vntfadmin\OneDrive - THG\Documents\Build Signal Bot\core4_portfolio_allocator\data\binance_spot_1d\ETHUSDT\ETHUSDT-1d-2020-08.zip
ETHUSDT,2020-09,DOWNLOADED_VERIFIED,2041,1ae7c22a58c249e7c231fff048fa8bc08b93016be112e211744053d8f8f96b88,C:\Users\vntfadmin\OneDrive - THG\Documents\Build Signal Bot\core4_portfolio_allocator\data\binance_spot_1d\ETHUSDT\ETHUSDT-1d-2020-09.zip
ETHUSDT,2020-10,DOWNLOADED_VERIFIED,2093,cb36755f3638dedde237cd9d36f990d7e15940abfd9d8b3e636fd2ec4e6031e0,C:\Users\vntfadmin\OneDrive - THG\Documents\Build Signal Bot\core4_portfolio_allocator\data\binance_spot_1d\ETHUSDT\ETHUSDT-1d-2020-10.zip
ETHUSDT,2020-11,DOWNLOADED_VERIFIED,2076,ab032f6eecf184ac52f3bc1eefff55031e98bedf256523b7e495b952197f08e0,C:\Users\vntfadmin\OneDrive - THG\Documents\Build Signal Bot\core4_portfolio_allocator\data\binance_spot_1d\ETHUSDT\ETHUSDT-1d-2020-11.zip
ETHUSDT,2020-12,DOWNLOADED_VERIFIED,2129,40dd3b625132d93b36397f9f4dcceaf6be13f50ffb357c28d06003370fd11176,C:\Users\vntfadmin\OneDrive - THG\Documents\Build Signal Bot\core4_portfolio_allocator\data\binance_spot_1d\ETHUSDT\ETHUSDT-1d-2020-12.zip
ETHUSDT,2021-01,DOWNLOADED_VERIFIED,2214,9c077a151ad30786ffbf2d560f457fb727ea3fc4f0932e6e287e2bf22ce5ba16,C:\Users\vntfadmin\OneDrive - THG\Documents\Build Signal Bot\core4_portfolio_allocator\data\binance_spot_1d\ETHUSDT\ETHUSDT-1d-2021-01.zip
ETHUSDT,2021-02,DOWNLOADED_VERIFIED,2005,07b43daa2cd8487fc7a652c58237b93a7a07108e5f4d5cb9ec086d7737898d99,C:\Users\vntfadmin\OneDrive - THG\Documents\Build Signal Bot\core4_portfolio_allocator\data\binance_spot_1d\ETHUSDT\ETHUSDT-1d-2021-02.zip
ETHUSDT,2021-03,DOWNLOADED_VERIFIED,2195,0f3fe06236480c4aed3460eac7b2d4e0ef621ec4cc5da20445797cb682b74dc2,C:\Users\vntfadmin\OneDrive - THG\Documents\Build Signal Bot\core4_portfolio_allocator\data\binance_spot_1d\ETHUSDT\ETHUSDT-1d-2021-03.zip
ETHUSDT,2021-04,DOWNLOADED_VERIFIED,2115,d483115836d4c285943064b22461670ff30ef1601b1183c4034c7edb4fffeedf,C:\Users\vntfadmin\OneDrive - THG\Documents\Build Signal Bot\core4_portfolio_allocator\data\binance_spot_1d\ETHUSDT\ETHUSDT-1d-2021-04.zip
ETHUSDT,2021-05,DOWNLOADED_VERIFIED,2240,bc68e71360869ed2f1d06bfa07ec6599c5bdb38406d6b712635afe2c6f1df7fa,C:\Users\vntfadmin\OneDrive - THG\Documents\Build Signal Bot\core4_portfolio_allocator\data\binance_spot_1d\ETHUSDT\ETHUSDT-1d-2021-05.zip
ETHUSDT,2021-06,DOWNLOADED_VERIFIED,2136,b8ddb26be6c48876a04a7fddfbc3f4c8842f53b8e217613eac9dd15a55836597,C:\Users\vntfadmin\OneDrive - THG\Documents\Build Signal Bot\core4_portfolio_allocator\data\binance_spot_1d\ETHUSDT\ETHUSDT-1d-2021-06.zip
ETHUSDT,2021-07,DOWNLOADED_VERIFIED,2186,c33ea50dc263d559315e7bf3dd6ab87a40f12747fe6fd0c16b5dff28dbd7b58f,C:\Users\vntfadmin\OneDrive - THG\Documents\Build Signal Bot\core4_portfolio_allocator\data\binance_spot_1d\ETHUSDT\ETHUSDT-1d-2021-07.zip
ETHUSDT,2021-08,DOWNLOADED_VERIFIED,2200,3cffa7628cff71c9b2ec5f33085c90317fc1d9866ac701ca9742322344182397,C:\Users\vntfadmin\OneDrive - THG\Documents\Build Signal Bot\core4_portfolio_allocator\data\binance_spot_1d\ETHUSDT\ETHUSDT-1d-2021-08.zip
ETHUSDT,2021-09,DOWNLOADED_VERIFIED,2089,14e849630ad4d5ae2f899c289c395736c12f1b699486b9dcfd1d7e058e4fff18,C:\Users\vntfadmin\OneDrive - THG\Documents\Build Signal Bot\core4_portfolio_allocator\data\binance_spot_1d\ETHUSDT\ETHUSDT-1d-2021-09.zip
ETHUSDT,2021-10,DOWNLOADED_VERIFIED,2129,4f9e66dc56961d8552082782b2cdac5a149e125da90694885ab90363a63e8ff5,C:\Users\vntfadmin\OneDrive - THG\Documents\Build Signal Bot\core4_portfolio_allocator\data\binance_spot_1d\ETHUSDT\ETHUSDT-1d-2021-10.zip
ETHUSDT,2021-11,DOWNLOADED_VERIFIED,2080,8e9ebb3bcc07d3080db603ceafaec29fe66612bd160ad737235a3476fc8eafe9,C:\Users\vntfadmin\OneDrive - THG\Documents\Build Signal Bot\core4_portfolio_allocator\data\binance_spot_1d\ETHUSDT\ETHUSDT-1d-2021-11.zip
ETHUSDT,2021-12,DOWNLOADED_VERIFIED,2114,2f30c04c60988621d47afa115e2b7771785440ee3effe87355d5f7038d234361,C:\Users\vntfadmin\OneDrive - THG\Documents\Build Signal Bot\core4_portfolio_allocator\data\binance_spot_1d\ETHUSDT\ETHUSDT-1d-2021-12.zip
ETHUSDT,2022-01,DOWNLOADED_VERIFIED,2139,d992b05664b21cef2e104aa93ab1de487fe396f68dc9767380d87998cc7969a1,C:\Users\vntfadmin\OneDrive - THG\Documents\Build Signal Bot\core4_portfolio_allocator\data\binance_spot_1d\ETHUSDT\ETHUSDT-1d-2022-01.zip
ETHUSDT,2022-02,DOWNLOADED_VERIFIED,1948,2d7eeb5c0c0574ebfff2d7369f3b991e2693fe81a2defc87525c667598c3ceef,C:\Users\vntfadmin\OneDrive - THG\Documents\Build Signal Bot\core4_portfolio_allocator\data\binance_spot_1d\ETHUSDT\ETHUSDT-1d-2022-02.zip
ETHUSDT,2022-03,DOWNLOADED_VERIFIED,2131,0cfffeb995ad02f64b0a1235db34fbca7982aef8b104ee4bb7fd52605323ad53,C:\Users\vntfadmin\OneDrive - THG\Documents\Build Signal Bot\core4_portfolio_allocator\data\binance_spot_1d\ETHUSDT\ETHUSDT-1d-2022-03.zip
ETHUSDT,2022-04,DOWNLOADED_VERIFIED,2041,2e3269eb718fd3c75f41a11f03c91f3e3af91bd14815b79b216ec371a876ec57,C:\Users\vntfadmin\OneDrive - THG\Documents\Build Signal Bot\core4_portfolio_allocator\data\binance_spot_1d\ETHUSDT\ETHUSDT-1d-2022-04.zip
ETHUSDT,2022-05,DOWNLOADED_VERIFIED,2144,fe39dd94b5e65aced7b4979fd6357fcd3700ae556a9d03c507d9983d507a628e,C:\Users\vntfadmin\OneDrive - THG\Documents\Build Signal Bot\core4_portfolio_allocator\data\binance_spot_1d\ETHUSDT\ETHUSDT-1d-2022-05.zip
ETHUSDT,2022-06,DOWNLOADED_VERIFIED,2060,62633207619685b148ef58bdc910b78a33fef724ac2b507ef57e7878145516dc,C:\Users\vntfadmin\OneDrive - THG\Documents\Build Signal Bot\core4_portfolio_allocator\data\binance_spot_1d\ETHUSDT\ETHUSDT-1d-2022-06.zip
ETHUSDT,2022-07,DOWNLOADED_VERIFIED,2130,6b4b9bdc7b0e1e6b87b95e750343d898c0df36d9d885bfeae594ca4e29ac0981,C:\Users\vntfadmin\OneDrive - THG\Documents\Build Signal Bot\core4_portfolio_allocator\data\binance_spot_1d\ETHUSDT\ETHUSDT-1d-2022-07.zip
ETHUSDT,2022-08,DOWNLOADED_VERIFIED,2118,9f54ee2471795608f083a175285cbfd77f5de473cbeaa0d491b3751cf791a3a9,C:\Users\vntfadmin\OneDrive - THG\Documents\Build Signal Bot\core4_portfolio_allocator\data\binance_spot_1d\ETHUSDT\ETHUSDT-1d-2022-08.zip
ETHUSDT,2022-09,DOWNLOADED_VERIFIED,2022,64daaa8bedcb3e82736d5b6426974aadd814007067fc81380ae87e04e1112714,C:\Users\vntfadmin\OneDrive - THG\Documents\Build Signal Bot\core4_portfolio_allocator\data\binance_spot_1d\ETHUSDT\ETHUSDT-1d-2022-09.zip
ETHUSDT,2022-10,DOWNLOADED_VERIFIED,2088,01a81d5a27053ead87542d1329763bfd22978080f6c3e7ee588f189cd49ff8d6,C:\Users\vntfadmin\OneDrive - THG\Documents\Build Signal Bot\core4_portfolio_allocator\data\binance_spot_1d\ETHUSDT\ETHUSDT-1d-2022-10.zip
ETHUSDT,2022-11,DOWNLOADED_VERIFIED,2061,83cef6abcb76dffbac6c6ad0e2842dd218f226e1e4a1839e78e35b12dd68a015,C:\Users\vntfadmin\OneDrive - THG\Documents\Build Signal Bot\core4_portfolio_allocator\data\binance_spot_1d\ETHUSDT\ETHUSDT-1d-2022-11.zip
ETHUSDT,2022-12,DOWNLOADED_VERIFIED,2050,e3f2c5851ef573c35733f29293188310099683948692d8e8ba008b17fdbd508f,C:\Users\vntfadmin\OneDrive - THG\Documents\Build Signal Bot\core4_portfolio_allocator\data\binance_spot_1d\ETHUSDT\ETHUSDT-1d-2022-12.zip
ETHUSDT,2023-01,DOWNLOADED_VERIFIED,2087,811ff55e20735e6fff55ef37c0c3e922eb6d26d41fe84fc04b2a03c0179549ad,C:\Users\vntfadmin\OneDrive - THG\Documents\Build Signal Bot\core4_portfolio_allocator\data\binance_spot_1d\ETHUSDT\ETHUSDT-1d-2023-01.zip
ETHUSDT,2023-02,DOWNLOADED_VERIFIED,1916,2f6cdf5aa6613ab3621dbd730a234935e8909f980f1195f7581abf145e422cce,C:\Users\vntfadmin\OneDrive - THG\Documents\Build Signal Bot\core4_portfolio_allocator\data\binance_spot_1d\ETHUSDT\ETHUSDT-1d-2023-02.zip
ETHUSDT,2023-03,DOWNLOADED_VERIFIED,2098,dbfe653bf62ebac3e4e2bf5c96160de6c76bcbd76e4979ca2105d11cf2bdf77e,C:\Users\vntfadmin\OneDrive - THG\Documents\Build Signal Bot\core4_portfolio_allocator\data\binance_spot_1d\ETHUSDT\ETHUSDT-1d-2023-03.zip
ETHUSDT,2023-04,DOWNLOADED_VERIFIED,2019,d316aea182914c088b06d03640812bae72e889a347ed9dcc78bb8ad10ed1bdf9,C:\Users\vntfadmin\OneDrive - THG\Documents\Build Signal Bot\core4_portfolio_allocator\data\binance_spot_1d\ETHUSDT\ETHUSDT-1d-2023-04.zip
ETHUSDT,2023-05,DOWNLOADED_VERIFIED,2087,a86ef09c35c764e6f0066953074ffb0dc93239afe92e3d73e232fbc95cdeab51,C:\Users\vntfadmin\OneDrive - THG\Documents\Build Signal Bot\core4_portfolio_allocator\data\binance_spot_1d\ETHUSDT\ETHUSDT-1d-2023-05.zip
ETHUSDT,2023-06,DOWNLOADED_VERIFIED,1994,4932a5fd8853ddf99f3853a501e5f35ffad45a07a466bbf4603ddb7fb4c821ac,C:\Users\vntfadmin\OneDrive - THG\Documents\Build Signal Bot\core4_portfolio_allocator\data\binance_spot_1d\ETHUSDT\ETHUSDT-1d-2023-06.zip
ETHUSDT,2023-07,DOWNLOADED_VERIFIED,2036,f66293651e4a841fe9bc36cc76483bdb9c1faaa085377fbbd2fd064cd401cd5e,C:\Users\vntfadmin\OneDrive - THG\Documents\Build Signal Bot\core4_portfolio_allocator\data\binance_spot_1d\ETHUSDT\ETHUSDT-1d-2023-07.zip
ETHUSDT,2023-08,DOWNLOADED_VERIFIED,2058,e694749c085b888401f51002dbd21bc8cf0c4d801d2da311e72d6c1ae97627d4,C:\Users\vntfadmin\OneDrive - THG\Documents\Build Signal Bot\core4_portfolio_allocator\data\binance_spot_1d\ETHUSDT\ETHUSDT-1d-2023-08.zip
ETHUSDT,2023-09,DOWNLOADED_VERIFIED,1985,c1faa848529e17e15deafb208d817155576ef51e556813109cdb60c0153ac73d,C:\Users\vntfadmin\OneDrive - THG\Documents\Build Signal Bot\core4_portfolio_allocator\data\binance_spot_1d\ETHUSDT\ETHUSDT-1d-2023-09.zip
ETHUSDT,2023-10,DOWNLOADED_VERIFIED,2059,baadc74c685a63d7ba453531c9f4d1df81a5719200501ab229018352a1be9630,C:\Users\vntfadmin\OneDrive - THG\Documents\Build Signal Bot\core4_portfolio_allocator\data\binance_spot_1d\ETHUSDT\ETHUSDT-1d-2023-10.zip
ETHUSDT,2023-11,DOWNLOADED_VERIFIED,2022,8faf9f53efe268d25d01b987b3a364cd9f1983703ab2f78486192c29218b1faf,C:\Users\vntfadmin\OneDrive - THG\Documents\Build Signal Bot\core4_portfolio_allocator\data\binance_spot_1d\ETHUSDT\ETHUSDT-1d-2023-11.zip
ETHUSDT,2023-12,DOWNLOADED_VERIFIED,2086,1778c56d995fe5d32a0816a5214feabcd84d594f4e882315b4e225d6e86e5275,C:\Users\vntfadmin\OneDrive - THG\Documents\Build Signal Bot\core4_portfolio_allocator\data\binance_spot_1d\ETHUSDT\ETHUSDT-1d-2023-12.zip
ETHUSDT,2024-01,DOWNLOADED_VERIFIED,2109,49598e812edcbf446f20d21a3ffc382a6f51fc1982a7e4224b78a416dbe36e8d,C:\Users\vntfadmin\OneDrive - THG\Documents\Build Signal Bot\core4_portfolio_allocator\data\binance_spot_1d\ETHUSDT\ETHUSDT-1d-2024-01.zip
ETHUSDT,2024-02,DOWNLOADED_VERIFIED,1976,36ebece2c2a6fcccdc4ee2924cd037870e88fa09877208843e2cbdf5f5c93a44,C:\Users\vntfadmin\OneDrive - THG\Documents\Build Signal Bot\core4_portfolio_allocator\data\binance_spot_1d\ETHUSDT\ETHUSDT-1d-2024-02.zip
ETHUSDT,2024-03,DOWNLOADED_VERIFIED,2125,78f5a6edba263350c1df6d4678596570ae5ce5df38edd4e253ec89431fbddfc0,C:\Users\vntfadmin\OneDrive - THG\Documents\Build Signal Bot\core4_portfolio_allocator\data\binance_spot_1d\ETHUSDT\ETHUSDT-1d-2024-03.zip
ETHUSDT,2024-04,DOWNLOADED_VERIFIED,2050,d0a5088a3d49cea7269dc3bf7f29912e23a390c87fb7b14acbed210ac9be8177,C:\Users\vntfadmin\OneDrive - THG\Documents\Build Signal Bot\core4_portfolio_allocator\data\binance_spot_1d\ETHUSDT\ETHUSDT-1d-2024-04.zip
ETHUSDT,2024-05,DOWNLOADED_VERIFIED,2109,d0c98ff2f16913e1c1f9bb72165086056ae9923db5b07f113ca6eaf334b87bbf,C:\Users\vntfadmin\OneDrive - THG\Documents\Build Signal Bot\core4_portfolio_allocator\data\binance_spot_1d\ETHUSDT\ETHUSDT-1d-2024-05.zip
ETHUSDT,2024-06,DOWNLOADED_VERIFIED,2014,5198557b48b8df354f5dc07e76270e988416f9e8972e577d9c327b31d2cb1db1,C:\Users\vntfadmin\OneDrive - THG\Documents\Build Signal Bot\core4_portfolio_allocator\data\binance_spot_1d\ETHUSDT\ETHUSDT-1d-2024-06.zip
ETHUSDT,2024-07,DOWNLOADED_VERIFIED,2093,ae4a1a154d9c4e27bb7551293216d6824a0455fef7ecea0efb5084e145ba1ac5,C:\Users\vntfadmin\OneDrive - THG\Documents\Build Signal Bot\core4_portfolio_allocator\data\binance_spot_1d\ETHUSDT\ETHUSDT-1d-2024-07.zip
ETHUSDT,2024-08,DOWNLOADED_VERIFIED,2107,e41fc2dcefc5d0737fd74e943602327cfdbcde04dec40d94030cfcf01720e593,C:\Users\vntfadmin\OneDrive - THG\Documents\Build Signal Bot\core4_portfolio_allocator\data\binance_spot_1d\ETHUSDT\ETHUSDT-1d-2024-08.zip
ETHUSDT,2024-09,DOWNLOADED_VERIFIED,2030,6e6add68412a0d89199fb6185b88b24994c32522e4ee67ac88d02ab8b81eb1c1,C:\Users\vntfadmin\OneDrive - THG\Documents\Build Signal Bot\core4_portfolio_allocator\data\binance_spot_1d\ETHUSDT\ETHUSDT-1d-2024-09.zip
ETHUSDT,2024-10,DOWNLOADED_VERIFIED,2084,cc2ae0b168f8ddd7b45441a30ae9aa95f748ec9ecaa19ab3cf5e9ec21fc63783,C:\Users\vntfadmin\OneDrive - THG\Documents\Build Signal Bot\core4_portfolio_allocator\data\binance_spot_1d\ETHUSDT\ETHUSDT-1d-2024-10.zip
ETHUSDT,2024-11,DOWNLOADED_VERIFIED,2074,fe8b32f1ab7a3a72316b404ffc9d7002cb75801364f12dc52eddfedbb3e3af43,C:\Users\vntfadmin\OneDrive - THG\Documents\Build Signal Bot\core4_portfolio_allocator\data\binance_spot_1d\ETHUSDT\ETHUSDT-1d-2024-11.zip
ETHUSDT,2024-12,DOWNLOADED_VERIFIED,2128,e36880cb5d79157599878eb97db2d20a5bc10f904384501f0b3571a09c1b6bcc,C:\Users\vntfadmin\OneDrive - THG\Documents\Build Signal Bot\core4_portfolio_allocator\data\binance_spot_1d\ETHUSDT\ETHUSDT-1d-2024-12.zip
ETHUSDT,2025-01,DOWNLOADED_VERIFIED,2157,fb1c6329259282a4174c646629515704da03c713bff9106f8da01ec188112a09,C:\Users\vntfadmin\OneDrive - THG\Documents\Build Signal Bot\core4_portfolio_allocator\data\binance_spot_1d\ETHUSDT\ETHUSDT-1d-2025-01.zip
ETHUSDT,2025-02,DOWNLOADED_VERIFIED,1988,ed3cf4f55aa296a25e092d73170c6772fa33e089c8ee5bdd379198fa94675361,C:\Users\vntfadmin\OneDrive - THG\Documents\Build Signal Bot\core4_portfolio_allocator\data\binance_spot_1d\ETHUSDT\ETHUSDT-1d-2025-02.zip
ETHUSDT,2025-03,DOWNLOADED_VERIFIED,2172,37a2a5d88861944141de683f7584d01cfeb23c0a69ba0aa2613fa6ec14b33960,C:\Users\vntfadmin\OneDrive - THG\Documents\Build Signal Bot\core4_portfolio_allocator\data\binance_spot_1d\ETHUSDT\ETHUSDT-1d-2025-03.zip
ETHUSDT,2025-04,DOWNLOADED_VERIFIED,2107,88554fccbad3d445fb7aad16440ef62aeb7b5a0d0d0be26101919753a455e106,C:\Users\vntfadmin\OneDrive - THG\Documents\Build Signal Bot\core4_portfolio_allocator\data\binance_spot_1d\ETHUSDT\ETHUSDT-1d-2025-04.zip
ETHUSDT,2025-05,DOWNLOADED_VERIFIED,2150,05f9099dc0225439cdcd08661281bc958f4984a02c5219ff019c7988140a4511,C:\Users\vntfadmin\OneDrive - THG\Documents\Build Signal Bot\core4_portfolio_allocator\data\binance_spot_1d\ETHUSDT\ETHUSDT-1d-2025-05.zip
ETHUSDT,2025-06,DOWNLOADED_VERIFIED,2077,1a436c3f4e79c6ef65e06749c7be302800f2bbe84b283f36b670688f1fe8e706,C:\Users\vntfadmin\OneDrive - THG\Documents\Build Signal Bot\core4_portfolio_allocator\data\binance_spot_1d\ETHUSDT\ETHUSDT-1d-2025-06.zip
ETHUSDT,2025-07,DOWNLOADED_VERIFIED,2148,507452f08f6df58e28c66a56eb114c274a601908b7a36cca028f4f1fe685c5a0,C:\Users\vntfadmin\OneDrive - THG\Documents\Build Signal Bot\core4_portfolio_allocator\data\binance_spot_1d\ETHUSDT\ETHUSDT-1d-2025-07.zip
ETHUSDT,2025-08,DOWNLOADED_VERIFIED,2173,caaf73478addeaf0d1a1d470284448a8eea201ec8b54acbf4996327ee5fd30d3,C:\Users\vntfadmin\OneDrive - THG\Documents\Build Signal Bot\core4_portfolio_allocator\data\binance_spot_1d\ETHUSDT\ETHUSDT-1d-2025-08.zip
ETHUSDT,2025-09,DOWNLOADED_VERIFIED,2104,2362f78fe5ef79628fe7a16fcd720ba5e2490bd05806943d092d0c2bbc025403,C:\Users\vntfadmin\OneDrive - THG\Documents\Build Signal Bot\core4_portfolio_allocator\data\binance_spot_1d\ETHUSDT\ETHUSDT-1d-2025-09.zip
ETHUSDT,2025-10,DOWNLOADED_VERIFIED,2174,7ac29ddc8e5af97d63293df20ca5fe2d31952754d06fa7592992cd1b9ccc2fbb,C:\Users\vntfadmin\OneDrive - THG\Documents\Build Signal Bot\core4_portfolio_allocator\data\binance_spot_1d\ETHUSDT\ETHUSDT-1d-2025-10.zip
ETHUSDT,2025-11,DOWNLOADED_VERIFIED,2101,ca97638b3e43fa8fc6cfe9e01ebec4cd6b59ac5b37b694f951ae30719424bbed,C:\Users\vntfadmin\OneDrive - THG\Documents\Build Signal Bot\core4_portfolio_allocator\data\binance_spot_1d\ETHUSDT\ETHUSDT-1d-2025-11.zip
ETHUSDT,2025-12,DOWNLOADED_VERIFIED,2165,eaf731c713e58a6d0e7a196c9887c41c5ed6066c73de68f878dfbe4a48de05e8,C:\Users\vntfadmin\OneDrive - THG\Documents\Build Signal Bot\core4_portfolio_allocator\data\binance_spot_1d\ETHUSDT\ETHUSDT-1d-2025-12.zip
ETHUSDT,2026-01,DOWNLOADED_VERIFIED,2151,809eceed4a7a4eddf08f70e4c505f454ecf9d715d72269fa36db37964e4159f4,C:\Users\vntfadmin\OneDrive - THG\Documents\Build Signal Bot\core4_portfolio_allocator\data\binance_spot_1d\ETHUSDT\ETHUSDT-1d-2026-01.zip
ETHUSDT,2026-02,DOWNLOADED_VERIFIED,1965,c853802f359f27a9e935f9ea48cdc66207b0c7bd6d22241e7bf240722d0e1600,C:\Users\vntfadmin\OneDrive - THG\Documents\Build Signal Bot\core4_portfolio_allocator\data\binance_spot_1d\ETHUSDT\ETHUSDT-1d-2026-02.zip
ETHUSDT,2026-03,DOWNLOADED_VERIFIED,2149,ce8ec50be4226da6d0c7724dac25c1a35dac8d75c8f3207d5aa8a0991ee54d9a,C:\Users\vntfadmin\OneDrive - THG\Documents\Build Signal Bot\core4_portfolio_allocator\data\binance_spot_1d\ETHUSDT\ETHUSDT-1d-2026-03.zip
ETHUSDT,2026-04,DOWNLOADED_VERIFIED,2075,c557fd27446c4a07abbfe6afbb8ca7eac8c42ed689bc71f6eacc75764e740668,C:\Users\vntfadmin\OneDrive - THG\Documents\Build Signal Bot\core4_portfolio_allocator\data\binance_spot_1d\ETHUSDT\ETHUSDT-1d-2026-04.zip
ETHUSDT,2026-05,DOWNLOADED_VERIFIED,2124,68144fec96f98d4dee301b12c58de1769024de73d3675edf0897467ea1885f37,C:\Users\vntfadmin\OneDrive - THG\Documents\Build Signal Bot\core4_portfolio_allocator\data\binance_spot_1d\ETHUSDT\ETHUSDT-1d-2026-05.zip
ETHUSDT,2026-06,DOWNLOADED_VERIFIED,2065,d22d6b4c69773795dfa271c571814efe19b6a579366e056e7f740fe937fd408d,C:\Users\vntfadmin\OneDrive - THG\Documents\Build Signal Bot\core4_portfolio_allocator\data\binance_spot_1d\ETHUSDT\ETHUSDT-1d-2026-06.zip
ETHUSDT,2026-07,DOWNLOADED_VERIFIED,2109,6d4ae181331392a59efb8064c24392ccbfc80818bf0261a403900d7143966a10,C:\Users\vntfadmin\OneDrive - THG\Documents\Build Signal Bot\core4_portfolio_allocator\data\binance_spot_1d\ETHUSDT\ETHUSDT-1d-2026-07.zip
ETHUSDT,2026-08,DOWNLOADED_VERIFIED,2121,6c9cc2988041dea44dfd0a16dcc8c201ead6ead44a24e642db279e378239f3f1,C:\Users\vntfadmin\OneDrive - THG\Documents\Build Signal Bot\core4_portfolio_allocator\data\binance_spot_1d\ETHUSDT\ETHUSDT-1d-2026-08.zip
SOLUSDT,2020-08,DOWNLOADED_VERIFIED,1319,40ddd9549f8c5901b3a049cba929c0c7fbb22c0d5b7c5f6152cf2e242db3220e,C:\Users\vntfadmin\OneDrive - THG\Documents\Build Signal Bot\core4_portfolio_allocator\data\binance_spot_1d\SOLUSDT\SOLUSDT-1d-2020-08.zip
SOLUSDT,2020-09,DOWNLOADED_VERIFIED,1862,aec220caed07ca9f97c7c441295023b5c01c4b1c4db16f16a9e76667f969b8a8,C:\Users\vntfadmin\OneDrive - THG\Documents\Build Signal Bot\core4_portfolio_allocator\data\binance_spot_1d\SOLUSDT\SOLUSDT-1d-2020-09.zip
SOLUSDT,2020-10,DOWNLOADED_VERIFIED,1891,852dce14c900a2c323e0563ab908b299fc52bd9399d20b27b3773056d6c4e8b8,C:\Users\vntfadmin\OneDrive - THG\Documents\Build Signal Bot\core4_portfolio_allocator\data\binance_spot_1d\SOLUSDT\SOLUSDT-1d-2020-10.zip
SOLUSDT,2020-11,DOWNLOADED_VERIFIED,1851,ad9e4ae3b69ae8cec9425056fc581d9744cf31a923f477b3bad18714df0ccb10,C:\Users\vntfadmin\OneDrive - THG\Documents\Build Signal Bot\core4_portfolio_allocator\data\binance_spot_1d\SOLUSDT\SOLUSDT-1d-2020-11.zip
SOLUSDT,2020-12,DOWNLOADED_VERIFIED,1890,f7c2981644bdd53b6d44dcf77879aef64e65c88f10b9fd6048c77a9cf27abc08,C:\Users\vntfadmin\OneDrive - THG\Documents\Build Signal Bot\core4_portfolio_allocator\data\binance_spot_1d\SOLUSDT\SOLUSDT-1d-2020-12.zip
SOLUSDT,2021-01,DOWNLOADED_VERIFIED,1937,d7883e8cf9558b3735c2c36e27baccd1ee241d294e3ef85a6b3db5da36d7e040,C:\Users\vntfadmin\OneDrive - THG\Documents\Build Signal Bot\core4_portfolio_allocator\data\binance_spot_1d\SOLUSDT\SOLUSDT-1d-2021-01.zip
SOLUSDT,2021-02,DOWNLOADED_VERIFIED,1836,576f9b03c69a1c84566ec257a9663f3c0b71179192b10ebc021bc3d31f4c6988,C:\Users\vntfadmin\OneDrive - THG\Documents\Build Signal Bot\core4_portfolio_allocator\data\binance_spot_1d\SOLUSDT\SOLUSDT-1d-2021-02.zip
SOLUSDT,2021-03,DOWNLOADED_VERIFIED,1983,90f6c49b661828d6191292a4595c42fb2aaa96de34894d4e47ef147b4902d1f8,C:\Users\vntfadmin\OneDrive - THG\Documents\Build Signal Bot\core4_portfolio_allocator\data\binance_spot_1d\SOLUSDT\SOLUSDT-1d-2021-03.zip
SOLUSDT,2021-04,DOWNLOADED_VERIFIED,2008,f81629c45bede0e7cc367dfe5609878359ffe202da39b97b419b36e276155026,C:\Users\vntfadmin\OneDrive - THG\Documents\Build Signal Bot\core4_portfolio_allocator\data\binance_spot_1d\SOLUSDT\SOLUSDT-1d-2021-04.zip
SOLUSDT,2021-05,DOWNLOADED_VERIFIED,2038,7787aabb922e9f6bef515697b3bd6e17aec223bda210f223d5df4ef4c2e73bb0,C:\Users\vntfadmin\OneDrive - THG\Documents\Build Signal Bot\core4_portfolio_allocator\data\binance_spot_1d\SOLUSDT\SOLUSDT-1d-2021-05.zip
SOLUSDT,2021-06,DOWNLOADED_VERIFIED,1979,ceeff69afda85f0affd0d9f41d07297f3cb37c2225854d23e30d2a09bf939d6f,C:\Users\vntfadmin\OneDrive - THG\Documents\Build Signal Bot\core4_portfolio_allocator\data\binance_spot_1d\SOLUSDT\SOLUSDT-1d-2021-06.zip
SOLUSDT,2021-07,DOWNLOADED_VERIFIED,1997,b3526f1f04967f1f63810409eb0eefcb03154732faca5faea716d623576ec07c,C:\Users\vntfadmin\OneDrive - THG\Documents\Build Signal Bot\core4_portfolio_allocator\data\binance_spot_1d\SOLUSDT\SOLUSDT-1d-2021-07.zip
SOLUSDT,2021-08,DOWNLOADED_VERIFIED,2040,fbeda8e1117ee083ecaf6777a5134619ec635205848bba3af0713e84f736269b,C:\Users\vntfadmin\OneDrive - THG\Documents\Build Signal Bot\core4_portfolio_allocator\data\binance_spot_1d\SOLUSDT\SOLUSDT-1d-2021-08.zip
SOLUSDT,2021-09,DOWNLOADED_VERIFIED,1930,b1de9e1a4574027cd9222002a84d1a6e033f2eea3eb012ba75600a45ad2d1a78,C:\Users\vntfadmin\OneDrive - THG\Documents\Build Signal Bot\core4_portfolio_allocator\data\binance_spot_1d\SOLUSDT\SOLUSDT-1d-2021-09.zip
SOLUSDT,2021-10,DOWNLOADED_VERIFIED,1933,d74977bf5192ddf49fe9f8dc25c27ffe334a53e4ab5b708bdc7c5ea12a5a2df3,C:\Users\vntfadmin\OneDrive - THG\Documents\Build Signal Bot\core4_portfolio_allocator\data\binance_spot_1d\SOLUSDT\SOLUSDT-1d-2021-10.zip
SOLUSDT,2021-11,DOWNLOADED_VERIFIED,1858,3b1c1cde8b7605861185cfe01607fbe5203252fc090efed7d0b7b8eec90e766e,C:\Users\vntfadmin\OneDrive - THG\Documents\Build Signal Bot\core4_portfolio_allocator\data\binance_spot_1d\SOLUSDT\SOLUSDT-1d-2021-11.zip
SOLUSDT,2021-12,DOWNLOADED_VERIFIED,1911,19806d63c1cfd86cd593d5a779610b48d4f53d520776dfe80142ef2381fbd031,C:\Users\vntfadmin\OneDrive - THG\Documents\Build Signal Bot\core4_portfolio_allocator\data\binance_spot_1d\SOLUSDT\SOLUSDT-1d-2021-12.zip
SOLUSDT,2022-01,DOWNLOADED_VERIFIED,1870,49210272894aa31c0770b525f63385e441c94004f279b48c848a89f4fbc4a74c,C:\Users\vntfadmin\OneDrive - THG\Documents\Build Signal Bot\core4_portfolio_allocator\data\binance_spot_1d\SOLUSDT\SOLUSDT-1d-2022-01.zip
SOLUSDT,2022-02,DOWNLOADED_VERIFIED,1749,7cd7f1e60b6d3d182c6378b47f354a87484e5c410520f794ab3a678c391b3cfd,C:\Users\vntfadmin\OneDrive - THG\Documents\Build Signal Bot\core4_portfolio_allocator\data\binance_spot_1d\SOLUSDT\SOLUSDT-1d-2022-02.zip
SOLUSDT,2022-03,DOWNLOADED_VERIFIED,1892,61719c709442a46e1b4d6afe539e1516014b0c1821e6f83646838a8e39d9b1b7,C:\Users\vntfadmin\OneDrive - THG\Documents\Build Signal Bot\core4_portfolio_allocator\data\binance_spot_1d\SOLUSDT\SOLUSDT-1d-2022-03.zip
SOLUSDT,2022-04,DOWNLOADED_VERIFIED,1830,43cedd1c6efedb2a9b34d696307c0ced9802d43ddeb705aac3a0cde2d12cfe45,C:\Users\vntfadmin\OneDrive - THG\Documents\Build Signal Bot\core4_portfolio_allocator\data\binance_spot_1d\SOLUSDT\SOLUSDT-1d-2022-04.zip
SOLUSDT,2022-05,DOWNLOADED_VERIFIED,1905,d0760411b5f62e535b71e49dfe99ae1153b743426078544a1cc50ce145d8b573,C:\Users\vntfadmin\OneDrive - THG\Documents\Build Signal Bot\core4_portfolio_allocator\data\binance_spot_1d\SOLUSDT\SOLUSDT-1d-2022-05.zip
SOLUSDT,2022-06,DOWNLOADED_VERIFIED,1824,33c446671edc92c2564dd218f2f86cee06b01c9e76453e6b95295043f598d843,C:\Users\vntfadmin\OneDrive - THG\Documents\Build Signal Bot\core4_portfolio_allocator\data\binance_spot_1d\SOLUSDT\SOLUSDT-1d-2022-06.zip
SOLUSDT,2022-07,DOWNLOADED_VERIFIED,1864,21c63c6038d622b39143dc8477f4cdb590eaee6efc19df58d1e1b16d94874fdc,C:\Users\vntfadmin\OneDrive - THG\Documents\Build Signal Bot\core4_portfolio_allocator\data\binance_spot_1d\SOLUSDT\SOLUSDT-1d-2022-07.zip
SOLUSDT,2022-08,DOWNLOADED_VERIFIED,1834,bd88363823cc115d9135fd0f680245897ce8fade0aba5d6cd64e4094c682d038,C:\Users\vntfadmin\OneDrive - THG\Documents\Build Signal Bot\core4_portfolio_allocator\data\binance_spot_1d\SOLUSDT\SOLUSDT-1d-2022-08.zip
SOLUSDT,2022-09,DOWNLOADED_VERIFIED,1754,caba81a2063dc1e6b7db5600e203525d5cc1c8ccf0d170e9e14525caee555835,C:\Users\vntfadmin\OneDrive - THG\Documents\Build Signal Bot\core4_portfolio_allocator\data\binance_spot_1d\SOLUSDT\SOLUSDT-1d-2022-09.zip
SOLUSDT,2022-10,DOWNLOADED_VERIFIED,1787,b9d21c0ae339e578ca2c88e3f69c72020c140e0374bc20b797fe8db0bba3a662,C:\Users\vntfadmin\OneDrive - THG\Documents\Build Signal Bot\core4_portfolio_allocator\data\binance_spot_1d\SOLUSDT\SOLUSDT-1d-2022-10.zip
SOLUSDT,2022-11,DOWNLOADED_VERIFIED,1801,dca79b92bfa96b27f40dd862e6bb40949d0acbf34580c73eb8523ae7e1277342,C:\Users\vntfadmin\OneDrive - THG\Documents\Build Signal Bot\core4_portfolio_allocator\data\binance_spot_1d\SOLUSDT\SOLUSDT-1d-2022-11.zip
SOLUSDT,2022-12,DOWNLOADED_VERIFIED,1762,439ce04721bee169ff30510792cdf787be123071ee21f3d885f9681b0a7e1b92,C:\Users\vntfadmin\OneDrive - THG\Documents\Build Signal Bot\core4_portfolio_allocator\data\binance_spot_1d\SOLUSDT\SOLUSDT-1d-2022-12.zip
SOLUSDT,2023-01,DOWNLOADED_VERIFIED,1846,09fc042c2ab54d9fc09a414a290b74711bd9c8665a58bb520e56432ed7a3041b,C:\Users\vntfadmin\OneDrive - THG\Documents\Build Signal Bot\core4_portfolio_allocator\data\binance_spot_1d\SOLUSDT\SOLUSDT-1d-2023-01.zip
SOLUSDT,2023-02,DOWNLOADED_VERIFIED,1664,2e0df24a2aa7ac6790da6a09be2448c50b8eb539a4b68003375c853c4a33ab71,C:\Users\vntfadmin\OneDrive - THG\Documents\Build Signal Bot\core4_portfolio_allocator\data\binance_spot_1d\SOLUSDT\SOLUSDT-1d-2023-02.zip
SOLUSDT,2023-03,DOWNLOADED_VERIFIED,1814,61dabcc011f27759552fd3ff9f43915f40a286b5287619b56ef2f3e088374432,C:\Users\vntfadmin\OneDrive - THG\Documents\Build Signal Bot\core4_portfolio_allocator\data\binance_spot_1d\SOLUSDT\SOLUSDT-1d-2023-03.zip
SOLUSDT,2023-04,DOWNLOADED_VERIFIED,1748,c91db96b1be0e068cfaaab5c75cca5e9e92171713f44f1856115687a96c828a0,C:\Users\vntfadmin\OneDrive - THG\Documents\Build Signal Bot\core4_portfolio_allocator\data\binance_spot_1d\SOLUSDT\SOLUSDT-1d-2023-04.zip
SOLUSDT,2023-05,DOWNLOADED_VERIFIED,1777,a3c74635f90344b9af798ce16e45674e8d7c816641db7a825f4317a6be4647d4,C:\Users\vntfadmin\OneDrive - THG\Documents\Build Signal Bot\core4_portfolio_allocator\data\binance_spot_1d\SOLUSDT\SOLUSDT-1d-2023-05.zip
SOLUSDT,2023-06,DOWNLOADED_VERIFIED,1757,79c2853d97448e168891e429143111c3b0d8f4f54c7faee18ce3aba1414ac5e4,C:\Users\vntfadmin\OneDrive - THG\Documents\Build Signal Bot\core4_portfolio_allocator\data\binance_spot_1d\SOLUSDT\SOLUSDT-1d-2023-06.zip
SOLUSDT,2023-07,DOWNLOADED_VERIFIED,1838,5a55d12a72e39bd5b8c4e8230914d9537b2a9d5a865ed0ba6ee53212a9abfbf0,C:\Users\vntfadmin\OneDrive - THG\Documents\Build Signal Bot\core4_portfolio_allocator\data\binance_spot_1d\SOLUSDT\SOLUSDT-1d-2023-07.zip
SOLUSDT,2023-08,DOWNLOADED_VERIFIED,1790,88917ca3c65a50860c51a4b2b63ff0bc8b89764d164deae347feb287db490e67,C:\Users\vntfadmin\OneDrive - THG\Documents\Build Signal Bot\core4_portfolio_allocator\data\binance_spot_1d\SOLUSDT\SOLUSDT-1d-2023-08.zip
SOLUSDT,2023-09,DOWNLOADED_VERIFIED,1733,bbfb009f933b02c10e79b3b7fa717163af1838d490a57ca4229194149cd52d42,C:\Users\vntfadmin\OneDrive - THG\Documents\Build Signal Bot\core4_portfolio_allocator\data\binance_spot_1d\SOLUSDT\SOLUSDT-1d-2023-09.zip
SOLUSDT,2023-10,DOWNLOADED_VERIFIED,1845,6daf020274d54de9e3fbaa4f8c4e8f43b549fe15e6a8fb7759b8ef1716d0a235,C:\Users\vntfadmin\OneDrive - THG\Documents\Build Signal Bot\core4_portfolio_allocator\data\binance_spot_1d\SOLUSDT\SOLUSDT-1d-2023-10.zip
SOLUSDT,2023-11,DOWNLOADED_VERIFIED,1843,66298306327d421adfe227262c4bb5551ad97ad89e3990a72bbd82c2df44d217,C:\Users\vntfadmin\OneDrive - THG\Documents\Build Signal Bot\core4_portfolio_allocator\data\binance_spot_1d\SOLUSDT\SOLUSDT-1d-2023-11.zip
SOLUSDT,2023-12,DOWNLOADED_VERIFIED,1928,d07143cfcfec4d988590a30b74be234dbd96238da2560190b9e16a633761b480,C:\Users\vntfadmin\OneDrive - THG\Documents\Build Signal Bot\core4_portfolio_allocator\data\binance_spot_1d\SOLUSDT\SOLUSDT-1d-2023-12.zip
SOLUSDT,2024-01,DOWNLOADED_VERIFIED,1914,521c3949cf679a3054234c8c8eed43babe89b26d337c02d1feb764da28516b27,C:\Users\vntfadmin\OneDrive - THG\Documents\Build Signal Bot\core4_portfolio_allocator\data\binance_spot_1d\SOLUSDT\SOLUSDT-1d-2024-01.zip
SOLUSDT,2024-02,DOWNLOADED_VERIFIED,1791,27c2a0db505c5eadf66d8efdbd921b01df3bcce41c2e09fb62ca4030495074cf,C:\Users\vntfadmin\OneDrive - THG\Documents\Build Signal Bot\core4_portfolio_allocator\data\binance_spot_1d\SOLUSDT\SOLUSDT-1d-2024-02.zip
SOLUSDT,2024-03,DOWNLOADED_VERIFIED,1947,25e02203a9571e57f203855ea585a065e8fb499ba31e961f49d0c8011925b30c,C:\Users\vntfadmin\OneDrive - THG\Documents\Build Signal Bot\core4_portfolio_allocator\data\binance_spot_1d\SOLUSDT\SOLUSDT-1d-2024-03.zip
SOLUSDT,2024-04,DOWNLOADED_VERIFIED,1886,901a98c35bb7a1bf0fdf06c4b2e3fd7062ca55d3459c0127dc7993332cf9b1e8,C:\Users\vntfadmin\OneDrive - THG\Documents\Build Signal Bot\core4_portfolio_allocator\data\binance_spot_1d\SOLUSDT\SOLUSDT-1d-2024-04.zip
SOLUSDT,2024-05,DOWNLOADED_VERIFIED,2012,552ef6e5be0a3c7fef83480b907678c4b2712148290db0c7d9f8cf86273ce926,C:\Users\vntfadmin\OneDrive - THG\Documents\Build Signal Bot\core4_portfolio_allocator\data\binance_spot_1d\SOLUSDT\SOLUSDT-1d-2024-05.zip
SOLUSDT,2024-06,DOWNLOADED_VERIFIED,1910,54cc3ff50e1111da33b6fb65ea6ce22b5626e55822787c6d475931e38176b9db,C:\Users\vntfadmin\OneDrive - THG\Documents\Build Signal Bot\core4_portfolio_allocator\data\binance_spot_1d\SOLUSDT\SOLUSDT-1d-2024-06.zip
SOLUSDT,2024-07,DOWNLOADED_VERIFIED,1999,6a9bfbb2fe8181e35a1fd9b982dab14f4d7146b61ee85cb47abd3dce7253b1ad,C:\Users\vntfadmin\OneDrive - THG\Documents\Build Signal Bot\core4_portfolio_allocator\data\binance_spot_1d\SOLUSDT\SOLUSDT-1d-2024-07.zip
SOLUSDT,2024-08,DOWNLOADED_VERIFIED,2003,09d69d6b4792fe97757b1b0c95c4527b3d487eca5abd7a7ea0eedc8502595506,C:\Users\vntfadmin\OneDrive - THG\Documents\Build Signal Bot\core4_portfolio_allocator\data\binance_spot_1d\SOLUSDT\SOLUSDT-1d-2024-08.zip
SOLUSDT,2024-09,DOWNLOADED_VERIFIED,1923,1d0761183c082d09e5a675884c33931bbbc4d56c66516e187aeb2f70240f2fed,C:\Users\vntfadmin\OneDrive - THG\Documents\Build Signal Bot\core4_portfolio_allocator\data\binance_spot_1d\SOLUSDT\SOLUSDT-1d-2024-09.zip
SOLUSDT,2024-10,DOWNLOADED_VERIFIED,2004,08b9ce2dc300735ad58cb347ee7ea84ed42faffe56fedc659845d8d445596c57,C:\Users\vntfadmin\OneDrive - THG\Documents\Build Signal Bot\core4_portfolio_allocator\data\binance_spot_1d\SOLUSDT\SOLUSDT-1d-2024-10.zip
SOLUSDT,2024-11,DOWNLOADED_VERIFIED,1969,c13259d17ecf4965fc79c1831d773e3210da69fe364ea5b7c6378cae7b5616a5,C:\Users\vntfadmin\OneDrive - THG\Documents\Build Signal Bot\core4_portfolio_allocator\data\binance_spot_1d\SOLUSDT\SOLUSDT-1d-2024-11.zip
SOLUSDT,2024-12,DOWNLOADED_VERIFIED,2021,cbe6c4aaf9ec9eba4b5dbac0192b992b3a0d588416789d348fbb24a07d923f47,C:\Users\vntfadmin\OneDrive - THG\Documents\Build Signal Bot\core4_portfolio_allocator\data\binance_spot_1d\SOLUSDT\SOLUSDT-1d-2024-12.zip
SOLUSDT,2025-01,DOWNLOADED_VERIFIED,2078,48087cf248bb601648b8fe5d942bf5255864bddf08f0e47dcb2622f2cbfe020e,C:\Users\vntfadmin\OneDrive - THG\Documents\Build Signal Bot\core4_portfolio_allocator\data\binance_spot_1d\SOLUSDT\SOLUSDT-1d-2025-01.zip
SOLUSDT,2025-02,DOWNLOADED_VERIFIED,1872,3b84382d78bf1e812c907108c26eba2cf485fb40e8fb52f414be550ecf014b5f,C:\Users\vntfadmin\OneDrive - THG\Documents\Build Signal Bot\core4_portfolio_allocator\data\binance_spot_1d\SOLUSDT\SOLUSDT-1d-2025-02.zip
SOLUSDT,2025-03,DOWNLOADED_VERIFIED,2041,85fa8662e07bb9ab5ceb7b848022e57c5aa164fb0bfa3ffebfb6cff37dcad5f3,C:\Users\vntfadmin\OneDrive - THG\Documents\Build Signal Bot\core4_portfolio_allocator\data\binance_spot_1d\SOLUSDT\SOLUSDT-1d-2025-03.zip
SOLUSDT,2025-04,DOWNLOADED_VERIFIED,1993,bcc78ff9c12dad7d789c63eb907ff8eeb3ed5dfb09a78c63a4c8ac71273da04d,C:\Users\vntfadmin\OneDrive - THG\Documents\Build Signal Bot\core4_portfolio_allocator\data\binance_spot_1d\SOLUSDT\SOLUSDT-1d-2025-04.zip
SOLUSDT,2025-05,DOWNLOADED_VERIFIED,2038,e941f16df00c40ebdead705ca3579e517474d91bc1bb9f1a6cd228ecf261b260,C:\Users\vntfadmin\OneDrive - THG\Documents\Build Signal Bot\core4_portfolio_allocator\data\binance_spot_1d\SOLUSDT\SOLUSDT-1d-2025-05.zip
SOLUSDT,2025-06,DOWNLOADED_VERIFIED,1960,0f07a118614cbd5e9c87ca21fac821fe204b77e32d776cc7406af945665adfa1,C:\Users\vntfadmin\OneDrive - THG\Documents\Build Signal Bot\core4_portfolio_allocator\data\binance_spot_1d\SOLUSDT\SOLUSDT-1d-2025-06.zip
SOLUSDT,2025-07,DOWNLOADED_VERIFIED,2038,077cf97a326946b4745492d505757dea1c0fde94e048f77a53264758e484e90c,C:\Users\vntfadmin\OneDrive - THG\Documents\Build Signal Bot\core4_portfolio_allocator\data\binance_spot_1d\SOLUSDT\SOLUSDT-1d-2025-07.zip
SOLUSDT,2025-08,DOWNLOADED_VERIFIED,2059,0ded6dbc78e2bd4b6034b95e302bb0fd03c1e59a6fe24b665fb9edce80f9ca1c,C:\Users\vntfadmin\OneDrive - THG\Documents\Build Signal Bot\core4_portfolio_allocator\data\binance_spot_1d\SOLUSDT\SOLUSDT-1d-2025-08.zip
SOLUSDT,2025-09,DOWNLOADED_VERIFIED,1988,b426db9acb56eed70f6a25e7bfa2d5ae86b17db54afb2a7abf1a58649a33d20c,C:\Users\vntfadmin\OneDrive - THG\Documents\Build Signal Bot\core4_portfolio_allocator\data\binance_spot_1d\SOLUSDT\SOLUSDT-1d-2025-09.zip
SOLUSDT,2025-10,DOWNLOADED_VERIFIED,2053,d675523daf5ef157c13160e9fe4b84fc02bedb8e513bfca5a85b8d53e38684d4,C:\Users\vntfadmin\OneDrive - THG\Documents\Build Signal Bot\core4_portfolio_allocator\data\binance_spot_1d\SOLUSDT\SOLUSDT-1d-2025-10.zip
SOLUSDT,2025-11,DOWNLOADED_VERIFIED,1996,0eba533d5d1b2a09a3c4126bdf875387992e348d334697667a54a04d4709d7e3,C:\Users\vntfadmin\OneDrive - THG\Documents\Build Signal Bot\core4_portfolio_allocator\data\binance_spot_1d\SOLUSDT\SOLUSDT-1d-2025-11.zip
SOLUSDT,2025-12,DOWNLOADED_VERIFIED,2005,9a0eefcf1eba4ea1731f915f3a49e6fc81a383d599b5c99c56c5d2697039f70d,C:\Users\vntfadmin\OneDrive - THG\Documents\Build Signal Bot\core4_portfolio_allocator\data\binance_spot_1d\SOLUSDT\SOLUSDT-1d-2025-12.zip
SOLUSDT,2026-01,DOWNLOADED_VERIFIED,2009,546a5858cc28a23a3680a257689793ecf6381941363f88338bd6f659e50aa59e,C:\Users\vntfadmin\OneDrive - THG\Documents\Build Signal Bot\core4_portfolio_allocator\data\binance_spot_1d\SOLUSDT\SOLUSDT-1d-2026-01.zip
SOLUSDT,2026-02,DOWNLOADED_VERIFIED,1830,2f2a7010a7902ce0645b998e4f33320a9f394ff6aac080e53442d341f1940b05,C:\Users\vntfadmin\OneDrive - THG\Documents\Build Signal Bot\core4_portfolio_allocator\data\binance_spot_1d\SOLUSDT\SOLUSDT-1d-2026-02.zip
SOLUSDT,2026-03,DOWNLOADED_VERIFIED,1999,254e390e9a69bada245c39990154f4767a2ab1987c3198178dd58fbe1044f6d7,C:\Users\vntfadmin\OneDrive - THG\Documents\Build Signal Bot\core4_portfolio_allocator\data\binance_spot_1d\SOLUSDT\SOLUSDT-1d-2026-03.zip
SOLUSDT,2026-04,DOWNLOADED_VERIFIED,1918,f5534e486c27d46821af2a2fb5ed62201278a88bd569908ad21825ee21307f36,C:\Users\vntfadmin\OneDrive - THG\Documents\Build Signal Bot\core4_portfolio_allocator\data\binance_spot_1d\SOLUSDT\SOLUSDT-1d-2026-04.zip
SOLUSDT,2026-05,DOWNLOADED_VERIFIED,1980,58427ebb87a6df1cd1a9253bb5bdc1ee33fa500bf7a28ead928d6549061f342e,C:\Users\vntfadmin\OneDrive - THG\Documents\Build Signal Bot\core4_portfolio_allocator\data\binance_spot_1d\SOLUSDT\SOLUSDT-1d-2026-05.zip
SOLUSDT,2026-06,DOWNLOADED_VERIFIED,1928,f6a0a60bfd68aabbf1f7e0b8f1f2144fed2ba96ff63df9489f147c3cfa1fd479,C:\Users\vntfadmin\OneDrive - THG\Documents\Build Signal Bot\core4_portfolio_allocator\data\binance_spot_1d\SOLUSDT\SOLUSDT-1d-2026-06.zip
SOLUSDT,2026-07,DOWNLOADED_VERIFIED,1936,b961b1e117dc89b4eeaaa91e9aa5b5f15169a8ef54833aed1c894e2a3a9abc2f,C:\Users\vntfadmin\OneDrive - THG\Documents\Build Signal Bot\core4_portfolio_allocator\data\binance_spot_1d\SOLUSDT\SOLUSDT-1d-2026-07.zip
SOLUSDT,2026-08,DOWNLOADED_VERIFIED,1978,d46f1ad6a295e30d0265a0db7ac9cf56215c66fd8a4931eb9eca41a1910cba53,C:\Users\vntfadmin\OneDrive - THG\Documents\Build Signal Bot\core4_portfolio_allocator\data\binance_spot_1d\SOLUSDT\SOLUSDT-1d-2026-08.zip
