dataset,symbol,month,status,bytes,sha256,path
klines,BNBUSDT,2020-02,DOWNLOADED_VERIFIED,21649,a4c178a13a55264355c42c41c39110422fd463ff36ff8484e4d173dc559a61a1,C:\Users\vntfadmin\OneDrive - THG\Documents\Build Signal Bot\core4_portfolio_allocator\data\binance_usdm\klines\BNBUSDT\BNBUSDT-1h-2020-02.zip
klines,BNBUSDT,2020-03,DOWNLOADED_VERIFIED,33836,5dd7f5a654fb2ed8b1ee5c3d6f0df82d882550485f618e4c7de2fa5f4afbf0f2,C:\Users\vntfadmin\OneDrive - THG\Documents\Build Signal Bot\core4_portfolio_allocator\data\binance_usdm\klines\BNBUSDT\BNBUSDT-1h-2020-03.zip
klines,BNBUSDT,2020-04,DOWNLOADED_VERIFIED,32442,ae462072c3ab11fd6e0d5b6e48fb14b2ea6d0d3547e67d2e27673b927828fd73,C:\Users\vntfadmin\OneDrive - THG\Documents\Build Signal Bot\core4_portfolio_allocator\data\binance_usdm\klines\BNBUSDT\BNBUSDT-1h-2020-04.zip
klines,BNBUSDT,2020-05,DOWNLOADED_VERIFIED,33040,26869dd5c8f0950f40e8701417acc41f8045c9fcc69e4f6a77de85097d899650,C:\Users\vntfadmin\OneDrive - THG\Documents\Build Signal Bot\core4_portfolio_allocator\data\binance_usdm\klines\BNBUSDT\BNBUSDT-1h-2020-05.zip
klines,BNBUSDT,2020-06,DOWNLOADED_VERIFIED,31311,a5c03af97ad31d8c7d802f63c594ae2d0ed039df9b8f949ae446ca78288e2aef,C:\Users\vntfadmin\OneDrive - THG\Documents\Build Signal Bot\core4_portfolio_allocator\data\binance_usdm\klines\BNBUSDT\BNBUSDT-1h-2020-06.zip
klines,BNBUSDT,2020-07,DOWNLOADED_VERIFIED,33454,128fb0ff6d0ccdae9a79690821658a7b80d892d648832622bf50f2afe994fc34,C:\Users\vntfadmin\OneDrive - THG\Documents\Build Signal Bot\core4_portfolio_allocator\data\binance_usdm\klines\BNBUSDT\BNBUSDT-1h-2020-07.zip
klines,BNBUSDT,2020-08,DOWNLOADED_VERIFIED,33782,c32f0ebc1c8348043067c8772931b6d7bb4e4e5adef4dc0395421d2e3595d560,C:\Users\vntfadmin\OneDrive - THG\Documents\Build Signal Bot\core4_portfolio_allocator\data\binance_usdm\klines\BNBUSDT\BNBUSDT-1h-2020-08.zip
klines,BNBUSDT,2020-09,DOWNLOADED_VERIFIED,34030,ed9b9d1100dd508f1ab95e815c43e33e1a58449a2669c1cd23c80ee73ae2365b,C:\Users\vntfadmin\OneDrive - THG\Documents\Build Signal Bot\core4_portfolio_allocator\data\binance_usdm\klines\BNBUSDT\BNBUSDT-1h-2020-09.zip
klines,BNBUSDT,2020-10,DOWNLOADED_VERIFIED,34296,ae31a5fc334e02054a6b8a129d28431670e7fb3fe8ee7dac2389db1cc7e7a684,C:\Users\vntfadmin\OneDrive - THG\Documents\Build Signal Bot\core4_portfolio_allocator\data\binance_usdm\klines\BNBUSDT\BNBUSDT-1h-2020-10.zip
klines,BNBUSDT,2020-11,DOWNLOADED_VERIFIED,33367,be9708de81263420016da31d5ed02d718cc8b7700f40a0691499f0b448c3cc6a,C:\Users\vntfadmin\OneDrive - THG\Documents\Build Signal Bot\core4_portfolio_allocator\data\binance_usdm\klines\BNBUSDT\BNBUSDT-1h-2020-11.zip
klines,BNBUSDT,2020-12,DOWNLOADED_VERIFIED,34563,7c58c75af979529ca21f8ceb3a26153ea9fd01a8a82935ffa657ef49a3879ad3,C:\Users\vntfadmin\OneDrive - THG\Documents\Build Signal Bot\core4_portfolio_allocator\data\binance_usdm\klines\BNBUSDT\BNBUSDT-1h-2020-12.zip
klines,BNBUSDT,2021-01,DOWNLOADED_VERIFIED,35217,a6e884eaa8eac1ca652a6af5d06d7e7ae0fe3d2df14f70d8c8db07f9b6fd368f,C:\Users\vntfadmin\OneDrive - THG\Documents\Build Signal Bot\core4_portfolio_allocator\data\binance_usdm\klines\BNBUSDT\BNBUSDT-1h-2021-01.zip
klines,BNBUSDT,2021-02,DOWNLOADED_VERIFIED,34403,b397ebb6c45f482e55037232b09407fc305f4ddaa588236def3cf7cf8c89c220,C:\Users\vntfadmin\OneDrive - THG\Documents\Build Signal Bot\core4_portfolio_allocator\data\binance_usdm\klines\BNBUSDT\BNBUSDT-1h-2021-02.zip
klines,BNBUSDT,2021-03,DOWNLOADED_VERIFIED,37864,888e0c6d02c8a816a0a7cca0bcd587af48a906ea36a3ba578d3e3cce831eff49,C:\Users\vntfadmin\OneDrive - THG\Documents\Build Signal Bot\core4_portfolio_allocator\data\binance_usdm\klines\BNBUSDT\BNBUSDT-1h-2021-03.zip
klines,BNBUSDT,2021-04,DOWNLOADED_VERIFIED,37739,02e1b00cf9ed6164a204250aaf60df6a066b7007e391276c050b03de2361215b,C:\Users\vntfadmin\OneDrive - THG\Documents\Build Signal Bot\core4_portfolio_allocator\data\binance_usdm\klines\BNBUSDT\BNBUSDT-1h-2021-04.zip
klines,BNBUSDT,2021-05,DOWNLOADED_VERIFIED,38011,1ec05fa409449af8df93a95dcecec1031dd1fb3b3e32fe4102bf1ea8c18133d9,C:\Users\vntfadmin\OneDrive - THG\Documents\Build Signal Bot\core4_portfolio_allocator\data\binance_usdm\klines\BNBUSDT\BNBUSDT-1h-2021-05.zip
klines,BNBUSDT,2021-06,DOWNLOADED_VERIFIED,36011,a99b1767737b5de6230ed57b04f41ace31cc4e87d9e4828d1503865ee18651ce,C:\Users\vntfadmin\OneDrive - THG\Documents\Build Signal Bot\core4_portfolio_allocator\data\binance_usdm\klines\BNBUSDT\BNBUSDT-1h-2021-06.zip
klines,BNBUSDT,2021-07,DOWNLOADED_VERIFIED,36160,4cfb22e8ad282b28e557203788e843373f94cf628ce3a9177fabcb95420c5950,C:\Users\vntfadmin\OneDrive - THG\Documents\Build Signal Bot\core4_portfolio_allocator\data\binance_usdm\klines\BNBUSDT\BNBUSDT-1h-2021-07.zip
klines,BNBUSDT,2021-08,DOWNLOADED_VERIFIED,36126,aa38e9e4a0993a6d63aae409ead5879bb886b7343c107d6a6af76a9b0154b74e,C:\Users\vntfadmin\OneDrive - THG\Documents\Build Signal Bot\core4_portfolio_allocator\data\binance_usdm\klines\BNBUSDT\BNBUSDT-1h-2021-08.zip
klines,BNBUSDT,2021-09,DOWNLOADED_VERIFIED,34781,dffab06b6142b4c72490e7dd73bcb3c601791dcdaad533883d3ba862fd1e297a,C:\Users\vntfadmin\OneDrive - THG\Documents\Build Signal Bot\core4_portfolio_allocator\data\binance_usdm\klines\BNBUSDT\BNBUSDT-1h-2021-09.zip
klines,BNBUSDT,2021-10,DOWNLOADED_VERIFIED,35804,7bbb0fe8856f32cbb95e88d1833cbe41c625f5d087ccce7eea259648f8f9b222,C:\Users\vntfadmin\OneDrive - THG\Documents\Build Signal Bot\core4_portfolio_allocator\data\binance_usdm\klines\BNBUSDT\BNBUSDT-1h-2021-10.zip
klines,BNBUSDT,2021-11,DOWNLOADED_VERIFIED,35132,3c139e6f9372270408f6fb4030bfc80ac9c4aa013fa480cbbabcb2a4f9817fbf,C:\Users\vntfadmin\OneDrive - THG\Documents\Build Signal Bot\core4_portfolio_allocator\data\binance_usdm\klines\BNBUSDT\BNBUSDT-1h-2021-11.zip
klines,BNBUSDT,2021-12,DOWNLOADED_VERIFIED,35577,1bfa03d9f9f21fa43893135029eb71937669259a0257cb7a04a491c4ad2f770e,C:\Users\vntfadmin\OneDrive - THG\Documents\Build Signal Bot\core4_portfolio_allocator\data\binance_usdm\klines\BNBUSDT\BNBUSDT-1h-2021-12.zip
klines,BNBUSDT,2022-01,DOWNLOADED_VERIFIED,35700,e659a4c3ba548ea09b6f8492f123b39a6562d63192be388019a41f82f77b497c,C:\Users\vntfadmin\OneDrive - THG\Documents\Build Signal Bot\core4_portfolio_allocator\data\binance_usdm\klines\BNBUSDT\BNBUSDT-1h-2022-01.zip
klines,BNBUSDT,2022-02,DOWNLOADED_VERIFIED,32061,bded63853206722c18f2a04f1c368604e4f177b7a72f1cd8c2114e8936a3dcf0,C:\Users\vntfadmin\OneDrive - THG\Documents\Build Signal Bot\core4_portfolio_allocator\data\binance_usdm\klines\BNBUSDT\BNBUSDT-1h-2022-02.zip
klines,BNBUSDT,2022-03,DOWNLOADED_VERIFIED,35050,271e37a528fbbec73494c1856479a89c2ed65750f8fc318d5b623fd7a55ec796,C:\Users\vntfadmin\OneDrive - THG\Documents\Build Signal Bot\core4_portfolio_allocator\data\binance_usdm\klines\BNBUSDT\BNBUSDT-1h-2022-03.zip
klines,BNBUSDT,2022-04,DOWNLOADED_VERIFIED,33744,149258157f4bdb64d9c27202bfdc12d31f42e2578f39a5777d1a21d26381b3b7,C:\Users\vntfadmin\OneDrive - THG\Documents\Build Signal Bot\core4_portfolio_allocator\data\binance_usdm\klines\BNBUSDT\BNBUSDT-1h-2022-04.zip
klines,BNBUSDT,2022-05,DOWNLOADED_VERIFIED,35595,bdf2fd323df3f8aca9c6746d7e9d5eb88345c65ac4df5aca59fc05893f95f185,C:\Users\vntfadmin\OneDrive - THG\Documents\Build Signal Bot\core4_portfolio_allocator\data\binance_usdm\klines\BNBUSDT\BNBUSDT-1h-2022-05.zip
klines,BNBUSDT,2022-06,DOWNLOADED_VERIFIED,34575,1b414986908f32931aff1106cfa0fccaced99ae4cce89ab3f630346271f96cea,C:\Users\vntfadmin\OneDrive - THG\Documents\Build Signal Bot\core4_portfolio_allocator\data\binance_usdm\klines\BNBUSDT\BNBUSDT-1h-2022-06.zip
klines,BNBUSDT,2022-07,DOWNLOADED_VERIFIED,35199,6304805215d13227af4fd163008331b8ddd236bb2d29be97c310be88f20dec2a,C:\Users\vntfadmin\OneDrive - THG\Documents\Build Signal Bot\core4_portfolio_allocator\data\binance_usdm\klines\BNBUSDT\BNBUSDT-1h-2022-07.zip
klines,BNBUSDT,2022-08,DOWNLOADED_VERIFIED,35489,8cc767047e488be62c5b0808e0a9bc114a3d5985acde00b302a619beae164a86,C:\Users\vntfadmin\OneDrive - THG\Documents\Build Signal Bot\core4_portfolio_allocator\data\binance_usdm\klines\BNBUSDT\BNBUSDT-1h-2022-08.zip
klines,BNBUSDT,2022-09,DOWNLOADED_VERIFIED,33642,363b3ec374045f3d4fddf0dcd4043b4250e85598ca276bcac28385eb90f46f46,C:\Users\vntfadmin\OneDrive - THG\Documents\Build Signal Bot\core4_portfolio_allocator\data\binance_usdm\klines\BNBUSDT\BNBUSDT-1h-2022-09.zip
klines,BNBUSDT,2022-10,DOWNLOADED_VERIFIED,34332,ea08498c3d9aa18afa2267fa04cc3326893cbdfd427a709b4b532995a453f441,C:\Users\vntfadmin\OneDrive - THG\Documents\Build Signal Bot\core4_portfolio_allocator\data\binance_usdm\klines\BNBUSDT\BNBUSDT-1h-2022-10.zip
klines,BNBUSDT,2022-11,DOWNLOADED_VERIFIED,34783,2ee01ebc45bae69790279c3bceb1f7099f2813f4998ce8a984f37a5f8dbc477d,C:\Users\vntfadmin\OneDrive - THG\Documents\Build Signal Bot\core4_portfolio_allocator\data\binance_usdm\klines\BNBUSDT\BNBUSDT-1h-2022-11.zip
klines,BNBUSDT,2022-12,DOWNLOADED_VERIFIED,34678,ba091b6bc15c8798761165845678c72633cbbfb7bf49a10a9ab81dab9f02c0e6,C:\Users\vntfadmin\OneDrive - THG\Documents\Build Signal Bot\core4_portfolio_allocator\data\binance_usdm\klines\BNBUSDT\BNBUSDT-1h-2022-12.zip
klines,BNBUSDT,2023-01,DOWNLOADED_VERIFIED,34924,62f431a6864dc70689b292338ddf31992a471700eb1d161fb7714cd4c92823be,C:\Users\vntfadmin\OneDrive - THG\Documents\Build Signal Bot\core4_portfolio_allocator\data\binance_usdm\klines\BNBUSDT\BNBUSDT-1h-2023-01.zip
klines,BNBUSDT,2023-02,DOWNLOADED_VERIFIED,31695,3eeaf3efe5469ccbd2e2512fe7302b6dc73389580f92d77bfb2c3a11b314ecbd,C:\Users\vntfadmin\OneDrive - THG\Documents\Build Signal Bot\core4_portfolio_allocator\data\binance_usdm\klines\BNBUSDT\BNBUSDT-1h-2023-02.zip
klines,BNBUSDT,2023-03,DOWNLOADED_VERIFIED,35049,1e902bc2f554af0cd7324eae8efbec4b3f4ea49835547a730469e809c00213bf,C:\Users\vntfadmin\OneDrive - THG\Documents\Build Signal Bot\core4_portfolio_allocator\data\binance_usdm\klines\BNBUSDT\BNBUSDT-1h-2023-03.zip
klines,BNBUSDT,2023-04,DOWNLOADED_VERIFIED,33286,1832e32de57de030b4e1115ebcbefa613e3554395f1a7cad2353a707fd9a00b9,C:\Users\vntfadmin\OneDrive - THG\Documents\Build Signal Bot\core4_portfolio_allocator\data\binance_usdm\klines\BNBUSDT\BNBUSDT-1h-2023-04.zip
klines,BNBUSDT,2023-05,DOWNLOADED_VERIFIED,33849,76447addcbb30ec2a4ad641cebd32a233c9309ff2aeaf118edb8aa33fe6efbef,C:\Users\vntfadmin\OneDrive - THG\Documents\Build Signal Bot\core4_portfolio_allocator\data\binance_usdm\klines\BNBUSDT\BNBUSDT-1h-2023-05.zip
klines,BNBUSDT,2023-06,DOWNLOADED_VERIFIED,33952,dcd5768745e9e3516600e5c6029fe219c3f1e264dc463ed19574d3924fff3400,C:\Users\vntfadmin\OneDrive - THG\Documents\Build Signal Bot\core4_portfolio_allocator\data\binance_usdm\klines\BNBUSDT\BNBUSDT-1h-2023-06.zip
klines,BNBUSDT,2023-07,DOWNLOADED_VERIFIED,34110,30a008f43e28e9b4b104c73a67502879c09bcdfa884cf358e83c9eb095886035,C:\Users\vntfadmin\OneDrive - THG\Documents\Build Signal Bot\core4_portfolio_allocator\data\binance_usdm\klines\BNBUSDT\BNBUSDT-1h-2023-07.zip
klines,BNBUSDT,2023-08,DOWNLOADED_VERIFIED,33711,d25a7f97f870374facd7d54b61b40956eed1dac3898f2afb7773896ca2a62966,C:\Users\vntfadmin\OneDrive - THG\Documents\Build Signal Bot\core4_portfolio_allocator\data\binance_usdm\klines\BNBUSDT\BNBUSDT-1h-2023-08.zip
klines,BNBUSDT,2023-09,DOWNLOADED_VERIFIED,32046,89e049b9dbb8bcf450ad82de2e6da5132c81b0075453f09a2fcc9f3f6f364b8a,C:\Users\vntfadmin\OneDrive - THG\Documents\Build Signal Bot\core4_portfolio_allocator\data\binance_usdm\klines\BNBUSDT\BNBUSDT-1h-2023-09.zip
klines,BNBUSDT,2023-10,DOWNLOADED_VERIFIED,33414,e0246f1dd92615d3be8bc0a127fa6c244cc5db0555e2af918d4fe24789b5df2b,C:\Users\vntfadmin\OneDrive - THG\Documents\Build Signal Bot\core4_portfolio_allocator\data\binance_usdm\klines\BNBUSDT\BNBUSDT-1h-2023-10.zip
klines,BNBUSDT,2023-11,DOWNLOADED_VERIFIED,33363,bfdc66685849cd63f220bef0c941f7621c4110a3c433066542197d0d108a4fab,C:\Users\vntfadmin\OneDrive - THG\Documents\Build Signal Bot\core4_portfolio_allocator\data\binance_usdm\klines\BNBUSDT\BNBUSDT-1h-2023-11.zip
klines,BNBUSDT,2023-12,DOWNLOADED_VERIFIED,34877,488ca5812d237f7f59276ab39bbbfdd9f03d4b12394cbe9c452c375612758603,C:\Users\vntfadmin\OneDrive - THG\Documents\Build Signal Bot\core4_portfolio_allocator\data\binance_usdm\klines\BNBUSDT\BNBUSDT-1h-2023-12.zip
klines,BNBUSDT,2024-01,DOWNLOADED_VERIFIED,34680,2d8e259334148bc3d3b84987b06fcb807f50f62c131d9893145ace60168b3ef4,C:\Users\vntfadmin\OneDrive - THG\Documents\Build Signal Bot\core4_portfolio_allocator\data\binance_usdm\klines\BNBUSDT\BNBUSDT-1h-2024-01.zip
klines,BNBUSDT,2024-02,DOWNLOADED_VERIFIED,32509,22d29ab791b77e2a3c65843900bbeb9ef3e109c882ea2db92924f14180acf824,C:\Users\vntfadmin\OneDrive - THG\Documents\Build Signal Bot\core4_portfolio_allocator\data\binance_usdm\klines\BNBUSDT\BNBUSDT-1h-2024-02.zip
klines,BNBUSDT,2024-03,DOWNLOADED_VERIFIED,36177,c8f9340cba065bf5e956f66ff46aaddf7755cbd5ed2d407c5720f37402b5f564,C:\Users\vntfadmin\OneDrive - THG\Documents\Build Signal Bot\core4_portfolio_allocator\data\binance_usdm\klines\BNBUSDT\BNBUSDT-1h-2024-03.zip
klines,BNBUSDT,2024-04,DOWNLOADED_VERIFIED,34505,2c6b904e0dc5b241ef71fef53a7ae79028f6d24bc1529f80507c06763876b4d0,C:\Users\vntfadmin\OneDrive - THG\Documents\Build Signal Bot\core4_portfolio_allocator\data\binance_usdm\klines\BNBUSDT\BNBUSDT-1h-2024-04.zip
klines,BNBUSDT,2024-05,DOWNLOADED_VERIFIED,34723,a3c8089b29604358e5ea077a8f824a2dcc17ee8c7579933ec326e6195a2b6b64,C:\Users\vntfadmin\OneDrive - THG\Documents\Build Signal Bot\core4_portfolio_allocator\data\binance_usdm\klines\BNBUSDT\BNBUSDT-1h-2024-05.zip
klines,BNBUSDT,2024-06,DOWNLOADED_VERIFIED,33943,f053c2fa3755f2eb8c9291b43eeebf08756ca4d73ed0e435f1b3114f01872ebe,C:\Users\vntfadmin\OneDrive - THG\Documents\Build Signal Bot\core4_portfolio_allocator\data\binance_usdm\klines\BNBUSDT\BNBUSDT-1h-2024-06.zip
klines,BNBUSDT,2024-07,DOWNLOADED_VERIFIED,34833,52ad4b9eaab5ea67b4e3c588784996e913ef859c4c553c05481f9e81a5a9550a,C:\Users\vntfadmin\OneDrive - THG\Documents\Build Signal Bot\core4_portfolio_allocator\data\binance_usdm\klines\BNBUSDT\BNBUSDT-1h-2024-07.zip
klines,BNBUSDT,2024-08,DOWNLOADED_VERIFIED,35118,5500e092c17531c0fe4dc3c817850e83ea954d06ff466da146152292627e100e,C:\Users\vntfadmin\OneDrive - THG\Documents\Build Signal Bot\core4_portfolio_allocator\data\binance_usdm\klines\BNBUSDT\BNBUSDT-1h-2024-08.zip
klines,BNBUSDT,2024-09,DOWNLOADED_VERIFIED,33860,e2f3c3093939fdf5959207c325b29404cb29ad8edb6b9510fa103da7a57a91f3,C:\Users\vntfadmin\OneDrive - THG\Documents\Build Signal Bot\core4_portfolio_allocator\data\binance_usdm\klines\BNBUSDT\BNBUSDT-1h-2024-09.zip
klines,BNBUSDT,2024-10,DOWNLOADED_VERIFIED,34551,a18e0817ae976c6b0859f8a5cb1fd22cf0e69c8992f9dff2bfab098ef4010849,C:\Users\vntfadmin\OneDrive - THG\Documents\Build Signal Bot\core4_portfolio_allocator\data\binance_usdm\klines\BNBUSDT\BNBUSDT-1h-2024-10.zip
klines,BNBUSDT,2024-11,DOWNLOADED_VERIFIED,34431,6c1ad7c2aeaa31a5221c9eb96cf6076eb318851c5d15ff4e60921b6419405b2c,C:\Users\vntfadmin\OneDrive - THG\Documents\Build Signal Bot\core4_portfolio_allocator\data\binance_usdm\klines\BNBUSDT\BNBUSDT-1h-2024-11.zip
klines,BNBUSDT,2024-12,DOWNLOADED_VERIFIED,35897,324c97541d0395d7c5d882f5fecb0e85b74e0569265f70319b3afd3860f3a466,C:\Users\vntfadmin\OneDrive - THG\Documents\Build Signal Bot\core4_portfolio_allocator\data\binance_usdm\klines\BNBUSDT\BNBUSDT-1h-2024-12.zip
klines,BNBUSDT,2025-01,DOWNLOADED_VERIFIED,34900,d7a3c3240f2214756249042ec7d914008d13457d2fdba41571607e5243a2513d,C:\Users\vntfadmin\OneDrive - THG\Documents\Build Signal Bot\core4_portfolio_allocator\data\binance_usdm\klines\BNBUSDT\BNBUSDT-1h-2025-01.zip
klines,BNBUSDT,2025-02,DOWNLOADED_VERIFIED,32370,3cc05e52175fbee8638a83472b29cae87ed409d3ff95391fe260f94f2a991bf1,C:\Users\vntfadmin\OneDrive - THG\Documents\Build Signal Bot\core4_portfolio_allocator\data\binance_usdm\klines\BNBUSDT\BNBUSDT-1h-2025-02.zip
klines,BNBUSDT,2025-03,DOWNLOADED_VERIFIED,35295,eab50e62bc9d8c8c65b9da0e34af0f80bce41624a6b385148a5c1bea05216999,C:\Users\vntfadmin\OneDrive - THG\Documents\Build Signal Bot\core4_portfolio_allocator\data\binance_usdm\klines\BNBUSDT\BNBUSDT-1h-2025-03.zip
klines,BNBUSDT,2025-04,DOWNLOADED_VERIFIED,33656,0c2472f4288c96f99b3e0ad4ff705658c7d62b922a52fa1ac9d3abadcc25d9b4,C:\Users\vntfadmin\OneDrive - THG\Documents\Build Signal Bot\core4_portfolio_allocator\data\binance_usdm\klines\BNBUSDT\BNBUSDT-1h-2025-04.zip
klines,BNBUSDT,2025-05,DOWNLOADED_VERIFIED,34824,e9efa6d5f3980d3c5be1a9b3f45d96a1b6bc116b53149d311e506ae1280ffde8,C:\Users\vntfadmin\OneDrive - THG\Documents\Build Signal Bot\core4_portfolio_allocator\data\binance_usdm\klines\BNBUSDT\BNBUSDT-1h-2025-05.zip
klines,BNBUSDT,2025-06,DOWNLOADED_VERIFIED,33164,b828c5ecd697ea470abb5745a41589987198213d08a2c205ffa128258d071f84,C:\Users\vntfadmin\OneDrive - THG\Documents\Build Signal Bot\core4_portfolio_allocator\data\binance_usdm\klines\BNBUSDT\BNBUSDT-1h-2025-06.zip
klines,BNBUSDT,2025-07,DOWNLOADED_VERIFIED,35005,d88f08146b11fae863886e93981ac9860f59c99924409f759eb3954993bf2e6a,C:\Users\vntfadmin\OneDrive - THG\Documents\Build Signal Bot\core4_portfolio_allocator\data\binance_usdm\klines\BNBUSDT\BNBUSDT-1h-2025-07.zip
klines,BNBUSDT,2025-08,DOWNLOADED_VERIFIED,35367,be006aede18c8a2e77c77a705994f0eccf0b7364850df35d27e4b2c4cc443db9,C:\Users\vntfadmin\OneDrive - THG\Documents\Build Signal Bot\core4_portfolio_allocator\data\binance_usdm\klines\BNBUSDT\BNBUSDT-1h-2025-08.zip
klines,BNBUSDT,2025-09,DOWNLOADED_VERIFIED,34546,2d3d4c796ea41015339f0e16142a6da13bc6d1cb5ebcd202a1164ca791cb4350,C:\Users\vntfadmin\OneDrive - THG\Documents\Build Signal Bot\core4_portfolio_allocator\data\binance_usdm\klines\BNBUSDT\BNBUSDT-1h-2025-09.zip
klines,BNBUSDT,2025-10,DOWNLOADED_VERIFIED,37097,d771a6b2e109daa57db991ca7ea5c723da5f1af25d039d6f316c657a096824de,C:\Users\vntfadmin\OneDrive - THG\Documents\Build Signal Bot\core4_portfolio_allocator\data\binance_usdm\klines\BNBUSDT\BNBUSDT-1h-2025-10.zip
klines,BNBUSDT,2025-11,DOWNLOADED_VERIFIED,34682,75de6507975d1d2e615a97aa4b9fb1054f89c14922910b822a0e3b1b71718dc7,C:\Users\vntfadmin\OneDrive - THG\Documents\Build Signal Bot\core4_portfolio_allocator\data\binance_usdm\klines\BNBUSDT\BNBUSDT-1h-2025-11.zip
klines,BNBUSDT,2025-12,DOWNLOADED_VERIFIED,34999,a545fd0880bb7fe0a1790897de4e5e2bd25b993832bc2d4c27176b3108832c50,C:\Users\vntfadmin\OneDrive - THG\Documents\Build Signal Bot\core4_portfolio_allocator\data\binance_usdm\klines\BNBUSDT\BNBUSDT-1h-2025-12.zip
klines,BNBUSDT,2026-01,DOWNLOADED_VERIFIED,35040,e7e14cf37810e776f93007d3799448855bd078005c98357a6d16584022290e46,C:\Users\vntfadmin\OneDrive - THG\Documents\Build Signal Bot\core4_portfolio_allocator\data\binance_usdm\klines\BNBUSDT\BNBUSDT-1h-2026-01.zip
klines,BNBUSDT,2026-02,DOWNLOADED_VERIFIED,32213,9beb008667ca86ea8a1fe9739f8a7e1793c2ec539ba9bde329eba93973d9f177,C:\Users\vntfadmin\OneDrive - THG\Documents\Build Signal Bot\core4_portfolio_allocator\data\binance_usdm\klines\BNBUSDT\BNBUSDT-1h-2026-02.zip
klines,BNBUSDT,2026-03,DOWNLOADED_VERIFIED,34847,1e50c1fb04976debffed8500fc95e8418233a0a020497e813774b700b3bba6aa,C:\Users\vntfadmin\OneDrive - THG\Documents\Build Signal Bot\core4_portfolio_allocator\data\binance_usdm\klines\BNBUSDT\BNBUSDT-1h-2026-03.zip
klines,BNBUSDT,2026-04,DOWNLOADED_VERIFIED,33390,197440860948507349cda7242530861f42c8879e551e2673a7bd144a286b3303,C:\Users\vntfadmin\OneDrive - THG\Documents\Build Signal Bot\core4_portfolio_allocator\data\binance_usdm\klines\BNBUSDT\BNBUSDT-1h-2026-04.zip
klines,BNBUSDT,2026-05,DOWNLOADED_VERIFIED,34698,61c5e4bd190326a5de1dbb69a91716b75212573a282792b260b7cced9a335709,C:\Users\vntfadmin\OneDrive - THG\Documents\Build Signal Bot\core4_portfolio_allocator\data\binance_usdm\klines\BNBUSDT\BNBUSDT-1h-2026-05.zip
klines,BNBUSDT,2026-06,DOWNLOADED_VERIFIED,33955,d3760589416bf315de18bb9557cb9ced5d4f92bc89d1bfcd4dbbe2733ba5d355,C:\Users\vntfadmin\OneDrive - THG\Documents\Build Signal Bot\core4_portfolio_allocator\data\binance_usdm\klines\BNBUSDT\BNBUSDT-1h-2026-06.zip
klines,BNBUSDT,2026-07,DOWNLOADED_VERIFIED,34025,1f5f1a843bd6347c9b9ff2afd8f1d90038dfa999ae20840dc14f4561d3d48d50,C:\Users\vntfadmin\OneDrive - THG\Documents\Build Signal Bot\core4_portfolio_allocator\data\binance_usdm\klines\BNBUSDT\BNBUSDT-1h-2026-07.zip
klines,BNBUSDT,2026-08,DOWNLOADED_VERIFIED,34390,20c98a1ccd5eb2f8d8d120d1d96e7d63dd5cacd79062813e2fa8097b92cff39c,C:\Users\vntfadmin\OneDrive - THG\Documents\Build Signal Bot\core4_portfolio_allocator\data\binance_usdm\klines\BNBUSDT\BNBUSDT-1h-2026-08.zip
klines,BTCUSDT,2019-09,NOT_PUBLISHED,0,,C:\Users\vntfadmin\OneDrive - THG\Documents\Build Signal Bot\core4_portfolio_allocator\data\binance_usdm\klines\BTCUSDT\BTCUSDT-1h-2019-09.zip
klines,BTCUSDT,2019-10,NOT_PUBLISHED,0,,C:\Users\vntfadmin\OneDrive - THG\Documents\Build Signal Bot\core4_portfolio_allocator\data\binance_usdm\klines\BTCUSDT\BTCUSDT-1h-2019-10.zip
klines,BTCUSDT,2019-11,NOT_PUBLISHED,0,,C:\Users\vntfadmin\OneDrive - THG\Documents\Build Signal Bot\core4_portfolio_allocator\data\binance_usdm\klines\BTCUSDT\BTCUSDT-1h-2019-11.zip
klines,BTCUSDT,2019-12,NOT_PUBLISHED,0,,C:\Users\vntfadmin\OneDrive - THG\Documents\Build Signal Bot\core4_portfolio_allocator\data\binance_usdm\klines\BTCUSDT\BTCUSDT-1h-2019-12.zip
klines,BTCUSDT,2020-01,DOWNLOADED_VERIFIED,37271,512a1d725c8df97a1bbbee4f118e730e9628500a8f271c9e59d2a7fc5fbfcfcc,C:\Users\vntfadmin\OneDrive - THG\Documents\Build Signal Bot\core4_portfolio_allocator\data\binance_usdm\klines\BTCUSDT\BTCUSDT-1h-2020-01.zip
klines,BTCUSDT,2020-02,DOWNLOADED_VERIFIED,35268,13d067e5c7b258764b8524e1d3c61b129c44838c2ce9850f4d86cae13c61f198,C:\Users\vntfadmin\OneDrive - THG\Documents\Build Signal Bot\core4_portfolio_allocator\data\binance_usdm\klines\BTCUSDT\BTCUSDT-1h-2020-02.zip
klines,BTCUSDT,2020-03,DOWNLOADED_VERIFIED,38166,9fc0c560cce35fd083febee10c0c8c3ffcd56a9185f9b489f265a51bbf60ec6e,C:\Users\vntfadmin\OneDrive - THG\Documents\Build Signal Bot\core4_portfolio_allocator\data\binance_usdm\klines\BTCUSDT\BTCUSDT-1h-2020-03.zip
klines,BTCUSDT,2020-04,DOWNLOADED_VERIFIED,36833,bfa6d2adc1aefd8a96b3cbd38932486741caa1ae40f1e646df3606205402176f,C:\Users\vntfadmin\OneDrive - THG\Documents\Build Signal Bot\core4_portfolio_allocator\data\binance_usdm\klines\BTCUSDT\BTCUSDT-1h-2020-04.zip
klines,BTCUSDT,2020-05,DOWNLOADED_VERIFIED,38289,1eb7de25a14b8a6c70098b866a21ba2c35f1b55c9e1c1d4dadb431cd4d3e180d,C:\Users\vntfadmin\OneDrive - THG\Documents\Build Signal Bot\core4_portfolio_allocator\data\binance_usdm\klines\BTCUSDT\BTCUSDT-1h-2020-05.zip
klines,BTCUSDT,2020-06,DOWNLOADED_VERIFIED,36260,5f5b7ccd40facb7ddecd6019192be8de148e0aeeec8c8adc30cab3c474406c5b,C:\Users\vntfadmin\OneDrive - THG\Documents\Build Signal Bot\core4_portfolio_allocator\data\binance_usdm\klines\BTCUSDT\BTCUSDT-1h-2020-06.zip
klines,BTCUSDT,2020-07,DOWNLOADED_VERIFIED,37043,f116be7c0a36e71f771ae4987b95e1f6d098dc0dae3b71154c12e7c390cf1a4c,C:\Users\vntfadmin\OneDrive - THG\Documents\Build Signal Bot\core4_portfolio_allocator\data\binance_usdm\klines\BTCUSDT\BTCUSDT-1h-2020-07.zip
klines,BTCUSDT,2020-08,DOWNLOADED_VERIFIED,37996,d4dff9c958c878c00f2f3f059043612ac051fdc4117c3e9e74261db28c4f13fc,C:\Users\vntfadmin\OneDrive - THG\Documents\Build Signal Bot\core4_portfolio_allocator\data\binance_usdm\klines\BTCUSDT\BTCUSDT-1h-2020-08.zip
klines,BTCUSDT,2020-09,DOWNLOADED_VERIFIED,36859,b210c5ecfae463aaef862ea0e6d8ccbf63430f32d6a80bad0bdeb2eef83a7165,C:\Users\vntfadmin\OneDrive - THG\Documents\Build Signal Bot\core4_portfolio_allocator\data\binance_usdm\klines\BTCUSDT\BTCUSDT-1h-2020-09.zip
klines,BTCUSDT,2020-10,DOWNLOADED_VERIFIED,38117,753bc2e366777b40294690c5bbee38da8ec99e3157739ba0f16850c94ac92dc7,C:\Users\vntfadmin\OneDrive - THG\Documents\Build Signal Bot\core4_portfolio_allocator\data\binance_usdm\klines\BTCUSDT\BTCUSDT-1h-2020-10.zip
klines,BTCUSDT,2020-11,DOWNLOADED_VERIFIED,37893,23694fa6fc619c159992db5325d37730a392e8ee23e9e5c375a7bfef6022fb82,C:\Users\vntfadmin\OneDrive - THG\Documents\Build Signal Bot\core4_portfolio_allocator\data\binance_usdm\klines\BTCUSDT\BTCUSDT-1h-2020-11.zip
klines,BTCUSDT,2020-12,DOWNLOADED_VERIFIED,39316,9eca4954142f813a1ab404161b76facb56389a26fcd0b05bf93a19bf29578cb3,C:\Users\vntfadmin\OneDrive - THG\Documents\Build Signal Bot\core4_portfolio_allocator\data\binance_usdm\klines\BTCUSDT\BTCUSDT-1h-2020-12.zip
klines,BTCUSDT,2021-01,DOWNLOADED_VERIFIED,40346,00de1eb2f3e3bc7f21b7ab321f1681385726fe7ba55306a7337acfd8f81fedfa,C:\Users\vntfadmin\OneDrive - THG\Documents\Build Signal Bot\core4_portfolio_allocator\data\binance_usdm\klines\BTCUSDT\BTCUSDT-1h-2021-01.zip
klines,BTCUSDT,2021-02,DOWNLOADED_VERIFIED,36379,c5739d16db0aa917f9b4f196cf1dc3c9741b2889253c029571dcd2d00e83ccbb,C:\Users\vntfadmin\OneDrive - THG\Documents\Build Signal Bot\core4_portfolio_allocator\data\binance_usdm\klines\BTCUSDT\BTCUSDT-1h-2021-02.zip
klines,BTCUSDT,2021-03,DOWNLOADED_VERIFIED,40163,518891de0fa643092cac84143c9b35a7cbcebfc75ae0846ce36c8e3adab1929f,C:\Users\vntfadmin\OneDrive - THG\Documents\Build Signal Bot\core4_portfolio_allocator\data\binance_usdm\klines\BTCUSDT\BTCUSDT-1h-2021-03.zip
klines,BTCUSDT,2021-04,DOWNLOADED_VERIFIED,38669,0fdf8d01fa2eae368a63dcf709e6e6c5b0fd79bbe83b2f086aefbe2a7890924f,C:\Users\vntfadmin\OneDrive - THG\Documents\Build Signal Bot\core4_portfolio_allocator\data\binance_usdm\klines\BTCUSDT\BTCUSDT-1h-2021-04.zip
klines,BTCUSDT,2021-05,DOWNLOADED_VERIFIED,40697,c209747915a1451a7b51d80d92e68332622c1dd1b9517dc7723f78cfa4f28ab9,C:\Users\vntfadmin\OneDrive - THG\Documents\Build Signal Bot\core4_portfolio_allocator\data\binance_usdm\klines\BTCUSDT\BTCUSDT-1h-2021-05.zip
klines,BTCUSDT,2021-06,DOWNLOADED_VERIFIED,39207,5134cef4361e0819b721776da6e99f715141d122e3cfbf4be729e3dfc153ac33,C:\Users\vntfadmin\OneDrive - THG\Documents\Build Signal Bot\core4_portfolio_allocator\data\binance_usdm\klines\BTCUSDT\BTCUSDT-1h-2021-06.zip
klines,BTCUSDT,2021-07,DOWNLOADED_VERIFIED,40038,97241c02191fd4694daf9836269e6f8ed04ef5bf858414de5a3354678552b54d,C:\Users\vntfadmin\OneDrive - THG\Documents\Build Signal Bot\core4_portfolio_allocator\data\binance_usdm\klines\BTCUSDT\BTCUSDT-1h-2021-07.zip
klines,BTCUSDT,2021-08,DOWNLOADED_VERIFIED,40160,4c8290ad0baa9fcf37d45b893e8cae1a1e3b9ef77987a9d9abd64e44ab7deb09,C:\Users\vntfadmin\OneDrive - THG\Documents\Build Signal Bot\core4_portfolio_allocator\data\binance_usdm\klines\BTCUSDT\BTCUSDT-1h-2021-08.zip
klines,BTCUSDT,2021-09,DOWNLOADED_VERIFIED,38738,22c55191129632daf70611af13e8f2b0f34a5e79f4876f41744a9848c43b9864,C:\Users\vntfadmin\OneDrive - THG\Documents\Build Signal Bot\core4_portfolio_allocator\data\binance_usdm\klines\BTCUSDT\BTCUSDT-1h-2021-09.zip
klines,BTCUSDT,2021-10,DOWNLOADED_VERIFIED,40087,d3b55f8ae3689efe9bccc1d9b7082bda39fa7fa194e4c1197a63d1473ca57b4e,C:\Users\vntfadmin\OneDrive - THG\Documents\Build Signal Bot\core4_portfolio_allocator\data\binance_usdm\klines\BTCUSDT\BTCUSDT-1h-2021-10.zip
klines,BTCUSDT,2021-11,DOWNLOADED_VERIFIED,38610,a013f6adfd3012130c0b0bc58895373ae478cd38c646ac87957b855682c7f069,C:\Users\vntfadmin\OneDrive - THG\Documents\Build Signal Bot\core4_portfolio_allocator\data\binance_usdm\klines\BTCUSDT\BTCUSDT-1h-2021-11.zip
klines,BTCUSDT,2021-12,DOWNLOADED_VERIFIED,40053,f1dff81c6e322f7d5cee3c0808efd4e35b33e371f04ba613054264d9621318f1,C:\Users\vntfadmin\OneDrive - THG\Documents\Build Signal Bot\core4_portfolio_allocator\data\binance_usdm\klines\BTCUSDT\BTCUSDT-1h-2021-12.zip
klines,BTCUSDT,2022-01,DOWNLOADED_VERIFIED,39953,5281a9c866e7d54b0a5b5e6a7dad5575ad7b96df67f05f74d614c54190ffff5f,C:\Users\vntfadmin\OneDrive - THG\Documents\Build Signal Bot\core4_portfolio_allocator\data\binance_usdm\klines\BTCUSDT\BTCUSDT-1h-2022-01.zip
klines,BTCUSDT,2022-02,DOWNLOADED_VERIFIED,35964,b3a199287b2a8fed2c261999205d56cfd72ef9675c4b498a399601978d666228,C:\Users\vntfadmin\OneDrive - THG\Documents\Build Signal Bot\core4_portfolio_allocator\data\binance_usdm\klines\BTCUSDT\BTCUSDT-1h-2022-02.zip
klines,BTCUSDT,2022-03,DOWNLOADED_VERIFIED,39024,f61ebcacd9a38f20b0ad89c64bbeb56baf368641fbbd6e25e987db2b96ede5ff,C:\Users\vntfadmin\OneDrive - THG\Documents\Build Signal Bot\core4_portfolio_allocator\data\binance_usdm\klines\BTCUSDT\BTCUSDT-1h-2022-03.zip
klines,BTCUSDT,2022-04,DOWNLOADED_VERIFIED,37478,db7f9dbcc60cf68051b755346a5be32d27b0d3565cf6c02341b050a234ef44df,C:\Users\vntfadmin\OneDrive - THG\Documents\Build Signal Bot\core4_portfolio_allocator\data\binance_usdm\klines\BTCUSDT\BTCUSDT-1h-2022-04.zip
klines,BTCUSDT,2022-05,DOWNLOADED_VERIFIED,39107,b1512041ade711819be114fee30668fbdd2783b73fa55607991ae14d1d43653f,C:\Users\vntfadmin\OneDrive - THG\Documents\Build Signal Bot\core4_portfolio_allocator\data\binance_usdm\klines\BTCUSDT\BTCUSDT-1h-2022-05.zip
klines,BTCUSDT,2022-06,DOWNLOADED_VERIFIED,37922,1006ae5b8b4704da69f8f14fb4711d075d689fcf44cd0a98317df97953f1332d,C:\Users\vntfadmin\OneDrive - THG\Documents\Build Signal Bot\core4_portfolio_allocator\data\binance_usdm\klines\BTCUSDT\BTCUSDT-1h-2022-06.zip
klines,BTCUSDT,2022-07,DOWNLOADED_VERIFIED,38784,72060f8608459b04817f652cbb945be28afef0ae54ccf38113911c194630c184,C:\Users\vntfadmin\OneDrive - THG\Documents\Build Signal Bot\core4_portfolio_allocator\data\binance_usdm\klines\BTCUSDT\BTCUSDT-1h-2022-07.zip
klines,BTCUSDT,2022-08,DOWNLOADED_VERIFIED,38388,a1ad9eafd3dfecccfbc60c07de33ec2f7c33eab96f8ec04f88360b73b55dad76,C:\Users\vntfadmin\OneDrive - THG\Documents\Build Signal Bot\core4_portfolio_allocator\data\binance_usdm\klines\BTCUSDT\BTCUSDT-1h-2022-08.zip
klines,BTCUSDT,2022-09,DOWNLOADED_VERIFIED,37283,92753ae32ed042ab7f10b90e3b9a49ddafc695c8e60eb563713855c73e2e6e82,C:\Users\vntfadmin\OneDrive - THG\Documents\Build Signal Bot\core4_portfolio_allocator\data\binance_usdm\klines\BTCUSDT\BTCUSDT-1h-2022-09.zip
klines,BTCUSDT,2022-10,DOWNLOADED_VERIFIED,37838,d85a5f4bdbe93df2babdecf3b37f866655fa23c3fb31eeca96c3e3f6a1e9b872,C:\Users\vntfadmin\OneDrive - THG\Documents\Build Signal Bot\core4_portfolio_allocator\data\binance_usdm\klines\BTCUSDT\BTCUSDT-1h-2022-10.zip
klines,BTCUSDT,2022-11,DOWNLOADED_VERIFIED,36889,e9b3f3b1929e3f6f255269c2d2eb564d9d9bcacbfc16651888e95765df383888,C:\Users\vntfadmin\OneDrive - THG\Documents\Build Signal Bot\core4_portfolio_allocator\data\binance_usdm\klines\BTCUSDT\BTCUSDT-1h-2022-11.zip
klines,BTCUSDT,2022-12,DOWNLOADED_VERIFIED,36820,d313c2cb509cba13eff6538829245aedc993f18eff4a7bd48fe0eb6c3a9fa158,C:\Users\vntfadmin\OneDrive - THG\Documents\Build Signal Bot\core4_portfolio_allocator\data\binance_usdm\klines\BTCUSDT\BTCUSDT-1h-2022-12.zip
klines,BTCUSDT,2023-01,DOWNLOADED_VERIFIED,37766,b9ac60cc3ffc1e16db96ca2314120ff7531988108ebef1733ee54234f4fedf7f,C:\Users\vntfadmin\OneDrive - THG\Documents\Build Signal Bot\core4_portfolio_allocator\data\binance_usdm\klines\BTCUSDT\BTCUSDT-1h-2023-01.zip
klines,BTCUSDT,2023-02,DOWNLOADED_VERIFIED,34682,1ace9802f4da961db025a7b76a6171ef2c516c5307e5dee24267182f059110e0,C:\Users\vntfadmin\OneDrive - THG\Documents\Build Signal Bot\core4_portfolio_allocator\data\binance_usdm\klines\BTCUSDT\BTCUSDT-1h-2023-02.zip
klines,BTCUSDT,2023-03,DOWNLOADED_VERIFIED,38700,35f0068cc41887ea11960c4bb10e251a404fef5ad4cb4c88699cc2419b6bc38b,C:\Users\vntfadmin\OneDrive - THG\Documents\Build Signal Bot\core4_portfolio_allocator\data\binance_usdm\klines\BTCUSDT\BTCUSDT-1h-2023-03.zip
klines,BTCUSDT,2023-04,DOWNLOADED_VERIFIED,37139,ed6f0a84d1b2ed8f73fbdd4df10703e2ab49864fc4d657b0d8a9464a49dd4a29,C:\Users\vntfadmin\OneDrive - THG\Documents\Build Signal Bot\core4_portfolio_allocator\data\binance_usdm\klines\BTCUSDT\BTCUSDT-1h-2023-04.zip
klines,BTCUSDT,2023-05,DOWNLOADED_VERIFIED,38198,2f278ad3ea09cc42e577ad7185de74391a1eb09b9d9836d375e2c540aef1667f,C:\Users\vntfadmin\OneDrive - THG\Documents\Build Signal Bot\core4_portfolio_allocator\data\binance_usdm\klines\BTCUSDT\BTCUSDT-1h-2023-05.zip
klines,BTCUSDT,2023-06,DOWNLOADED_VERIFIED,37120,19bd435cdf58b426642c24a0df3b5fa755433f52a8c39f05dc5cfdeffa453aa0,C:\Users\vntfadmin\OneDrive - THG\Documents\Build Signal Bot\core4_portfolio_allocator\data\binance_usdm\klines\BTCUSDT\BTCUSDT-1h-2023-06.zip
klines,BTCUSDT,2023-07,DOWNLOADED_VERIFIED,37558,ae9ebc03dff2bdeb805a1401b5cf1256b2b84283f5f9d92b1f454f33b223f499,C:\Users\vntfadmin\OneDrive - THG\Documents\Build Signal Bot\core4_portfolio_allocator\data\binance_usdm\klines\BTCUSDT\BTCUSDT-1h-2023-07.zip
klines,BTCUSDT,2023-08,DOWNLOADED_VERIFIED,37282,599daa607ff593666036fe742d8272de6e0e9d284cd7d41d6585cf53baa20ca2,C:\Users\vntfadmin\OneDrive - THG\Documents\Build Signal Bot\core4_portfolio_allocator\data\binance_usdm\klines\BTCUSDT\BTCUSDT-1h-2023-08.zip
klines,BTCUSDT,2023-09,DOWNLOADED_VERIFIED,35974,7849f82af86aabcb9a79f64d0527480f22117656a68f98280fe8b840a6ee1339,C:\Users\vntfadmin\OneDrive - THG\Documents\Build Signal Bot\core4_portfolio_allocator\data\binance_usdm\klines\BTCUSDT\BTCUSDT-1h-2023-09.zip
klines,BTCUSDT,2023-10,DOWNLOADED_VERIFIED,37679,bbf0ef273c80f696ed9eb129a257812162487486692f124b9631ec38a924f6ae,C:\Users\vntfadmin\OneDrive - THG\Documents\Build Signal Bot\core4_portfolio_allocator\data\binance_usdm\klines\BTCUSDT\BTCUSDT-1h-2023-10.zip
klines,BTCUSDT,2023-11,DOWNLOADED_VERIFIED,36685,26f1a2870f57925303edcf75581f0a33ff5e145c2126e15afc5fc1b400522428,C:\Users\vntfadmin\OneDrive - THG\Documents\Build Signal Bot\core4_portfolio_allocator\data\binance_usdm\klines\BTCUSDT\BTCUSDT-1h-2023-11.zip
klines,BTCUSDT,2023-12,DOWNLOADED_VERIFIED,38475,5377bec9e6dc04027717836cc1c2a3789da4e4122d57e8395265a0414b766b7c,C:\Users\vntfadmin\OneDrive - THG\Documents\Build Signal Bot\core4_portfolio_allocator\data\binance_usdm\klines\BTCUSDT\BTCUSDT-1h-2023-12.zip
klines,BTCUSDT,2024-01,DOWNLOADED_VERIFIED,38890,bf673f3d10804a951e8bac56dd2473486f113025971d43ebe5258ec40f9bfeb3,C:\Users\vntfadmin\OneDrive - THG\Documents\Build Signal Bot\core4_portfolio_allocator\data\binance_usdm\klines\BTCUSDT\BTCUSDT-1h-2024-01.zip
klines,BTCUSDT,2024-02,DOWNLOADED_VERIFIED,36374,655ff5ac0fc570956756944c7afef4895c9bd149342f1e437de97292cbd1fe22,C:\Users\vntfadmin\OneDrive - THG\Documents\Build Signal Bot\core4_portfolio_allocator\data\binance_usdm\klines\BTCUSDT\BTCUSDT-1h-2024-02.zip
klines,BTCUSDT,2024-03,DOWNLOADED_VERIFIED,39301,8138642b757ddf5a42207130277be4569afb4c581a0a1817be9f5f35a4415498,C:\Users\vntfadmin\OneDrive - THG\Documents\Build Signal Bot\core4_portfolio_allocator\data\binance_usdm\klines\BTCUSDT\BTCUSDT-1h-2024-03.zip
klines,BTCUSDT,2024-04,DOWNLOADED_VERIFIED,37804,4bf3ca3574e0075c1b79f5b22c4253e26f6260f3621943205e3a8016c4c12318,C:\Users\vntfadmin\OneDrive - THG\Documents\Build Signal Bot\core4_portfolio_allocator\data\binance_usdm\klines\BTCUSDT\BTCUSDT-1h-2024-04.zip
klines,BTCUSDT,2024-05,DOWNLOADED_VERIFIED,38427,1d607e3b26e6886ba742477bc97687f0b86c4c26ac564325dc5f1667e0362d35,C:\Users\vntfadmin\OneDrive - THG\Documents\Build Signal Bot\core4_portfolio_allocator\data\binance_usdm\klines\BTCUSDT\BTCUSDT-1h-2024-05.zip
klines,BTCUSDT,2024-06,DOWNLOADED_VERIFIED,36794,7dba8642e56641fca2c7f3f363050ae88bf0d6c87d28e14b747fbd3267d4d3a8,C:\Users\vntfadmin\OneDrive - THG\Documents\Build Signal Bot\core4_portfolio_allocator\data\binance_usdm\klines\BTCUSDT\BTCUSDT-1h-2024-06.zip
klines,BTCUSDT,2024-07,DOWNLOADED_VERIFIED,38700,920aacb84b2745ee8f31806a753cdc5b2d672e6814d9c50c0bf524ad45eb5611,C:\Users\vntfadmin\OneDrive - THG\Documents\Build Signal Bot\core4_portfolio_allocator\data\binance_usdm\klines\BTCUSDT\BTCUSDT-1h-2024-07.zip
klines,BTCUSDT,2024-08,DOWNLOADED_VERIFIED,38718,8d8465eb4c8a4fd05ebc0126e4c14a217edb2039441546bf095229e975268de6,C:\Users\vntfadmin\OneDrive - THG\Documents\Build Signal Bot\core4_portfolio_allocator\data\binance_usdm\klines\BTCUSDT\BTCUSDT-1h-2024-08.zip
klines,BTCUSDT,2024-09,DOWNLOADED_VERIFIED,37266,0a8118b3601f18ddad04a8afcf887fdc01661f66824a0ce49e0419be1f97f907,C:\Users\vntfadmin\OneDrive - THG\Documents\Build Signal Bot\core4_portfolio_allocator\data\binance_usdm\klines\BTCUSDT\BTCUSDT-1h-2024-09.zip
klines,BTCUSDT,2024-10,DOWNLOADED_VERIFIED,38285,e3dcb9fe9d70fea19dfbdc5294044da69b9061c6f7411e99468825fac1ce8d61,C:\Users\vntfadmin\OneDrive - THG\Documents\Build Signal Bot\core4_portfolio_allocator\data\binance_usdm\klines\BTCUSDT\BTCUSDT-1h-2024-10.zip
klines,BTCUSDT,2024-11,DOWNLOADED_VERIFIED,37741,0675e55056748489b8750cf6088a666f65dd4fd932d7ca5bd30491f5996b5f3d,C:\Users\vntfadmin\OneDrive - THG\Documents\Build Signal Bot\core4_portfolio_allocator\data\binance_usdm\klines\BTCUSDT\BTCUSDT-1h-2024-11.zip
klines,BTCUSDT,2024-12,DOWNLOADED_VERIFIED,38950,b072f3147b3e390c81dcbf35830a12ff7d53a73236aa44a9eea78199502529cb,C:\Users\vntfadmin\OneDrive - THG\Documents\Build Signal Bot\core4_portfolio_allocator\data\binance_usdm\klines\BTCUSDT\BTCUSDT-1h-2024-12.zip
klines,BTCUSDT,2025-01,DOWNLOADED_VERIFIED,38915,9ebc05c9b3d5ab3591edf65bc5c7e5dbc2f96c1efc4adc4ea198c651a99a41b1,C:\Users\vntfadmin\OneDrive - THG\Documents\Build Signal Bot\core4_portfolio_allocator\data\binance_usdm\klines\BTCUSDT\BTCUSDT-1h-2025-01.zip
klines,BTCUSDT,2025-02,DOWNLOADED_VERIFIED,34861,077d761098eb5f2dbde65457833b9edab41ea6475284a77fcce0d4bec1bfb5cf,C:\Users\vntfadmin\OneDrive - THG\Documents\Build Signal Bot\core4_portfolio_allocator\data\binance_usdm\klines\BTCUSDT\BTCUSDT-1h-2025-02.zip
klines,BTCUSDT,2025-03,DOWNLOADED_VERIFIED,38723,08043384c3336b0fa3eeee06e113a6f1eceb6d3fbe7b2971e9b9fa83625fdfb9,C:\Users\vntfadmin\OneDrive - THG\Documents\Build Signal Bot\core4_portfolio_allocator\data\binance_usdm\klines\BTCUSDT\BTCUSDT-1h-2025-03.zip
klines,BTCUSDT,2025-04,DOWNLOADED_VERIFIED,37389,2adf7c1be412e43b04a128e997f4cb1e5e7f895f55b6e1bf66621807f221f274,C:\Users\vntfadmin\OneDrive - THG\Documents\Build Signal Bot\core4_portfolio_allocator\data\binance_usdm\klines\BTCUSDT\BTCUSDT-1h-2025-04.zip
klines,BTCUSDT,2025-05,DOWNLOADED_VERIFIED,38805,2e736b9e792d5ae9d4607d7426e4530020762cb898d580b18d3fb0faf9d2ba8e,C:\Users\vntfadmin\OneDrive - THG\Documents\Build Signal Bot\core4_portfolio_allocator\data\binance_usdm\klines\BTCUSDT\BTCUSDT-1h-2025-05.zip
klines,BTCUSDT,2025-06,DOWNLOADED_VERIFIED,37374,d1d9d5dbc540c19dd882305937f864f59ffffe3f5449a6b05b3f95efe7ca4fbc,C:\Users\vntfadmin\OneDrive - THG\Documents\Build Signal Bot\core4_portfolio_allocator\data\binance_usdm\klines\BTCUSDT\BTCUSDT-1h-2025-06.zip
klines,BTCUSDT,2025-07,DOWNLOADED_VERIFIED,38443,3f471677b97cd3c5c21e9c1420bd7d58c1fe4041a3d2e195369277298ca01ea2,C:\Users\vntfadmin\OneDrive - THG\Documents\Build Signal Bot\core4_portfolio_allocator\data\binance_usdm\klines\BTCUSDT\BTCUSDT-1h-2025-07.zip
klines,BTCUSDT,2025-08,DOWNLOADED_VERIFIED,38617,a240d3f766cd5c3db4e0702cf660ae54e327ec67aba169dda55abc90cae055f2,C:\Users\vntfadmin\OneDrive - THG\Documents\Build Signal Bot\core4_portfolio_allocator\data\binance_usdm\klines\BTCUSDT\BTCUSDT-1h-2025-08.zip
klines,BTCUSDT,2025-09,DOWNLOADED_VERIFIED,37022,b15817c45e6ca13a907772591664a57e00b711fecbd4285f2a16ced3c7023019,C:\Users\vntfadmin\OneDrive - THG\Documents\Build Signal Bot\core4_portfolio_allocator\data\binance_usdm\klines\BTCUSDT\BTCUSDT-1h-2025-09.zip
klines,BTCUSDT,2025-10,DOWNLOADED_VERIFIED,38885,b173469216acad36058ecfb0a5432471ec58b3c49032246d4d687dd3af8ae34a,C:\Users\vntfadmin\OneDrive - THG\Documents\Build Signal Bot\core4_portfolio_allocator\data\binance_usdm\klines\BTCUSDT\BTCUSDT-1h-2025-10.zip
klines,BTCUSDT,2025-11,DOWNLOADED_VERIFIED,37564,75c4069b8ff93aa5e4064e885077426fd60f1cf6239a728b2d4ca543c0210d5a,C:\Users\vntfadmin\OneDrive - THG\Documents\Build Signal Bot\core4_portfolio_allocator\data\binance_usdm\klines\BTCUSDT\BTCUSDT-1h-2025-11.zip
klines,BTCUSDT,2025-12,DOWNLOADED_VERIFIED,38148,41e977a06b7806ce1398aca5f9075befffd1e6303db891795f3b179c762709ec,C:\Users\vntfadmin\OneDrive - THG\Documents\Build Signal Bot\core4_portfolio_allocator\data\binance_usdm\klines\BTCUSDT\BTCUSDT-1h-2025-12.zip
klines,BTCUSDT,2026-01,DOWNLOADED_VERIFIED,38152,6c15ac5fd895f26bf8e12b99df6ab9aff637dc94b37128e92c75c19887d0e3b3,C:\Users\vntfadmin\OneDrive - THG\Documents\Build Signal Bot\core4_portfolio_allocator\data\binance_usdm\klines\BTCUSDT\BTCUSDT-1h-2026-01.zip
klines,BTCUSDT,2026-02,DOWNLOADED_VERIFIED,35154,886fca9764139a1d71d97ca28e0a2cb30fe7d6f44df9be2539452c02e3c4e775,C:\Users\vntfadmin\OneDrive - THG\Documents\Build Signal Bot\core4_portfolio_allocator\data\binance_usdm\klines\BTCUSDT\BTCUSDT-1h-2026-02.zip
klines,BTCUSDT,2026-03,DOWNLOADED_VERIFIED,38671,41199df2dd62c333ea306d28de331bfffbbfed03609d100c63b2de1d173f7414,C:\Users\vntfadmin\OneDrive - THG\Documents\Build Signal Bot\core4_portfolio_allocator\data\binance_usdm\klines\BTCUSDT\BTCUSDT-1h-2026-03.zip
klines,BTCUSDT,2026-04,DOWNLOADED_VERIFIED,36965,c822801b16eb317f4672e376a73664f2e5f9180409c57b6c7517707f4f873e8c,C:\Users\vntfadmin\OneDrive - THG\Documents\Build Signal Bot\core4_portfolio_allocator\data\binance_usdm\klines\BTCUSDT\BTCUSDT-1h-2026-04.zip
klines,BTCUSDT,2026-05,DOWNLOADED_VERIFIED,37968,9a367708c90de999a7a9d3114fd111ff28203b13c8daef77d154b5216fb571f7,C:\Users\vntfadmin\OneDrive - THG\Documents\Build Signal Bot\core4_portfolio_allocator\data\binance_usdm\klines\BTCUSDT\BTCUSDT-1h-2026-05.zip
klines,BTCUSDT,2026-06,DOWNLOADED_VERIFIED,37239,30bba473837a672a6a00a181a447446852414e6927bbda6684f873571788e9aa,C:\Users\vntfadmin\OneDrive - THG\Documents\Build Signal Bot\core4_portfolio_allocator\data\binance_usdm\klines\BTCUSDT\BTCUSDT-1h-2026-06.zip
klines,BTCUSDT,2026-07,DOWNLOADED_VERIFIED,37864,a09f135066ace6925ce051ddbbdd4345c103423fbe35d32b568942de978dcc7c,C:\Users\vntfadmin\OneDrive - THG\Documents\Build Signal Bot\core4_portfolio_allocator\data\binance_usdm\klines\BTCUSDT\BTCUSDT-1h-2026-07.zip
klines,BTCUSDT,2026-08,DOWNLOADED_VERIFIED,37864,b594301740cbb39818ba60f2835e4636aa06ad53308e25b1b312f1443fe0ccfe,C:\Users\vntfadmin\OneDrive - THG\Documents\Build Signal Bot\core4_portfolio_allocator\data\binance_usdm\klines\BTCUSDT\BTCUSDT-1h-2026-08.zip
klines,ETHUSDT,2019-11,NOT_PUBLISHED,0,,C:\Users\vntfadmin\OneDrive - THG\Documents\Build Signal Bot\core4_portfolio_allocator\data\binance_usdm\klines\ETHUSDT\ETHUSDT-1h-2019-11.zip
klines,ETHUSDT,2019-12,NOT_PUBLISHED,0,,C:\Users\vntfadmin\OneDrive - THG\Documents\Build Signal Bot\core4_portfolio_allocator\data\binance_usdm\klines\ETHUSDT\ETHUSDT-1h-2019-12.zip
klines,ETHUSDT,2020-01,DOWNLOADED_VERIFIED,34389,fb4840ec9ce7248ec4d82ce4bf3e9ca50872a3ad6b6ab4e3720f218f5f3a6021,C:\Users\vntfadmin\OneDrive - THG\Documents\Build Signal Bot\core4_portfolio_allocator\data\binance_usdm\klines\ETHUSDT\ETHUSDT-1h-2020-01.zip
klines,ETHUSDT,2020-02,DOWNLOADED_VERIFIED,33463,10e0e094091fbc32271c19b3b0aaeaf229ed52538ca024dd133f9c34714d931a,C:\Users\vntfadmin\OneDrive - THG\Documents\Build Signal Bot\core4_portfolio_allocator\data\binance_usdm\klines\ETHUSDT\ETHUSDT-1h-2020-02.zip
klines,ETHUSDT,2020-03,DOWNLOADED_VERIFIED,35834,36628b7275a7141048a7abbf8944ac07c9230fd055e81ff9d11beb1c229a6cd6,C:\Users\vntfadmin\OneDrive - THG\Documents\Build Signal Bot\core4_portfolio_allocator\data\binance_usdm\klines\ETHUSDT\ETHUSDT-1h-2020-03.zip
klines,ETHUSDT,2020-04,DOWNLOADED_VERIFIED,34570,13e40f3a8414a1aca0f6ca494012c94f15cff50eed729d61c43ee4fa530f2488,C:\Users\vntfadmin\OneDrive - THG\Documents\Build Signal Bot\core4_portfolio_allocator\data\binance_usdm\klines\ETHUSDT\ETHUSDT-1h-2020-04.zip
klines,ETHUSDT,2020-05,DOWNLOADED_VERIFIED,35601,f07e9469646e3a4ad519523c5ea6b03abd015a08cf3a5b03640b1dd0ce0c7efd,C:\Users\vntfadmin\OneDrive - THG\Documents\Build Signal Bot\core4_portfolio_allocator\data\binance_usdm\klines\ETHUSDT\ETHUSDT-1h-2020-05.zip
klines,ETHUSDT,2020-06,DOWNLOADED_VERIFIED,34088,312490661c3b420680eb6d99616643150393e9ab65b878060fe7776557b50c5c,C:\Users\vntfadmin\OneDrive - THG\Documents\Build Signal Bot\core4_portfolio_allocator\data\binance_usdm\klines\ETHUSDT\ETHUSDT-1h-2020-06.zip
klines,ETHUSDT,2020-07,DOWNLOADED_VERIFIED,35287,e315992b16103f4ec06168ebf6a4b7f892c1089f762b4cf51006a328e16e115f,C:\Users\vntfadmin\OneDrive - THG\Documents\Build Signal Bot\core4_portfolio_allocator\data\binance_usdm\klines\ETHUSDT\ETHUSDT-1h-2020-07.zip
klines,ETHUSDT,2020-08,DOWNLOADED_VERIFIED,36475,6ec4b508e0fbb9a2c6d15b6faf6bdb1d7e951affc02c77fa134f610dd1ada221,C:\Users\vntfadmin\OneDrive - THG\Documents\Build Signal Bot\core4_portfolio_allocator\data\binance_usdm\klines\ETHUSDT\ETHUSDT-1h-2020-08.zip
klines,ETHUSDT,2020-09,DOWNLOADED_VERIFIED,35551,d7199a24ab2e41e56ede3141caf6dc63ebd759e3931005c87c0062dd7705ae9d,C:\Users\vntfadmin\OneDrive - THG\Documents\Build Signal Bot\core4_portfolio_allocator\data\binance_usdm\klines\ETHUSDT\ETHUSDT-1h-2020-09.zip
klines,ETHUSDT,2020-10,DOWNLOADED_VERIFIED,36029,d586eb0bff3c9be1476989d9cb58c45713858678ee35e57f79d47796b34a4937,C:\Users\vntfadmin\OneDrive - THG\Documents\Build Signal Bot\core4_portfolio_allocator\data\binance_usdm\klines\ETHUSDT\ETHUSDT-1h-2020-10.zip
klines,ETHUSDT,2020-11,DOWNLOADED_VERIFIED,36130,79b4e1f55040f41563342b6dbaaa9d9b02440141e889793e3aac8df87187aaf7,C:\Users\vntfadmin\OneDrive - THG\Documents\Build Signal Bot\core4_portfolio_allocator\data\binance_usdm\klines\ETHUSDT\ETHUSDT-1h-2020-11.zip
klines,ETHUSDT,2020-12,DOWNLOADED_VERIFIED,37396,7698fe1677da731dcb82ab3aa4a63e26de6086e8b7f981f57ed76acfe205529a,C:\Users\vntfadmin\OneDrive - THG\Documents\Build Signal Bot\core4_portfolio_allocator\data\binance_usdm\klines\ETHUSDT\ETHUSDT-1h-2020-12.zip
klines,ETHUSDT,2021-01,DOWNLOADED_VERIFIED,39064,52b01b6937e57c3299003a91ec93fe8c2560b1ee6cacb24a60c110bf696b6118,C:\Users\vntfadmin\OneDrive - THG\Documents\Build Signal Bot\core4_portfolio_allocator\data\binance_usdm\klines\ETHUSDT\ETHUSDT-1h-2021-01.zip
klines,ETHUSDT,2021-02,DOWNLOADED_VERIFIED,35218,d2833fb9bbbf66cf2f829af2c767f70283e01c3c471858a038e342798aae7d24,C:\Users\vntfadmin\OneDrive - THG\Documents\Build Signal Bot\core4_portfolio_allocator\data\binance_usdm\klines\ETHUSDT\ETHUSDT-1h-2021-02.zip
klines,ETHUSDT,2021-03,DOWNLOADED_VERIFIED,38670,4f5a456703c8d48f947917dd7cb5f07503bd31bfdb60ec9a68b391b70f52666c,C:\Users\vntfadmin\OneDrive - THG\Documents\Build Signal Bot\core4_portfolio_allocator\data\binance_usdm\klines\ETHUSDT\ETHUSDT-1h-2021-03.zip
klines,ETHUSDT,2021-04,DOWNLOADED_VERIFIED,37789,b522173710fb0aa70bff13c54ad6b3b889edb79b42278246796c5da7c4bfce7f,C:\Users\vntfadmin\OneDrive - THG\Documents\Build Signal Bot\core4_portfolio_allocator\data\binance_usdm\klines\ETHUSDT\ETHUSDT-1h-2021-04.zip
klines,ETHUSDT,2021-05,DOWNLOADED_VERIFIED,40016,e43c840fdde7903f99fcbc1311e75cd6cc58b4c302c48a017100747922eefd8c,C:\Users\vntfadmin\OneDrive - THG\Documents\Build Signal Bot\core4_portfolio_allocator\data\binance_usdm\klines\ETHUSDT\ETHUSDT-1h-2021-05.zip
klines,ETHUSDT,2021-06,DOWNLOADED_VERIFIED,38197,625a8c04b76cc9fa096599bd1498b24b28ea31d9900dfddb86995046bd6b2ebf,C:\Users\vntfadmin\OneDrive - THG\Documents\Build Signal Bot\core4_portfolio_allocator\data\binance_usdm\klines\ETHUSDT\ETHUSDT-1h-2021-06.zip
klines,ETHUSDT,2021-07,DOWNLOADED_VERIFIED,39189,bd4ffb6a1e7eb374915222129b5270ff0e7eb94c5b355ecc75ba491e4cc7b0b9,C:\Users\vntfadmin\OneDrive - THG\Documents\Build Signal Bot\core4_portfolio_allocator\data\binance_usdm\klines\ETHUSDT\ETHUSDT-1h-2021-07.zip
klines,ETHUSDT,2021-08,DOWNLOADED_VERIFIED,39246,56bfd83ab6a604ffb57aa318805e813c04335a08219eac63f3c4750442c1a9c9,C:\Users\vntfadmin\OneDrive - THG\Documents\Build Signal Bot\core4_portfolio_allocator\data\binance_usdm\klines\ETHUSDT\ETHUSDT-1h-2021-08.zip
klines,ETHUSDT,2021-09,DOWNLOADED_VERIFIED,38083,e29a6a88a2c28b30651cf45e46d5b67f1bd8f8ec42812ad5b4a7a72468dfa3c6,C:\Users\vntfadmin\OneDrive - THG\Documents\Build Signal Bot\core4_portfolio_allocator\data\binance_usdm\klines\ETHUSDT\ETHUSDT-1h-2021-09.zip
klines,ETHUSDT,2021-10,DOWNLOADED_VERIFIED,39084,515de2962ce7c53706f6dcd489b50bade65148e8d59af1d0711134a6450e912c,C:\Users\vntfadmin\OneDrive - THG\Documents\Build Signal Bot\core4_portfolio_allocator\data\binance_usdm\klines\ETHUSDT\ETHUSDT-1h-2021-10.zip
klines,ETHUSDT,2021-11,DOWNLOADED_VERIFIED,37694,d61dcde383cefa67bd3febb54690d28db408cc7cfb4b4c99f4c00710f5e5b3ad,C:\Users\vntfadmin\OneDrive - THG\Documents\Build Signal Bot\core4_portfolio_allocator\data\binance_usdm\klines\ETHUSDT\ETHUSDT-1h-2021-11.zip
klines,ETHUSDT,2021-12,DOWNLOADED_VERIFIED,39028,764bae4807411d6683b72085aeeb1bcd168654fbcb88e8f1a81a307240761c1a,C:\Users\vntfadmin\OneDrive - THG\Documents\Build Signal Bot\core4_portfolio_allocator\data\binance_usdm\klines\ETHUSDT\ETHUSDT-1h-2021-12.zip
klines,ETHUSDT,2022-01,DOWNLOADED_VERIFIED,39124,6d96a19efda6917a3912377ef8e1a5eadc8f1a273f91afa069ae70bd679301bc,C:\Users\vntfadmin\OneDrive - THG\Documents\Build Signal Bot\core4_portfolio_allocator\data\binance_usdm\klines\ETHUSDT\ETHUSDT-1h-2022-01.zip
klines,ETHUSDT,2022-02,DOWNLOADED_VERIFIED,35542,14f8e42d6d7696d2f622301612a8f4ba6623658732cc5840ef0582b2ee05598e,C:\Users\vntfadmin\OneDrive - THG\Documents\Build Signal Bot\core4_portfolio_allocator\data\binance_usdm\klines\ETHUSDT\ETHUSDT-1h-2022-02.zip
klines,ETHUSDT,2022-03,DOWNLOADED_VERIFIED,38896,1b9fcc8ead1a066017e8c40617a78d1b9ee7b7fdad5f9d5353b04a59883274ce,C:\Users\vntfadmin\OneDrive - THG\Documents\Build Signal Bot\core4_portfolio_allocator\data\binance_usdm\klines\ETHUSDT\ETHUSDT-1h-2022-03.zip
klines,ETHUSDT,2022-04,DOWNLOADED_VERIFIED,37521,45bc22bd8603876174adfd1f6273021eeaf76084629030a53cca40f379b8fb0b,C:\Users\vntfadmin\OneDrive - THG\Documents\Build Signal Bot\core4_portfolio_allocator\data\binance_usdm\klines\ETHUSDT\ETHUSDT-1h-2022-04.zip
klines,ETHUSDT,2022-05,DOWNLOADED_VERIFIED,39016,7adea64d8d82d2017c1b7c3fcc6848f685370b524e0a1512bb443980a487f4b8,C:\Users\vntfadmin\OneDrive - THG\Documents\Build Signal Bot\core4_portfolio_allocator\data\binance_usdm\klines\ETHUSDT\ETHUSDT-1h-2022-05.zip
klines,ETHUSDT,2022-06,DOWNLOADED_VERIFIED,38115,582aa0b2c72641cb5e93318a92beee0bbc93e968ccd10b0d89ea755a60f9fb62,C:\Users\vntfadmin\OneDrive - THG\Documents\Build Signal Bot\core4_portfolio_allocator\data\binance_usdm\klines\ETHUSDT\ETHUSDT-1h-2022-06.zip
klines,ETHUSDT,2022-07,DOWNLOADED_VERIFIED,39382,07781d1411a4b793ca5c4daaee70c9e2c1a3200fe12c954c39b3ad6c37badd42,C:\Users\vntfadmin\OneDrive - THG\Documents\Build Signal Bot\core4_portfolio_allocator\data\binance_usdm\klines\ETHUSDT\ETHUSDT-1h-2022-07.zip
klines,ETHUSDT,2022-08,DOWNLOADED_VERIFIED,39567,4182681e2b2fc23bbb348411ca8bdb41894609be1f94a0d9939616bf91cc9f25,C:\Users\vntfadmin\OneDrive - THG\Documents\Build Signal Bot\core4_portfolio_allocator\data\binance_usdm\klines\ETHUSDT\ETHUSDT-1h-2022-08.zip
klines,ETHUSDT,2022-09,DOWNLOADED_VERIFIED,38290,75aa0182242ac65110a1dd1737a2062ee9815032d746a57d3191c44c15eacff2,C:\Users\vntfadmin\OneDrive - THG\Documents\Build Signal Bot\core4_portfolio_allocator\data\binance_usdm\klines\ETHUSDT\ETHUSDT-1h-2022-09.zip
klines,ETHUSDT,2022-10,DOWNLOADED_VERIFIED,38837,04246418d55fc96753ee5b4be0718796aeb9421af40042b4e145db02e1cfaf3a,C:\Users\vntfadmin\OneDrive - THG\Documents\Build Signal Bot\core4_portfolio_allocator\data\binance_usdm\klines\ETHUSDT\ETHUSDT-1h-2022-10.zip
klines,ETHUSDT,2022-11,DOWNLOADED_VERIFIED,37911,e2e15ddc21d24ac6c3ca56ab77f065eda88252a37f2f778505a332e31fcc5b3c,C:\Users\vntfadmin\OneDrive - THG\Documents\Build Signal Bot\core4_portfolio_allocator\data\binance_usdm\klines\ETHUSDT\ETHUSDT-1h-2022-11.zip
klines,ETHUSDT,2022-12,DOWNLOADED_VERIFIED,38206,1ba6559930f09fb8bd68a6592c4059526901939317eea4db8fc2d59cf5688957,C:\Users\vntfadmin\OneDrive - THG\Documents\Build Signal Bot\core4_portfolio_allocator\data\binance_usdm\klines\ETHUSDT\ETHUSDT-1h-2022-12.zip
klines,ETHUSDT,2023-01,DOWNLOADED_VERIFIED,38614,247b85e0a8806e139f263831445e1d7bb91f9f56e6ab32e1f285038cdd1ceff4,C:\Users\vntfadmin\OneDrive - THG\Documents\Build Signal Bot\core4_portfolio_allocator\data\binance_usdm\klines\ETHUSDT\ETHUSDT-1h-2023-01.zip
klines,ETHUSDT,2023-02,DOWNLOADED_VERIFIED,35138,f01571f2420b9eb6486e69b884fe1572abfa59bc226c4003c9d78735c559acc5,C:\Users\vntfadmin\OneDrive - THG\Documents\Build Signal Bot\core4_portfolio_allocator\data\binance_usdm\klines\ETHUSDT\ETHUSDT-1h-2023-02.zip
klines,ETHUSDT,2023-03,DOWNLOADED_VERIFIED,38991,4d5266f12a8a3394ee23516de99fc380e928dbdb79cbf083fd3ddc3242073790,C:\Users\vntfadmin\OneDrive - THG\Documents\Build Signal Bot\core4_portfolio_allocator\data\binance_usdm\klines\ETHUSDT\ETHUSDT-1h-2023-03.zip
klines,ETHUSDT,2023-04,DOWNLOADED_VERIFIED,37617,4ac96035c3867e0bfeff4f2f526812ee4b73a0b87b3962bb40934e2614917395,C:\Users\vntfadmin\OneDrive - THG\Documents\Build Signal Bot\core4_portfolio_allocator\data\binance_usdm\klines\ETHUSDT\ETHUSDT-1h-2023-04.zip
klines,ETHUSDT,2023-05,DOWNLOADED_VERIFIED,38504,a47a9fc2936bcadc99aadfe48858e7d3e31093a9321d9bc083b886b72924f568,C:\Users\vntfadmin\OneDrive - THG\Documents\Build Signal Bot\core4_portfolio_allocator\data\binance_usdm\klines\ETHUSDT\ETHUSDT-1h-2023-05.zip
klines,ETHUSDT,2023-06,DOWNLOADED_VERIFIED,37299,fe108dc555560ded46bb0807d0c2e0bc7722900213a96e4e86bf355f84fbcafa,C:\Users\vntfadmin\OneDrive - THG\Documents\Build Signal Bot\core4_portfolio_allocator\data\binance_usdm\klines\ETHUSDT\ETHUSDT-1h-2023-06.zip
klines,ETHUSDT,2023-07,DOWNLOADED_VERIFIED,37939,911d3674c71a561df5ca5085426e9c61195bf5669bc7da7488ec9548ae476ca1,C:\Users\vntfadmin\OneDrive - THG\Documents\Build Signal Bot\core4_portfolio_allocator\data\binance_usdm\klines\ETHUSDT\ETHUSDT-1h-2023-07.zip
klines,ETHUSDT,2023-08,DOWNLOADED_VERIFIED,37647,74210a689eb85c8908ae05cff3297b9dc6eda76a0b41a3f9d72fdde0c14e3b2f,C:\Users\vntfadmin\OneDrive - THG\Documents\Build Signal Bot\core4_portfolio_allocator\data\binance_usdm\klines\ETHUSDT\ETHUSDT-1h-2023-08.zip
klines,ETHUSDT,2023-09,DOWNLOADED_VERIFIED,36218,38883595a881aadfbfd8c256e5170c8b016e9927119250f5128abfba96aba9c5,C:\Users\vntfadmin\OneDrive - THG\Documents\Build Signal Bot\core4_portfolio_allocator\data\binance_usdm\klines\ETHUSDT\ETHUSDT-1h-2023-09.zip
klines,ETHUSDT,2023-10,DOWNLOADED_VERIFIED,38084,61d6692284b406c9f9f655aef68e151a1eeb90509ddcd7f4a97233b1a002ef9e,C:\Users\vntfadmin\OneDrive - THG\Documents\Build Signal Bot\core4_portfolio_allocator\data\binance_usdm\klines\ETHUSDT\ETHUSDT-1h-2023-10.zip
klines,ETHUSDT,2023-11,DOWNLOADED_VERIFIED,37387,d57c333ac46e779b2399c498cc8fedfbc8804deb688873585ded09aceec1fa16,C:\Users\vntfadmin\OneDrive - THG\Documents\Build Signal Bot\core4_portfolio_allocator\data\binance_usdm\klines\ETHUSDT\ETHUSDT-1h-2023-11.zip
klines,ETHUSDT,2023-12,DOWNLOADED_VERIFIED,38764,8f581fcee21156d501435fc88db1d99515e6d7432fa7ae2993de3b5f95bb0069,C:\Users\vntfadmin\OneDrive - THG\Documents\Build Signal Bot\core4_portfolio_allocator\data\binance_usdm\klines\ETHUSDT\ETHUSDT-1h-2023-12.zip
klines,ETHUSDT,2024-01,DOWNLOADED_VERIFIED,38917,2f3d1a6d9292f13b1d6cf86716cbda5b3f6119a310daed1dde5ee3d0d71e2fab,C:\Users\vntfadmin\OneDrive - THG\Documents\Build Signal Bot\core4_portfolio_allocator\data\binance_usdm\klines\ETHUSDT\ETHUSDT-1h-2024-01.zip
klines,ETHUSDT,2024-02,DOWNLOADED_VERIFIED,36577,bde9a1b0824b212ef6cea97065543fda0fc57c33479709d34e5db995fc79af01,C:\Users\vntfadmin\OneDrive - THG\Documents\Build Signal Bot\core4_portfolio_allocator\data\binance_usdm\klines\ETHUSDT\ETHUSDT-1h-2024-02.zip
klines,ETHUSDT,2024-03,DOWNLOADED_VERIFIED,39568,24af0ecf9db1953e8c83e94823f4aae368ff70ba54106ef121c204cb046f9e41,C:\Users\vntfadmin\OneDrive - THG\Documents\Build Signal Bot\core4_portfolio_allocator\data\binance_usdm\klines\ETHUSDT\ETHUSDT-1h-2024-03.zip
klines,ETHUSDT,2024-04,DOWNLOADED_VERIFIED,38134,290b594fa46ef95ab9c1486e2640ce2d1894eecd4d71b79bcd30d6632ca75b9f,C:\Users\vntfadmin\OneDrive - THG\Documents\Build Signal Bot\core4_portfolio_allocator\data\binance_usdm\klines\ETHUSDT\ETHUSDT-1h-2024-04.zip
klines,ETHUSDT,2024-05,DOWNLOADED_VERIFIED,39214,a9b42949325fd4f236c7c88b63f35d94910109218ce2db80b8e29f7a2b2d623b,C:\Users\vntfadmin\OneDrive - THG\Documents\Build Signal Bot\core4_portfolio_allocator\data\binance_usdm\klines\ETHUSDT\ETHUSDT-1h-2024-05.zip
klines,ETHUSDT,2024-06,DOWNLOADED_VERIFIED,37466,479dced4a591035987e084dc8a5e5f3f1f2593704c0aeecdebc20c89b35c1d98,C:\Users\vntfadmin\OneDrive - THG\Documents\Build Signal Bot\core4_portfolio_allocator\data\binance_usdm\klines\ETHUSDT\ETHUSDT-1h-2024-06.zip
klines,ETHUSDT,2024-07,DOWNLOADED_VERIFIED,39099,8cc8d8b6ef13fa0393f53690e5d569afb8a50488e4d7852e20ac22d7bcf17cf5,C:\Users\vntfadmin\OneDrive - THG\Documents\Build Signal Bot\core4_portfolio_allocator\data\binance_usdm\klines\ETHUSDT\ETHUSDT-1h-2024-07.zip
klines,ETHUSDT,2024-08,DOWNLOADED_VERIFIED,39125,00eddbb3297515be14426119f07468846cd04dc527dbc19834dd45294740a67c,C:\Users\vntfadmin\OneDrive - THG\Documents\Build Signal Bot\core4_portfolio_allocator\data\binance_usdm\klines\ETHUSDT\ETHUSDT-1h-2024-08.zip
klines,ETHUSDT,2024-09,DOWNLOADED_VERIFIED,37665,37bea2dbe4281fbcaa45a849b6eed4393713b7236c5cb35cff63876e96df5677,C:\Users\vntfadmin\OneDrive - THG\Documents\Build Signal Bot\core4_portfolio_allocator\data\binance_usdm\klines\ETHUSDT\ETHUSDT-1h-2024-09.zip
klines,ETHUSDT,2024-10,DOWNLOADED_VERIFIED,38803,b4cda93568426a315e1de2fc7ca0ffb56586495680b233ffd7ce6bec11d18713,C:\Users\vntfadmin\OneDrive - THG\Documents\Build Signal Bot\core4_portfolio_allocator\data\binance_usdm\klines\ETHUSDT\ETHUSDT-1h-2024-10.zip
klines,ETHUSDT,2024-11,DOWNLOADED_VERIFIED,38440,3e8286eb77062f7c1047ee32aa1ce98dbf42f8e8029acebe38cc1bdd33967c63,C:\Users\vntfadmin\OneDrive - THG\Documents\Build Signal Bot\core4_portfolio_allocator\data\binance_usdm\klines\ETHUSDT\ETHUSDT-1h-2024-11.zip
klines,ETHUSDT,2024-12,DOWNLOADED_VERIFIED,39614,330397f0cfd0dc62253ce6cf61ec142714fe65592a9f8447e4b88ca428bb4c9c,C:\Users\vntfadmin\OneDrive - THG\Documents\Build Signal Bot\core4_portfolio_allocator\data\binance_usdm\klines\ETHUSDT\ETHUSDT-1h-2024-12.zip
klines,ETHUSDT,2025-01,DOWNLOADED_VERIFIED,39367,99928eb8fdc5d565d317b0e9685e07fc5f9487510a39b8675d7374cfdfcbec82,C:\Users\vntfadmin\OneDrive - THG\Documents\Build Signal Bot\core4_portfolio_allocator\data\binance_usdm\klines\ETHUSDT\ETHUSDT-1h-2025-01.zip
klines,ETHUSDT,2025-02,DOWNLOADED_VERIFIED,35832,d7466620f50bb4048080ece1deab8eb0298274413a3eb2a9f4c728536ab3c647,C:\Users\vntfadmin\OneDrive - THG\Documents\Build Signal Bot\core4_portfolio_allocator\data\binance_usdm\klines\ETHUSDT\ETHUSDT-1h-2025-02.zip
klines,ETHUSDT,2025-03,DOWNLOADED_VERIFIED,39488,9dbad1e542ff8344fe8610450cf71d5cb98e1af2e8f2d7a31dbe8679ef263535,C:\Users\vntfadmin\OneDrive - THG\Documents\Build Signal Bot\core4_portfolio_allocator\data\binance_usdm\klines\ETHUSDT\ETHUSDT-1h-2025-03.zip
klines,ETHUSDT,2025-04,DOWNLOADED_VERIFIED,38095,238c691129962d9fe08aaca46ea367f911e62c58a820a8e5ded371bff7f4eec4,C:\Users\vntfadmin\OneDrive - THG\Documents\Build Signal Bot\core4_portfolio_allocator\data\binance_usdm\klines\ETHUSDT\ETHUSDT-1h-2025-04.zip
klines,ETHUSDT,2025-05,DOWNLOADED_VERIFIED,39704,201829c864a26677ad0b53df5b0491e9eab00e6f48e1a8bf5204dc7d794dd7ea,C:\Users\vntfadmin\OneDrive - THG\Documents\Build Signal Bot\core4_portfolio_allocator\data\binance_usdm\klines\ETHUSDT\ETHUSDT-1h-2025-05.zip
klines,ETHUSDT,2025-06,DOWNLOADED_VERIFIED,38255,45763ee27ad110703c6f71d9ec80711de151b8211b14ad98cc978c4d5ede82ce,C:\Users\vntfadmin\OneDrive - THG\Documents\Build Signal Bot\core4_portfolio_allocator\data\binance_usdm\klines\ETHUSDT\ETHUSDT-1h-2025-06.zip
klines,ETHUSDT,2025-07,DOWNLOADED_VERIFIED,39827,e9c3dcdc09de72386d465800c665169c9bb011f35d350f9ba9bc7b4d7a69876a,C:\Users\vntfadmin\OneDrive - THG\Documents\Build Signal Bot\core4_portfolio_allocator\data\binance_usdm\klines\ETHUSDT\ETHUSDT-1h-2025-07.zip
klines,ETHUSDT,2025-08,DOWNLOADED_VERIFIED,40225,51e3ca163e71691ebb43b55d32698fc5c25506ee2e663a195d8e5863194908c2,C:\Users\vntfadmin\OneDrive - THG\Documents\Build Signal Bot\core4_portfolio_allocator\data\binance_usdm\klines\ETHUSDT\ETHUSDT-1h-2025-08.zip
klines,ETHUSDT,2025-09,DOWNLOADED_VERIFIED,38299,9bab9763c1cb2514df907fe6e746405428c6b92cbba12ff987e4820b2a8726f0,C:\Users\vntfadmin\OneDrive - THG\Documents\Build Signal Bot\core4_portfolio_allocator\data\binance_usdm\klines\ETHUSDT\ETHUSDT-1h-2025-09.zip
klines,ETHUSDT,2025-10,DOWNLOADED_VERIFIED,39876,6c51ad0250f4174431c659a3c78f604be087e844c6357e5feb48ba66e6bb1862,C:\Users\vntfadmin\OneDrive - THG\Documents\Build Signal Bot\core4_portfolio_allocator\data\binance_usdm\klines\ETHUSDT\ETHUSDT-1h-2025-10.zip
klines,ETHUSDT,2025-11,DOWNLOADED_VERIFIED,38603,4b5622c5a4021b1a0bbd2d1fa754bb9d13f16b996d79b153b423bce0ec154f26,C:\Users\vntfadmin\OneDrive - THG\Documents\Build Signal Bot\core4_portfolio_allocator\data\binance_usdm\klines\ETHUSDT\ETHUSDT-1h-2025-11.zip
klines,ETHUSDT,2025-12,DOWNLOADED_VERIFIED,39357,80080e1303ab2c291e53103d703b5364ef7a3da36dff5eaf45044cca74e764ca,C:\Users\vntfadmin\OneDrive - THG\Documents\Build Signal Bot\core4_portfolio_allocator\data\binance_usdm\klines\ETHUSDT\ETHUSDT-1h-2025-12.zip
klines,ETHUSDT,2026-01,DOWNLOADED_VERIFIED,39239,d710e68cf0dc90759814647dff64be482b4ddd05bf332adb73126885cb2979d7,C:\Users\vntfadmin\OneDrive - THG\Documents\Build Signal Bot\core4_portfolio_allocator\data\binance_usdm\klines\ETHUSDT\ETHUSDT-1h-2026-01.zip
klines,ETHUSDT,2026-02,DOWNLOADED_VERIFIED,36046,97a6c569361290917a525d54d5f964af1642dc2d281e162834b4685157016540,C:\Users\vntfadmin\OneDrive - THG\Documents\Build Signal Bot\core4_portfolio_allocator\data\binance_usdm\klines\ETHUSDT\ETHUSDT-1h-2026-02.zip
klines,ETHUSDT,2026-03,DOWNLOADED_VERIFIED,39550,9ec5e28db1e0cf093d5c756b85329b43db730d6f95d6ed142a9717044b1423c2,C:\Users\vntfadmin\OneDrive - THG\Documents\Build Signal Bot\core4_portfolio_allocator\data\binance_usdm\klines\ETHUSDT\ETHUSDT-1h-2026-03.zip
klines,ETHUSDT,2026-04,DOWNLOADED_VERIFIED,37859,b72f5a102bd468d1e3d0c3b88619f1354a29e81616f9a55935d2e00837958e4b,C:\Users\vntfadmin\OneDrive - THG\Documents\Build Signal Bot\core4_portfolio_allocator\data\binance_usdm\klines\ETHUSDT\ETHUSDT-1h-2026-04.zip
klines,ETHUSDT,2026-05,DOWNLOADED_VERIFIED,38839,5353c7cd71f610eca5a58824606ba1016efe34ea62fd6e6cd4b7be4b99277915,C:\Users\vntfadmin\OneDrive - THG\Documents\Build Signal Bot\core4_portfolio_allocator\data\binance_usdm\klines\ETHUSDT\ETHUSDT-1h-2026-05.zip
klines,ETHUSDT,2026-06,DOWNLOADED_VERIFIED,38024,138bcb6c7c8be4c5bdd8048fa417be551fbeffe4024f64e5bef5ed30d3069d8c,C:\Users\vntfadmin\OneDrive - THG\Documents\Build Signal Bot\core4_portfolio_allocator\data\binance_usdm\klines\ETHUSDT\ETHUSDT-1h-2026-06.zip
klines,ETHUSDT,2026-07,DOWNLOADED_VERIFIED,38922,2036043c65c50a1d9c817db4c93db0c97366851d7cc972efb8c5e951cb3b5cdd,C:\Users\vntfadmin\OneDrive - THG\Documents\Build Signal Bot\core4_portfolio_allocator\data\binance_usdm\klines\ETHUSDT\ETHUSDT-1h-2026-07.zip
klines,ETHUSDT,2026-08,DOWNLOADED_VERIFIED,38672,52ede96e424bdc696b4b7a30aa4f2f56cd32e58c6598400f25f7b3a8dc6cf50a,C:\Users\vntfadmin\OneDrive - THG\Documents\Build Signal Bot\core4_portfolio_allocator\data\binance_usdm\klines\ETHUSDT\ETHUSDT-1h-2026-08.zip
klines,SOLUSDT,2020-09,DOWNLOADED_VERIFIED,17124,bc926b98121dcb870999c4c8b0cdb72551bbb7ac9d6e00047bba34156fce3bb2,C:\Users\vntfadmin\OneDrive - THG\Documents\Build Signal Bot\core4_portfolio_allocator\data\binance_usdm\klines\SOLUSDT\SOLUSDT-1h-2020-09.zip
klines,SOLUSDT,2020-10,DOWNLOADED_VERIFIED,30933,5f6131a244d980d631388ee504922b2bb09848e42cf6e3e59c933679887f5975,C:\Users\vntfadmin\OneDrive - THG\Documents\Build Signal Bot\core4_portfolio_allocator\data\binance_usdm\klines\SOLUSDT\SOLUSDT-1h-2020-10.zip
klines,SOLUSDT,2020-11,DOWNLOADED_VERIFIED,30469,348047e07a306d93694a6c6cf0273a31e4b735740759e78ec9d39678e02d53a8,C:\Users\vntfadmin\OneDrive - THG\Documents\Build Signal Bot\core4_portfolio_allocator\data\binance_usdm\klines\SOLUSDT\SOLUSDT-1h-2020-11.zip
klines,SOLUSDT,2020-12,DOWNLOADED_VERIFIED,31156,bd5f75cc091658b0794eb80777914b3d7e8940438da77980bd659a935f6bbd5d,C:\Users\vntfadmin\OneDrive - THG\Documents\Build Signal Bot\core4_portfolio_allocator\data\binance_usdm\klines\SOLUSDT\SOLUSDT-1h-2020-12.zip
klines,SOLUSDT,2021-01,DOWNLOADED_VERIFIED,32709,fef310549a5baf8fcdb67a2c6c97a0ec05f25dbc87afbb2a0ba0f08842a52c27,C:\Users\vntfadmin\OneDrive - THG\Documents\Build Signal Bot\core4_portfolio_allocator\data\binance_usdm\klines\SOLUSDT\SOLUSDT-1h-2021-01.zip
klines,SOLUSDT,2021-02,DOWNLOADED_VERIFIED,30285,029ec118946bf80d43f27baec8a80004265134c9540e7f9a04e440e453a43f99,C:\Users\vntfadmin\OneDrive - THG\Documents\Build Signal Bot\core4_portfolio_allocator\data\binance_usdm\klines\SOLUSDT\SOLUSDT-1h-2021-02.zip
klines,SOLUSDT,2021-03,DOWNLOADED_VERIFIED,33547,94eaba4252ae9189c9be07ea2d40e3f016ee924a761462303882ffc9bb4e4e4c,C:\Users\vntfadmin\OneDrive - THG\Documents\Build Signal Bot\core4_portfolio_allocator\data\binance_usdm\klines\SOLUSDT\SOLUSDT-1h-2021-03.zip
klines,SOLUSDT,2021-04,DOWNLOADED_VERIFIED,33681,21d8b0ffa824a3d4845f4e0103f9739a9931e4788a5da3958a0c8e4552552965,C:\Users\vntfadmin\OneDrive - THG\Documents\Build Signal Bot\core4_portfolio_allocator\data\binance_usdm\klines\SOLUSDT\SOLUSDT-1h-2021-04.zip
klines,SOLUSDT,2021-05,DOWNLOADED_VERIFIED,34221,efb32d5fd15525744c959ce9685e20af8227b6104ea3b279faae0dc8d73cd4a3,C:\Users\vntfadmin\OneDrive - THG\Documents\Build Signal Bot\core4_portfolio_allocator\data\binance_usdm\klines\SOLUSDT\SOLUSDT-1h-2021-05.zip
klines,SOLUSDT,2021-06,DOWNLOADED_VERIFIED,32420,8fe15facd01ac0eec8d23b04bc606f2c56344c1ee2aa88c3758c07a6cfeb5765,C:\Users\vntfadmin\OneDrive - THG\Documents\Build Signal Bot\core4_portfolio_allocator\data\binance_usdm\klines\SOLUSDT\SOLUSDT-1h-2021-06.zip
klines,SOLUSDT,2021-07,DOWNLOADED_VERIFIED,32512,b1d3d3064ad1c48ee3db89da36f402ba27ed8764c14f5f8725db8c2d44412826,C:\Users\vntfadmin\OneDrive - THG\Documents\Build Signal Bot\core4_portfolio_allocator\data\binance_usdm\klines\SOLUSDT\SOLUSDT-1h-2021-07.zip
klines,SOLUSDT,2021-08,DOWNLOADED_VERIFIED,33795,13a75507c7c6396782ca02659d2738a668a5b16a438d239b64199f19c69f81a0,C:\Users\vntfadmin\OneDrive - THG\Documents\Build Signal Bot\core4_portfolio_allocator\data\binance_usdm\klines\SOLUSDT\SOLUSDT-1h-2021-08.zip
klines,SOLUSDT,2021-09,DOWNLOADED_VERIFIED,34447,11ee5441a6a3d72b10b501b1ac246bff97ee0673def1954d116ecd2b09f584ff,C:\Users\vntfadmin\OneDrive - THG\Documents\Build Signal Bot\core4_portfolio_allocator\data\binance_usdm\klines\SOLUSDT\SOLUSDT-1h-2021-09.zip
klines,SOLUSDT,2021-10,DOWNLOADED_VERIFIED,34752,400e88409c92a5a01eb4c4b7b6e4f5fddfef93dd4a3d9c8f89cc35d51cc298ac,C:\Users\vntfadmin\OneDrive - THG\Documents\Build Signal Bot\core4_portfolio_allocator\data\binance_usdm\klines\SOLUSDT\SOLUSDT-1h-2021-10.zip
klines,SOLUSDT,2021-11,DOWNLOADED_VERIFIED,33457,4939d7a971e30ac1d7b87c6c0352375bf8a0a539cd13bbf3e3920969a24bb42e,C:\Users\vntfadmin\OneDrive - THG\Documents\Build Signal Bot\core4_portfolio_allocator\data\binance_usdm\klines\SOLUSDT\SOLUSDT-1h-2021-11.zip
klines,SOLUSDT,2021-12,DOWNLOADED_VERIFIED,33565,61d5be6bdb0fb8007898c8f61375a83fe466cd18f1fc67c53e6f42b8b8a34d07,C:\Users\vntfadmin\OneDrive - THG\Documents\Build Signal Bot\core4_portfolio_allocator\data\binance_usdm\klines\SOLUSDT\SOLUSDT-1h-2021-12.zip
klines,SOLUSDT,2022-01,DOWNLOADED_VERIFIED,32432,bbe2ad04379133e2ca7b68cb5351b5ba610523c6a0d53b4ecfd628b972165cc3,C:\Users\vntfadmin\OneDrive - THG\Documents\Build Signal Bot\core4_portfolio_allocator\data\binance_usdm\klines\SOLUSDT\SOLUSDT-1h-2022-01.zip
klines,SOLUSDT,2022-02,DOWNLOADED_VERIFIED,25915,36b1e2ff3ffe162718e61bb23ef84a104dc2cc5591c18cd8ce4c04e96655b84c,C:\Users\vntfadmin\OneDrive - THG\Documents\Build Signal Bot\core4_portfolio_allocator\data\binance_usdm\klines\SOLUSDT\SOLUSDT-1h-2022-02.zip
klines,SOLUSDT,2022-03,DOWNLOADED_VERIFIED,31327,044c37d917fea58900c8ddf4086b9fc71fcadd55215a10680e1e7461ffa78265,C:\Users\vntfadmin\OneDrive - THG\Documents\Build Signal Bot\core4_portfolio_allocator\data\binance_usdm\klines\SOLUSDT\SOLUSDT-1h-2022-03.zip
klines,SOLUSDT,2022-04,DOWNLOADED_VERIFIED,28601,1e4464fee6301816ff2efa7696d8cf53f34684b9b60616cf6af26e8cd75cfefc,C:\Users\vntfadmin\OneDrive - THG\Documents\Build Signal Bot\core4_portfolio_allocator\data\binance_usdm\klines\SOLUSDT\SOLUSDT-1h-2022-04.zip
klines,SOLUSDT,2022-05,DOWNLOADED_VERIFIED,31712,6a8888b3d3d5a856d44eff5907210c30cc81fe210364f8b611726ad24b6846ba,C:\Users\vntfadmin\OneDrive - THG\Documents\Build Signal Bot\core4_portfolio_allocator\data\binance_usdm\klines\SOLUSDT\SOLUSDT-1h-2022-05.zip
klines,SOLUSDT,2022-06,DOWNLOADED_VERIFIED,30869,0a550357320ba4954437b15b85f01bf0cc0c455f07f19e27ca91ddda19f1f147,C:\Users\vntfadmin\OneDrive - THG\Documents\Build Signal Bot\core4_portfolio_allocator\data\binance_usdm\klines\SOLUSDT\SOLUSDT-1h-2022-06.zip
klines,SOLUSDT,2022-07,DOWNLOADED_VERIFIED,31308,05fc6f96bc940ae0d290b1039387c3a223b5159596819998563f34508594719a,C:\Users\vntfadmin\OneDrive - THG\Documents\Build Signal Bot\core4_portfolio_allocator\data\binance_usdm\klines\SOLUSDT\SOLUSDT-1h-2022-07.zip
klines,SOLUSDT,2022-08,DOWNLOADED_VERIFIED,30967,971ab9bee4ad830767c285d3af6df5357af1bfa2ddb084fa49596cf9b5276036,C:\Users\vntfadmin\OneDrive - THG\Documents\Build Signal Bot\core4_portfolio_allocator\data\binance_usdm\klines\SOLUSDT\SOLUSDT-1h-2022-08.zip
klines,SOLUSDT,2022-09,DOWNLOADED_VERIFIED,29608,41699bac620ac3f15318dd9238392fc5782d4321660e5c7986925eee3d172381,C:\Users\vntfadmin\OneDrive - THG\Documents\Build Signal Bot\core4_portfolio_allocator\data\binance_usdm\klines\SOLUSDT\SOLUSDT-1h-2022-09.zip
klines,SOLUSDT,2022-10,DOWNLOADED_VERIFIED,29913,bc6bb18da0f2e30171cefad3d2df55a70d12e7eafed7b566225ae67e737be6cd,C:\Users\vntfadmin\OneDrive - THG\Documents\Build Signal Bot\core4_portfolio_allocator\data\binance_usdm\klines\SOLUSDT\SOLUSDT-1h-2022-10.zip
klines,SOLUSDT,2022-11,DOWNLOADED_VERIFIED,31881,e156bc7231bfe31e21aaf5628260062aa9d59184ef075412ab0fa546dea1fd80,C:\Users\vntfadmin\OneDrive - THG\Documents\Build Signal Bot\core4_portfolio_allocator\data\binance_usdm\klines\SOLUSDT\SOLUSDT-1h-2022-11.zip
klines,SOLUSDT,2022-12,DOWNLOADED_VERIFIED,31660,8f1fa76f20f0cd161f238d4e7014274969df3d3ab5e8b6c9e1dc8327e02ec2d5,C:\Users\vntfadmin\OneDrive - THG\Documents\Build Signal Bot\core4_portfolio_allocator\data\binance_usdm\klines\SOLUSDT\SOLUSDT-1h-2022-12.zip
klines,SOLUSDT,2023-01,DOWNLOADED_VERIFIED,33659,0d7bc47dc3b49cbadd29274b63c02af8f23af40fe241412d357903ae945aa79d,C:\Users\vntfadmin\OneDrive - THG\Documents\Build Signal Bot\core4_portfolio_allocator\data\binance_usdm\klines\SOLUSDT\SOLUSDT-1h-2023-01.zip
klines,SOLUSDT,2023-02,DOWNLOADED_VERIFIED,30128,1dc1a4ad1c82935fbe8b4c218f22087470b3a20cc2c1a394574ad1587ba5a828,C:\Users\vntfadmin\OneDrive - THG\Documents\Build Signal Bot\core4_portfolio_allocator\data\binance_usdm\klines\SOLUSDT\SOLUSDT-1h-2023-02.zip
klines,SOLUSDT,2023-03,DOWNLOADED_VERIFIED,33039,c41bd78088a2bb8547f1b3bf5c89fcadd7606397d2a74f0961c47cf6754f8f8a,C:\Users\vntfadmin\OneDrive - THG\Documents\Build Signal Bot\core4_portfolio_allocator\data\binance_usdm\klines\SOLUSDT\SOLUSDT-1h-2023-03.zip
klines,SOLUSDT,2023-04,DOWNLOADED_VERIFIED,31579,34aca0062513dbb81e99b4b6e2e0e2dd29b453e33c629c8cea1beeff9faf7543,C:\Users\vntfadmin\OneDrive - THG\Documents\Build Signal Bot\core4_portfolio_allocator\data\binance_usdm\klines\SOLUSDT\SOLUSDT-1h-2023-04.zip
klines,SOLUSDT,2023-05,DOWNLOADED_VERIFIED,32149,4c5b1305d4395bb122f85b60520db8995c810357a2c189158b2beae2d116b1bc,C:\Users\vntfadmin\OneDrive - THG\Documents\Build Signal Bot\core4_portfolio_allocator\data\binance_usdm\klines\SOLUSDT\SOLUSDT-1h-2023-05.zip
klines,SOLUSDT,2023-06,DOWNLOADED_VERIFIED,31775,023229af2e8a8900ee79ba088837b174acc52512f2e8296b02aa279cf97a82f5,C:\Users\vntfadmin\OneDrive - THG\Documents\Build Signal Bot\core4_portfolio_allocator\data\binance_usdm\klines\SOLUSDT\SOLUSDT-1h-2023-06.zip
klines,SOLUSDT,2023-07,DOWNLOADED_VERIFIED,33478,e45b525229f485463a33f3c59f4dc3eafa2de1f9fbca8f2126cd3c074f62b6bb,C:\Users\vntfadmin\OneDrive - THG\Documents\Build Signal Bot\core4_portfolio_allocator\data\binance_usdm\klines\SOLUSDT\SOLUSDT-1h-2023-07.zip
klines,SOLUSDT,2023-08,DOWNLOADED_VERIFIED,32603,d509bcda20054981e3f738ef1a33090dc12ddaea5593932e2545a285ee4987c9,C:\Users\vntfadmin\OneDrive - THG\Documents\Build Signal Bot\core4_portfolio_allocator\data\binance_usdm\klines\SOLUSDT\SOLUSDT-1h-2023-08.zip
klines,SOLUSDT,2023-09,DOWNLOADED_VERIFIED,31342,99ac300173c437de0b735ca04ff7ac55512431eedd381795f2ba069edd9020c6,C:\Users\vntfadmin\OneDrive - THG\Documents\Build Signal Bot\core4_portfolio_allocator\data\binance_usdm\klines\SOLUSDT\SOLUSDT-1h-2023-09.zip
klines,SOLUSDT,2023-10,DOWNLOADED_VERIFIED,33522,e9046fe166dd07107386312716030e66aad44136d40712b17b976ff9dd905bef,C:\Users\vntfadmin\OneDrive - THG\Documents\Build Signal Bot\core4_portfolio_allocator\data\binance_usdm\klines\SOLUSDT\SOLUSDT-1h-2023-10.zip
klines,SOLUSDT,2023-11,DOWNLOADED_VERIFIED,33524,96c7b5324c80818622477b6d3fa71b82f62ae2266ec42f763433a11eef7494bb,C:\Users\vntfadmin\OneDrive - THG\Documents\Build Signal Bot\core4_portfolio_allocator\data\binance_usdm\klines\SOLUSDT\SOLUSDT-1h-2023-11.zip
klines,SOLUSDT,2023-12,DOWNLOADED_VERIFIED,34912,5d7fea512037fe238b6133df8bec56231cf086b73a44bdff89e5dcdfb991d62f,C:\Users\vntfadmin\OneDrive - THG\Documents\Build Signal Bot\core4_portfolio_allocator\data\binance_usdm\klines\SOLUSDT\SOLUSDT-1h-2023-12.zip
klines,SOLUSDT,2024-01,DOWNLOADED_VERIFIED,34837,eb8a8dc7685761609f19b403db0eb6655d757f720f71da9b8c1ab638ddfc85b9,C:\Users\vntfadmin\OneDrive - THG\Documents\Build Signal Bot\core4_portfolio_allocator\data\binance_usdm\klines\SOLUSDT\SOLUSDT-1h-2024-01.zip
klines,SOLUSDT,2024-02,DOWNLOADED_VERIFIED,32441,7d87e385b8befd2c3fd6090475904fb6d28ec65d1afb1f1892570178bfba54ac,C:\Users\vntfadmin\OneDrive - THG\Documents\Build Signal Bot\core4_portfolio_allocator\data\binance_usdm\klines\SOLUSDT\SOLUSDT-1h-2024-02.zip
klines,SOLUSDT,2024-03,DOWNLOADED_VERIFIED,35540,b679c264fc7d70ccf70d9fb25481bfed485a01c2cd439b8b698933b9398119c1,C:\Users\vntfadmin\OneDrive - THG\Documents\Build Signal Bot\core4_portfolio_allocator\data\binance_usdm\klines\SOLUSDT\SOLUSDT-1h-2024-03.zip
klines,SOLUSDT,2024-04,DOWNLOADED_VERIFIED,34176,02fdeb42d8293094fab995cca7b33ef6fb18714d173e6da9e894119c734557e9,C:\Users\vntfadmin\OneDrive - THG\Documents\Build Signal Bot\core4_portfolio_allocator\data\binance_usdm\klines\SOLUSDT\SOLUSDT-1h-2024-04.zip
klines,SOLUSDT,2024-05,DOWNLOADED_VERIFIED,34908,b22668d0d3fc2fb430efd5cca654dcf167b5df2d8997401f49d8e3f9ba43b3c8,C:\Users\vntfadmin\OneDrive - THG\Documents\Build Signal Bot\core4_portfolio_allocator\data\binance_usdm\klines\SOLUSDT\SOLUSDT-1h-2024-05.zip
klines,SOLUSDT,2024-06,DOWNLOADED_VERIFIED,33318,80e770b293faa4ae6da7d149df3e1912da67bb121b58123260c7f4b755f4809d,C:\Users\vntfadmin\OneDrive - THG\Documents\Build Signal Bot\core4_portfolio_allocator\data\binance_usdm\klines\SOLUSDT\SOLUSDT-1h-2024-06.zip
klines,SOLUSDT,2024-07,DOWNLOADED_VERIFIED,34792,da7072219268b51067972bf51032440ba3214d63df037180bc0c9e33a77ffa8b,C:\Users\vntfadmin\OneDrive - THG\Documents\Build Signal Bot\core4_portfolio_allocator\data\binance_usdm\klines\SOLUSDT\SOLUSDT-1h-2024-07.zip
klines,SOLUSDT,2024-08,DOWNLOADED_VERIFIED,34981,08bc16fd25cb4b024ac2f3d187d4ed5426014e48808ea9523b9792b141dca34d,C:\Users\vntfadmin\OneDrive - THG\Documents\Build Signal Bot\core4_portfolio_allocator\data\binance_usdm\klines\SOLUSDT\SOLUSDT-1h-2024-08.zip
klines,SOLUSDT,2024-09,DOWNLOADED_VERIFIED,33345,c99c50b8413b34318d5aa778b890d8d06d5c333c4db101570c1c9ee7e35b6451,C:\Users\vntfadmin\OneDrive - THG\Documents\Build Signal Bot\core4_portfolio_allocator\data\binance_usdm\klines\SOLUSDT\SOLUSDT-1h-2024-09.zip
klines,SOLUSDT,2024-10,DOWNLOADED_VERIFIED,33909,ae94c6ea35e4b98c5a2e41a32a9d75e18793ced7c3e55c9e524a3e0c43ae75d7,C:\Users\vntfadmin\OneDrive - THG\Documents\Build Signal Bot\core4_portfolio_allocator\data\binance_usdm\klines\SOLUSDT\SOLUSDT-1h-2024-10.zip
klines,SOLUSDT,2024-11,DOWNLOADED_VERIFIED,33016,620f261485e352e46458f683129cdf5141d2f70222a70b65228d6473f884ca81,C:\Users\vntfadmin\OneDrive - THG\Documents\Build Signal Bot\core4_portfolio_allocator\data\binance_usdm\klines\SOLUSDT\SOLUSDT-1h-2024-11.zip
klines,SOLUSDT,2024-12,DOWNLOADED_VERIFIED,33906,bdb5c900670da54eac3653f7be69529dbfeb13574aa6072049ff1c419d7f5567,C:\Users\vntfadmin\OneDrive - THG\Documents\Build Signal Bot\core4_portfolio_allocator\data\binance_usdm\klines\SOLUSDT\SOLUSDT-1h-2024-12.zip
klines,SOLUSDT,2025-01,DOWNLOADED_VERIFIED,34133,372c98abd2da7bbf5e3cbe39e77296efe8ef4e94790c3566da3e7313049be7b8,C:\Users\vntfadmin\OneDrive - THG\Documents\Build Signal Bot\core4_portfolio_allocator\data\binance_usdm\klines\SOLUSDT\SOLUSDT-1h-2025-01.zip
klines,SOLUSDT,2025-02,DOWNLOADED_VERIFIED,30836,863aeb10c3a31a5a9da82bfbcd120740c0dfad5078a579366caf166f58aa9b34,C:\Users\vntfadmin\OneDrive - THG\Documents\Build Signal Bot\core4_portfolio_allocator\data\binance_usdm\klines\SOLUSDT\SOLUSDT-1h-2025-02.zip
klines,SOLUSDT,2025-03,DOWNLOADED_VERIFIED,33026,04b504d8b18dd7e1dce1783add7bf40df0132e6aeb9932a46aa950abb36534c8,C:\Users\vntfadmin\OneDrive - THG\Documents\Build Signal Bot\core4_portfolio_allocator\data\binance_usdm\klines\SOLUSDT\SOLUSDT-1h-2025-03.zip
klines,SOLUSDT,2025-04,DOWNLOADED_VERIFIED,35055,6d8784d0f2a936547897208aada8b57d65104bd3307cfad32fb39070fdec061c,C:\Users\vntfadmin\OneDrive - THG\Documents\Build Signal Bot\core4_portfolio_allocator\data\binance_usdm\klines\SOLUSDT\SOLUSDT-1h-2025-04.zip
klines,SOLUSDT,2025-05,DOWNLOADED_VERIFIED,37400,b20e5bf7b4b3b3d5c0720ab2d845e03933ef08f15d3f06570b009463ba12bad9,C:\Users\vntfadmin\OneDrive - THG\Documents\Build Signal Bot\core4_portfolio_allocator\data\binance_usdm\klines\SOLUSDT\SOLUSDT-1h-2025-05.zip
klines,SOLUSDT,2025-06,DOWNLOADED_VERIFIED,36082,72d6fb9cab913d98220a06a08eab70a361b5d3fe84ea9701420e5f2cc6600c7c,C:\Users\vntfadmin\OneDrive - THG\Documents\Build Signal Bot\core4_portfolio_allocator\data\binance_usdm\klines\SOLUSDT\SOLUSDT-1h-2025-06.zip
klines,SOLUSDT,2025-07,DOWNLOADED_VERIFIED,37422,5493328c22d7804c5d64298e8ac475786eba0810cdb31ed6e6134f5720c5a2bc,C:\Users\vntfadmin\OneDrive - THG\Documents\Build Signal Bot\core4_portfolio_allocator\data\binance_usdm\klines\SOLUSDT\SOLUSDT-1h-2025-07.zip
klines,SOLUSDT,2025-08,DOWNLOADED_VERIFIED,38009,ff753c960ffa6954d3ffbd9cf6f6a0f8d2b280753cf868ebe4732d0afa5a14fd,C:\Users\vntfadmin\OneDrive - THG\Documents\Build Signal Bot\core4_portfolio_allocator\data\binance_usdm\klines\SOLUSDT\SOLUSDT-1h-2025-08.zip
klines,SOLUSDT,2025-09,DOWNLOADED_VERIFIED,36707,9cbc37023b21bc91802c38689466e2bb69eff22e55d6012c6feb0bb0bce56004,C:\Users\vntfadmin\OneDrive - THG\Documents\Build Signal Bot\core4_portfolio_allocator\data\binance_usdm\klines\SOLUSDT\SOLUSDT-1h-2025-09.zip
klines,SOLUSDT,2025-10,DOWNLOADED_VERIFIED,37859,8d96a116ab53375ce88316e027fed319d625a35756122ed4af79d75584133b97,C:\Users\vntfadmin\OneDrive - THG\Documents\Build Signal Bot\core4_portfolio_allocator\data\binance_usdm\klines\SOLUSDT\SOLUSDT-1h-2025-10.zip
klines,SOLUSDT,2025-11,DOWNLOADED_VERIFIED,36358,2a74a61262338c2cf49d65d3c2d8e5a27ccda3aadedeaeed87da0544b13fb372,C:\Users\vntfadmin\OneDrive - THG\Documents\Build Signal Bot\core4_portfolio_allocator\data\binance_usdm\klines\SOLUSDT\SOLUSDT-1h-2025-11.zip
klines,SOLUSDT,2025-12,DOWNLOADED_VERIFIED,36683,7c25b753fd893dc697b5e7e8a1d0db904150181be7b7991cc05ba5b08f81cdf8,C:\Users\vntfadmin\OneDrive - THG\Documents\Build Signal Bot\core4_portfolio_allocator\data\binance_usdm\klines\SOLUSDT\SOLUSDT-1h-2025-12.zip
klines,SOLUSDT,2026-01,DOWNLOADED_VERIFIED,36611,cc16e807c075689a73f096b7603c34f1eb289bb2d782ca8f6147e4c42632ed0e,C:\Users\vntfadmin\OneDrive - THG\Documents\Build Signal Bot\core4_portfolio_allocator\data\binance_usdm\klines\SOLUSDT\SOLUSDT-1h-2026-01.zip
klines,SOLUSDT,2026-02,DOWNLOADED_VERIFIED,33200,fa733e5400163477fa7eb544a9a7e04b5c679656720ccb7f92787fcf33b739a3,C:\Users\vntfadmin\OneDrive - THG\Documents\Build Signal Bot\core4_portfolio_allocator\data\binance_usdm\klines\SOLUSDT\SOLUSDT-1h-2026-02.zip
klines,SOLUSDT,2026-03,DOWNLOADED_VERIFIED,36150,5e9440665d3e4209c320e2dab897b5c3cec578800e669e1c8fd3503f157e49f1,C:\Users\vntfadmin\OneDrive - THG\Documents\Build Signal Bot\core4_portfolio_allocator\data\binance_usdm\klines\SOLUSDT\SOLUSDT-1h-2026-03.zip
klines,SOLUSDT,2026-04,DOWNLOADED_VERIFIED,34581,2f466580c7e6d2e02a67a968428c0f9b987108cc1a3d2ba73061e329aacc208d,C:\Users\vntfadmin\OneDrive - THG\Documents\Build Signal Bot\core4_portfolio_allocator\data\binance_usdm\klines\SOLUSDT\SOLUSDT-1h-2026-04.zip
klines,SOLUSDT,2026-05,DOWNLOADED_VERIFIED,35689,0d1aef19746005c140421825e55e482813330b19a82cbc24c792aaa0464778c2,C:\Users\vntfadmin\OneDrive - THG\Documents\Build Signal Bot\core4_portfolio_allocator\data\binance_usdm\klines\SOLUSDT\SOLUSDT-1h-2026-05.zip
klines,SOLUSDT,2026-06,DOWNLOADED_VERIFIED,35026,5b6913a64843d8fbadeb1783a2ef064291355a33e6eee84f1a03c7e8786acfc8,C:\Users\vntfadmin\OneDrive - THG\Documents\Build Signal Bot\core4_portfolio_allocator\data\binance_usdm\klines\SOLUSDT\SOLUSDT-1h-2026-06.zip
klines,SOLUSDT,2026-07,DOWNLOADED_VERIFIED,35322,4a88a47617d14ba94ae2154732ba724497a8cad66b1d7fd0dc4f88216101e0be,C:\Users\vntfadmin\OneDrive - THG\Documents\Build Signal Bot\core4_portfolio_allocator\data\binance_usdm\klines\SOLUSDT\SOLUSDT-1h-2026-07.zip
klines,SOLUSDT,2026-08,DOWNLOADED_VERIFIED,35792,a25ab3dfcabcf739bd8bdd0aa9b1302865d5c571a5af1ffbb6e4a2b5c26ab833,C:\Users\vntfadmin\OneDrive - THG\Documents\Build Signal Bot\core4_portfolio_allocator\data\binance_usdm\klines\SOLUSDT\SOLUSDT-1h-2026-08.zip
