symbol,side,timeframe,entry_time,entry,initial_stop,tp1,tp2,tp3,max_holding_hours,exit_time,holding_days,exit_reason,initial_notional,initial_risk_cash,entry_fee,exit_fees,price_pnl,funding_pnl,net_pnl,net_return_on_notional,realized_r,tp1_hit,tp2_hit,tp3_hit,paper_only,fold_year
ETHUSDT,LONG,1d,2021-01-03 00:00:00+00:00,775.04,678.1999999999999,871.88,968.72,1162.4,2160,2021-01-04 06:00:00+00:00,1.25,TP1+TP2+TP3,0.02801156546881453,0.0035000000000000005,5.602313093762906e-05,7.562313093762907e-05,0.009800000000000001,-0.0001368787150000516,0.00953147502312469,0.3402692731948933,2.7232785780356257,True,True,True,True,2021
BTCUSDT,LONG,1d,2021-01-03 00:00:00+00:00,32198.41,28769.92,35626.9,39055.39,45912.37,2160,2021-01-04 10:00:00+00:00,1.4166666666666667,STOP,0.03286999087061649,0.0034999999999999996,6.573998174123299e-05,5.873998174123298e-05,-0.0034999999999999996,-0.0002673201994301571,-0.0038918001629126226,-0.11839979445785682,-1.111942903689321,False,False,False,True,2021
ETHUSDT,LONG,1d,2021-01-05 00:00:00+00:00,1043.12,896.0599999999998,1190.1799999999998,1337.24,1631.3600000000001,2160,2021-01-10 20:00:00+00:00,5.833333333333333,TP1+TP2+STOP,0.024956902264173582,0.0035184466283547135,4.991380452834716e-05,5.906176576206942e-05,0.004573980616861126,-0.0006391397520994594,0.00382586529447125,0.15329888517307694,1.0873734061045828,True,True,False,True,2021
BTCUSDT,LONG,1d,2021-01-07 00:00:00+00:00,36825.77,32289.693999999996,41361.846,45897.92199999999,54970.07399999999,2160,2021-01-10 20:00:00+00:00,3.8333333333333335,TP1+STOP,0.028682990974895586,0.003533075532960764,5.736598194979118e-05,5.877921216297549e-05,0.0007066151065921528,-0.0003774473192226957,0.00021302259325669049,0.007426791489183807,0.060293812365277887,True,False,False,True,2021
BNBUSDT,LONG,1d,2021-01-04 00:00:00+00:00,41.301,35.9403,46.6617,52.022400000000005,62.74380000000001,2160,2021-01-11 16:00:00+00:00,7.666666666666667,STOP,0.027154367767546914,0.003524525297002222,5.4308735535093826e-05,4.7259684941089383e-05,-0.003524525297002222,-0.0007243125974831601,-0.004350406314961565,-0.16021018615505678,-1.2343240432014473,False,False,False,True,2021
SOLUSDT,LONG,1d,2021-01-09 00:00:00+00:00,3.222,2.4498100000000003,3.9941899999999997,4.76638,6.31076,2160,2021-01-21 21:00:00+00:00,12.875,TP1+STOP,0.014779480893964357,0.0035420755280913506,2.9558961787928716e-05,3.097579199916525e-05,0.0007084151056182701,-0.00037132448994041286,0.0002765558618907633,0.018712149897206685,0.07807734750359363,True,False,False,True,2021
BNBUSDT,LONG,1d,2021-01-18 00:00:00+00:00,45.861,38.671099999999996,53.0509,60.24079999999999,74.6206,2160,2021-01-21 22:00:00+00:00,3.9166666666666665,STOP,0.022502523055674094,0.0035278535251737036,4.5005046111348186e-05,3.7949339061000785e-05,-0.0035278535251737036,-0.00018950673943622323,-0.0038003146497822757,-0.16888393538714816,-1.0772314164021752,False,False,False,True,2021
ETHUSDT,LONG,1d,2021-01-20 00:00:00+00:00,1367.38,1045.643,1689.1170000000002,2010.854,2654.328,2160,2021-01-22 00:00:00+00:00,2.0,STOP,0.014952771857656373,0.0035183050499252508,2.9905543715312745e-05,2.2868933615462245e-05,-0.0035183050499252508,-6.272934689003837e-05,-0.0036338088741460642,-0.2430190809261508,-1.0328293944333415,False,False,False,True,2021
BNBUSDT,LONG,1d,2021-02-02 00:00:00+00:00,51.461,44.3792,58.5428,65.6246,79.78819999999999,2160,2021-02-08 23:00:00+00:00,6.958333333333333,TP1+TP2+TP3,0.025415121602625473,0.0034974992356439465,5.083024320525095e-05,7.041623892485704e-05,0.009792997859803046,6.016238990860203e-05,0.00973191376758154,0.382918245277103,2.782534923353525,True,True,True,True,2021
BNBUSDT,LONG,1d,2021-02-09 00:00:00+00:00,80.146,69.55630000000001,90.7357,101.3254,122.50479999999999,2160,2021-02-10 05:00:00+00:00,1.2083333333333333,TP1+TP2+TP3,0.026974150684972643,0.0035640975658005965,5.394830136994529e-05,7.390724773842863e-05,0.009979473184241673,-0.00018845791519565635,0.009663159719937644,0.3582377748531304,2.7112500546171288,True,True,True,True,2021
SOLUSDT,LONG,1d,2021-01-31 00:00:00+00:00,4.244,3.14816,5.33984,6.43568,8.62736,2160,2021-02-10 20:00:00+00:00,10.833333333333334,TP1+TP2+TP3,0.013530101041761167,0.0034935970606982934,2.7060202083522335e-05,4.662434562343278e-05,0.009782071769955221,-0.0005596492211174551,0.00914873800113081,0.6761766207726673,2.6187158513644326,True,True,True,True,2021
SOLUSDT,LONG,1d,2021-02-11 00:00:00+00:00,9.1098,7.53498,10.68462,12.25944,15.40908,2160,2021-02-17 04:00:00+00:00,6.166666666666667,STOP,0.020806691331735586,0.00359687299864364,4.161338266347117e-05,3.441963666618389e-05,-0.00359687299864364,-0.0005305827651909122,-0.004203488783164208,-0.20202581545258955,-1.1686508766779697,False,False,False,True,2021
BNBUSDT,LONG,1d,2021-02-11 00:00:00+00:00,128.9,111.08500000000001,146.715,164.53,200.16000000000003,2160,2021-02-18 16:00:00+00:00,7.666666666666667,TP1+TP2+TP3,0.026025087259341297,0.0035968729986436397,5.20501745186826e-05,7.2192663311087e-05,0.010071244396202194,-0.0009072477397888985,0.009039753818583527,0.34734768527390236,2.513225744137301,True,True,True,True,2021
BNBUSDT,LONG,1d,2021-02-19 00:00:00+00:00,195.571,161.7871,229.3549,263.1388,330.7066,2160,2021-02-19 14:00:00+00:00,0.5833333333333334,TP1+TP2+TP3,0.02100410643574314,0.003628353035033325,4.200821287148628e-05,6.23269898676729e-05,0.010159388498093313,-4.731254715634856e-05,0.010007740748197805,0.47646591293059803,2.7582047974848973,True,True,True,True,2021
BNBUSDT,LONG,1d,2021-02-20 00:00:00+00:00,334.111,285.0827,383.1393,432.1676,530.2242,2160,2021-02-20 01:00:00+00:00,0.041666666666666664,STOP,0.025013103497947543,0.003670486581490647,5.0026206995895087e-05,4.268523383291379e-05,-0.003670486581490647,-7.063700427820386e-05,-0.0038338350265976597,-0.1532730645324458,-1.0445032127159213,False,False,False,True,2021
SOLUSDT,LONG,1d,2021-02-20 00:00:00+00:00,11.514,9.22247,13.80553,16.09706,20.68012,2160,2021-02-22 14:00:00+00:00,2.5833333333333335,STOP,0.018442692218423196,0.0036704865814906466,3.6885384436846394e-05,2.95444112738651e-05,-0.0036704865814906466,-0.000168370993561297,-0.0039052873707626553,-0.21175256434966128,-1.063969935336653,False,False,False,True,2021
ETHUSDT,LONG,1d,2021-02-03 00:00:00+00:00,1516.2,1203.422,1828.978,2141.756,2767.312,2160,2021-02-23 08:00:00+00:00,20.333333333333332,TP1+STOP,0.016983636340160195,0.003503566684607984,3.396727268032039e-05,3.536869935416358e-05,0.0007007133369215968,-0.0013315153674675207,-0.0007001380025804079,-0.04122426955909514,-0.19983578610228356,True,False,False,True,2021
BTCUSDT,LONG,1d,2021-02-09 00:00:00+00:00,46451.32,39736.73,53165.909999999996,59880.5,73309.68,2160,2021-02-23 09:00:00+00:00,14.375,TP1+STOP,0.024656313570929074,0.003564097565800597,4.931262714185815e-05,5.073826616817839e-05,0.0007128195131601194,-0.0012694793562923422,-0.0006567107364422593,-0.02663458730572568,-0.1842572276201826,True,False,False,True,2021
SOLUSDT,LONG,1d,2021-02-23 00:00:00+00:00,14.3421,11.324380000000001,17.35982,20.37754,26.412979999999997,2160,2021-02-25 22:00:00+00:00,2.9166666666666665,TP1+STOP,0.017268844185051445,0.0036335359866486376,3.453768837010289e-05,3.599110276476235e-05,0.0007267071973297276,-2.7180665370173162e-06,0.0006534603396578451,0.037840421319193136,0.17984143876900444,True,False,False,True,2021
BTCUSDT,LONG,1d,2021-03-14 00:00:00+00:00,61267.41,52376.9,70157.92,79048.43000000001,96829.45000000001,2160,2021-03-24 22:00:00+00:00,10.916666666666666,STOP,0.024918387467146582,0.0036159056333626865,4.983677493429316e-05,4.260496366756779e-05,-0.0036159056333626865,-0.0003284223134347872,-0.0040367696853993345,-0.16199963543875287,-1.1163924324112564,False,False,False,True,2021
BNBUSDT,LONG,1d,2021-04-06 00:00:00+00:00,368.754,316.33050000000003,421.1775,473.60100000000006,578.4480000000001,2160,2021-04-12 07:00:00+00:00,6.291666666666667,TP1+TP2+TP3,0.02532780562661667,0.003600699160597414,5.065561125323334e-05,7.081952655257887e-05,0.010081957649672764,-0.00029211304749808136,0.00966836946436887,0.3817294560334316,2.685136700719182,True,True,True,True,2021
SOLUSDT,LONG,1d,2021-04-04 00:00:00+00:00,22.4916,19.17838,25.804819999999996,29.118039999999997,35.744479999999996,2160,2021-04-14 09:00:00+00:00,10.375,TP1+TP2+STOP,0.024399800051357435,0.00359431545671088,4.8799600102714874e-05,5.814482029016316e-05,0.0046726100937241445,-0.0004276918414720794,0.004137973831859187,0.16959048119859405,1.1512550530681032,True,True,False,True,2021
BNBUSDT,LONG,1d,2021-04-13 00:00:00+00:00,598.212,513.7209,682.7031,767.1942,936.1764000000001,2160,2021-04-16 04:00:00+00:00,3.1666666666666665,STOP,0.025863318575855183,0.0036529194267658238,5.1726637151710365e-05,4.442079829817872e-05,-0.0036529194267658238,-0.0005049958976878671,-0.00425406275990358,-0.16448247920802317,-1.1645651773025798,False,False,False,True,2021
ETHUSDT,LONG,1d,2021-04-03 00:00:00+00:00,2138.01,1907.8370000000002,2368.183,2598.356,3058.702,2160,2021-04-18 03:00:00+00:00,15.125,TP1+STOP,0.03345585761293887,0.00360177693946379,6.691171522587775e-05,6.835242600166325e-05,0.0007203553878927573,-0.0013343231332217653,-0.000749231886556549,-0.022394639982769048,-0.20801729233906696,True,False,False,True,2021
BTCUSDT,LONG,1d,2021-04-14 00:00:00+00:00,63645.05,58468.46000000001,68821.64,73998.23,84351.41,2160,2021-04-18 03:00:00+00:00,4.125,STOP,0.044897653450637266,0.0036517646521769436,8.979530690127454e-05,8.249177759692064e-05,-0.0036517646521769436,-0.0005264092425021881,-0.0043504609791773265,-0.0968972907227867,-1.191331149060733,False,False,False,True,2021
SOLUSDT,LONG,1d,2021-04-19 00:00:00+00:00,32.3739,25.78558,38.96222,45.55054,58.727180000000004,2160,2021-04-23 07:00:00+00:00,4.291666666666667,TP1+STOP,0.017775105513768024,0.0036173609963108594,3.5550211027536046e-05,3.6997155426060394e-05,0.0007234721992621723,-4.85741570551687e-05,0.0006023506757534072,0.03388731927846199,0.16651660599196774,True,False,False,True,2021
ETHUSDT,LONG,1d,2021-04-28 00:00:00+00:00,2668.28,2254.8190000000004,3081.741,3495.202,4322.124,2160,2021-05-12 03:00:00+00:00,14.125,TP1+TP2+TP3,0.02332350648191858,0.0036140736030403605,4.664701296383716e-05,6.688582514086318e-05,0.01011940608851301,-0.00031908544443266394,0.009686787805975646,0.41532296241499,2.6802962169410662,True,True,True,True,2021
BNBUSDT,LONG,1d,2021-05-04 00:00:00+00:00,676.991,554.1442000000001,799.8377999999999,922.6845999999999,1168.3781999999999,2160,2021-05-13 00:00:00+00:00,9.0,STOP,0.02004776998573563,0.0036378687307270937,4.009553997147126e-05,3.281980251001707e-05,-0.0036378687307270937,-0.00026492130547248324,-0.003975705378681065,-0.1983116018145587,-1.0928666405965806,False,False,False,True,2021
SOLUSDT,LONG,1d,2021-04-26 00:00:00+00:00,47.374,37.26086,57.487140000000004,67.60028,87.82656,2160,2021-05-19 04:00:00+00:00,23.166666666666668,TP1+STOP,0.016955044130945143,0.0036194692236759946,3.391008826189029e-05,3.535787595136069e-05,0.000723893844735199,-0.0005162362808712356,0.00013838959965071243,0.008162149185924769,0.038234777283217676,True,False,False,True,2021
BNBUSDT,LONG,1d,2021-08-11 00:00:00+00:00,372.03,335.436,408.62399999999997,445.21799999999996,518.406,2160,2021-08-12 16:00:00+00:00,1.6666666666666667,TP1+STOP,0.0370051856057776,0.0036399423757703018,7.401037121155519e-05,7.546634816186332e-05,0.0007279884751540604,-5.056051132726164e-05,0.0005279512444533802,0.014266953017821143,0.14504384683882604,True,False,False,True,2021
SOLUSDT,LONG,1d,2021-08-14 00:00:00+00:00,44.896,38.0975,51.694500000000005,58.493,72.09,2160,2021-08-17 02:00:00+00:00,3.0833333333333335,TP1+TP2+TP3,0.024049689350493744,0.0036417902051258865,4.809937870098749e-05,6.849340384969244e-05,0.010197012574352477,-8.24871909037256e-05,0.00999793260089807,0.41571982303766475,2.7453345848494504,True,True,True,True,2021
BNBUSDT,LONG,1d,2021-08-14 00:00:00+00:00,411.26,368.844,453.676,496.092,580.924,2160,2021-08-31 00:00:00+00:00,17.0,TP1+TP2+STOP,0.03531032251414731,0.003641790205125887,7.062064502829462e-05,8.008929956162193e-05,0.004734327266663653,-0.00039886642298419736,0.004184750899089539,0.11851352808836257,1.149091700339966,True,True,False,True,2021
SOLUSDT,LONG,1d,2021-08-28 00:00:00+00:00,87.954,70.62809999999999,105.2799,122.60579999999999,157.25759999999997,2160,2021-08-31 22:00:00+00:00,3.9166666666666665,TP1+TP2+STOP,0.018753592007331107,0.0036942363026106614,3.750718401466222e-05,4.711219840144994e-05,0.004802507193393859,-3.6074468637986795e-05,0.004681813342339761,0.24964888542469932,1.2673291470367485,True,True,False,True,2021
ETHUSDT,LONG,1d,2021-08-14 00:00:00+00:00,3324.12,2901.5379999999996,3746.702,4169.284000000001,5014.448,2160,2021-09-07 15:00:00+00:00,24.625,TP1+STOP,0.02864709726553202,0.003641790205125886,5.729419453106404e-05,5.875091061311439e-05,0.0007283580410251773,-0.000554184070258504,5.8128865622494904e-05,0.002029136323435992,0.015961618420708985,True,False,False,True,2021
BTCUSDT,LONG,1d,2021-08-21 00:00:00+00:00,49332.99,44092.714,54573.265999999996,59813.542,70294.094,2160,2021-09-07 15:00:00+00:00,17.625,STOP,0.034714722148220085,0.0036874863112895872,6.942944429644018e-05,6.2054471673861e-05,-0.0036874863112895872,-0.0003798096411270438,-0.004198779868386932,-0.12095098588027198,-1.138656394610055,False,False,False,True,2021
SOLUSDT,LONG,1d,2021-09-04 00:00:00+00:00,146.418,118.66890000000001,174.1671,201.9162,257.4144,2160,2021-09-07 15:00:00+00:00,3.625,TP1+STOP,0.019650466654875003,0.0037241511580051083,3.930093330975001e-05,4.079059377295205e-05,0.0007448302316010217,-0.00012774422777747386,0.0005369944767408456,0.027327314214577438,0.14419244922069543,True,False,False,True,2021
SOLUSDT,LONG,1d,2021-09-08 00:00:00+00:00,173.651,140.3585,206.94350000000003,240.23600000000002,306.821,2160,2021-09-10 14:00:00+00:00,2.5833333333333335,TP1+STOP,0.01927388215203115,0.0036952031462329465,3.85477643040623e-05,4.0025845562555484e-05,0.0007390406292465893,-3.180158650328797e-05,0.0006286654328766836,0.03261747830135159,0.17013014115815878,True,False,False,True,2021
BTCUSDT,LONG,1d,2021-10-07 00:00:00+00:00,55327.45,49650.13,61004.77,66682.09,78036.73,2160,2021-10-22 15:00:00+00:00,15.625,TP1+TP2+STOP,0.03603247763145478,0.003697403475248016,7.206495526290955e-05,8.16782042985544e-05,0.004806624517822421,-0.00033220709760821697,0.00432067426065274,0.11991055138770086,1.1685698597886767,True,True,False,True,2021
BNBUSDT,LONG,1d,2021-10-30 00:00:00+00:00,530.73,472.07500000000005,589.385,648.04,765.3499999999999,2160,2021-11-10 21:00:00+00:00,11.875,TP1+TP2+STOP,0.03365045985475156,0.0037189676912562923,6.730091970950313e-05,7.69702357067695e-05,0.0048346579986331805,9.462684986173816e-06,0.004699849528203082,0.13966672516481068,1.263751104709232,True,True,False,True,2021
SOLUSDT,LONG,1d,2021-11-03 00:00:00+00:00,221.027,187.32769999999996,254.7263,288.42560000000003,355.8242,2160,2021-11-10 21:00:00+00:00,7.875,TP1+STOP,0.024456169988022466,0.0037287562572779166,4.891233997604493e-05,5.0403842478956096e-05,0.0007457512514555834,-0.00014417804479761236,0.0005022570242029699,0.020537027034443777,0.1346982719030366,True,False,False,True,2021
BTCUSDT,LONG,1d,2021-11-09 00:00:00+00:00,67606.96,61453.67100000001,73760.24900000001,79913.538,92220.11600000001,2160,2021-11-16 01:00:00+00:00,7.041666666666667,STOP,0.041343288083731486,0.0037628847649628953,8.268657616746297e-05,7.516080663753718e-05,-0.0037628847649628953,-0.00027120507491147617,-0.004191937222679372,-0.10139341636759878,-1.1140222155383246,False,False,False,True,2021
ETHUSDT,LONG,1d,2021-10-21 00:00:00+00:00,4164.13,3739.1240000000003,4589.136,5014.142,5864.154,2160,2021-11-16 10:00:00+00:00,26.416666666666668,TP1+STOP,0.03643426754970205,0.003718611646185077,7.28685350994041e-05,7.435597975787814e-05,0.0007437223292370162,-0.0007199241246118558,-0.00012342631023212189,-0.003387643516196643,-0.03319150316724924,True,False,False,True,2021
BNBUSDT,SHORT,1d,2022-01-06 00:00:00+00:00,474.0,520.938,427.062,380.124,286.248,2160,2022-01-12 13:00:00+00:00,6.541666666666667,TP1+STOP,0.03534449699603734,0.0035000000000000005,7.068899399207468e-05,6.928899399207468e-05,0.0007000000000000001,-7.661626091269337e-05,0.00048340575110315733,0.013676973565569614,0.13811592888661636,True,False,False,True,2022
ETHUSDT,SHORT,1d,2022-01-08 00:00:00+00:00,3196.58,3592.0409999999997,2801.119,2405.658,1614.736,2160,2022-02-01 13:00:00+00:00,24.541666666666668,TP1+TP2+STOP,0.028343746280240535,0.003506512037155396,5.668749256048107e-05,4.7570561263877036e-05,0.004558465648302016,4.3051876209428464e-05,0.0044972594706870865,0.15866849167438007,1.2825449971463434,True,True,False,True,2022
SOLUSDT,SHORT,1d,2022-01-08 00:00:00+00:00,136.43,160.348,112.512,88.594,40.75799999999998,2160,2022-02-01 16:00:00+00:00,24.666666666666668,TP1+TP2+STOP,0.02000139799436034,0.0035065120371553966,4.0002795988720684e-05,3.0885864692116656e-05,0.004558465648302016,6.727694691988553e-05,0.004554853934541063,0.2277267786894378,1.2989699981854668,True,True,False,True,2022
BTCUSDT,SHORT,1d,2022-01-22 00:00:00+00:00,36426.46,40753.486,32099.434,27772.408,19118.356,2160,2022-02-04 19:00:00+00:00,13.791666666666666,STOP,0.029735708071706272,0.003532245020643863,5.947141614341255e-05,6.653590618470027e-05,-0.003532245020643863,1.3917218935238783e-05,-0.003644335124036737,-0.1225575363885263,-1.0317333884647792,False,False,False,True,2022
BNBUSDT,SHORT,1d,2022-01-22 00:00:00+00:00,383.62,445.649,321.591,259.56200000000007,135.5040000000001,2160,2022-03-25 00:00:00+00:00,62.0,SIGNAL_INVALID,0.02184526326104562,0.0035322450206438628,4.3690526522091236e-05,4.7160758374257756e-05,-0.0017351159260832578,-0.00030724907193985777,-0.0021332162829194646,-0.0976512050886293,-0.6039264746505663,False,False,False,True,2022
BNBUSDT,SHORT,1d,2022-05-09 00:00:00+00:00,355.75,392.422,319.078,282.406,209.06199999999998,2160,2022-05-22 03:00:00+00:00,13.125,TP1+TP2+STOP,0.0341601709183579,0.003521354287893245,6.83203418367158e-05,5.916482068819337e-05,0.004577760574261217,-0.0002461191074800191,0.004204156304256289,0.1230718755565988,1.1939032430535557,True,True,False,True,2022
BTCUSDT,SHORT,1d,2022-05-06 00:00:00+00:00,36533.7,40176.159999999996,32891.24,29248.78,21963.859999999997,2160,2022-06-13 23:00:00+00:00,38.958333333333336,TP1+TP2+TP3,0.03523675582773146,0.003513152887122813,7.047351165546293e-05,5.079985548757516e-05,0.009836828083943877,8.636959619290587e-05,0.009801924312993744,0.27817329043894534,2.7900648300624575,True,True,True,True,2022
ETHUSDT,SHORT,1d,2022-05-10 00:00:00+00:00,2227.62,2550.528,1904.7119999999998,1581.8039999999996,935.9879999999996,2160,2022-06-18 18:00:00+00:00,39.75,TP1+TP2+TP3,0.02457845306844756,0.003562806548435668,4.915690613689512e-05,2.9205189465655366e-05,0.009975858335619876,4.093114036398872e-05,0.009938427380381315,0.40435528439093305,2.789493969226314,True,True,True,True,2022
BNBUSDT,SHORT,1d,2022-06-19 00:00:00+00:00,196.79,239.178,154.402,112.01399999999997,27.237999999999943,2160,2022-06-24 12:00:00+00:00,5.5,STOP,0.016892870169410143,0.003638675647852824,3.378574033882029e-05,4.106309163452594e-05,-0.003638675647852824,-5.290410257352562e-05,-0.003766428582399696,-0.22295965958585295,-1.0351097341205058,False,False,False,True,2022
BTCUSDT,SHORT,1d,2022-06-14 00:00:00+00:00,22471.4,25748.79,19194.010000000002,15916.619999999999,9361.839999999998,2160,2022-07-08 01:00:00+00:00,24.041666666666668,TP1+STOP,0.024832900851042655,0.0036218082059951166,4.966580170208531e-05,4.821707841968726e-05,0.0007243616411990233,3.0066652179876645e-05,0.0006565454132571274,0.02643853076993867,0.18127558830154483,True,False,False,True,2022
SOLUSDT,SHORT,1d,2022-05-09 00:00:00+00:00,75.34,89.282,61.398,47.456,19.57200000000001,2160,2022-07-19 00:00:00+00:00,71.0,TP1+TP2+SIGNAL_INVALID,0.019028749967714618,0.0035213542878932452,3.8057499935429235e-05,2.4389028104359348e-05,0.006834235915534945,-8.677579376348901e-05,0.006685013593731667,0.3513112319555349,1.8984211888918383,True,True,False,True,2022
BTCUSDT,SHORT,1d,2022-09-07 00:00:00+00:00,18781.4,20482.940000000002,17079.86,15378.320000000002,11975.240000000002,2160,2022-09-09 05:00:00+00:00,2.2083333333333335,STOP,0.03985586559850203,0.00361082504767883,7.971173119700406e-05,8.693338129236173e-05,-0.00361082504767883,7.254353300083682e-07,-0.0037767447248381876,-0.09476007278035721,-1.0459506276179227,False,False,False,True,2022
SOLUSDT,SHORT,1d,2022-08-27 00:00:00+00:00,31.68,37.973,25.387,19.093999999999998,6.507999999999996,2160,2022-09-12 10:00:00+00:00,16.416666666666668,STOP,0.01817067550807347,0.0036094716216005787,3.634135101614694e-05,4.35602942593481e-05,-0.0036094716216005787,-2.1149238906830937e-05,-0.0037105225057829042,-0.20420388356691915,-1.027996032321627,False,False,False,True,2022
ETHUSDT,SHORT,1d,2022-09-19 00:00:00+00:00,1333.68,1547.847,1119.5130000000001,905.346,477.01200000000006,2160,2022-10-26 00:00:00+00:00,37.0,SIGNAL_INVALID,0.02231403739761863,0.0035832661862934038,4.4628074795237265e-05,4.882793508222531e-05,-0.002099930143494027,2.603873759507098e-05,-0.0021673474157764185,-0.09712932613475495,-0.6048524734408197,False,False,False,True,2022
BTCUSDT,SHORT,1d,2022-11-10 00:00:00+00:00,15905.0,17732.15,14077.849999999999,12250.699999999999,8596.399999999998,2160,2022-11-10 13:00:00+00:00,0.5416666666666666,STOP,0.03112563165625638,0.003575680470338188,6.225126331251276e-05,6.940262425318914e-05,-0.003575680470338188,-7.376741245169567e-05,-0.0037811017703555856,-0.12147871606633141,-1.057449568472758,False,False,False,True,2022
ETHUSDT,SHORT,1d,2022-11-10 00:00:00+00:00,1101.53,1322.658,880.402,659.274,217.01800000000003,2160,2022-11-10 13:00:00+00:00,0.5416666666666666,STOP,0.01781194289502743,0.0035756804703381885,3.5623885790054866e-05,4.277524673073123e-05,-0.0035756804703381885,-2.1158003188810818e-05,-0.0036752376060477853,-0.20633558212640593,-1.0278428502030499,False,False,False,True,2022
BNBUSDT,SHORT,1d,2022-11-22 00:00:00+00:00,253.93,304.392,203.46800000000002,153.006,52.081999999999994,2160,2022-11-25 12:00:00+00:00,3.5,STOP,0.017861869979994865,0.003549583282520776,3.572373995998973e-05,4.282290652503128e-05,-0.003549583282520776,-0.00012493544262601647,-0.0037530653716318137,-0.21011603912889376,-1.0573256275216996,False,False,False,True,2022
BNBUSDT,SHORT,1d,2022-12-17 00:00:00+00:00,230.73,256.807,204.653,178.57599999999996,126.42199999999997,2160,2022-12-31 23:00:00+00:00,14.958333333333334,END_OF_FOLD,0.03129058342868544,0.003536447553720067,6.258116685737087e-05,6.675270218553093e-05,-0.0020857676640800194,-0.0003173653766452768,-0.002532466909768198,-0.08093383479218146,-0.716104755209572,False,False,False,True,2022
BTCUSDT,LONG,1d,2023-01-14 00:00:00+00:00,19924.3,19193.37,20655.23,21386.159999999996,22848.019999999997,2160,2023-01-14 09:00:00+00:00,0.375,TP1+TP2+STOP,0.09540592122364655,0.0035000000000000005,0.0001908118424472931,0.0001999118424472931,0.004549999999999995,-3.1299848023066495e-05,0.004127976467082343,0.043267508076419214,1.179421847737812,True,True,False,True,2023
ETHUSDT,LONG,1d,2023-01-14 00:00:00+00:00,1450.95,1375.725,1526.1750000000002,1601.4,1751.8500000000001,2160,2023-01-14 09:00:00+00:00,0.375,TP1+TP2+STOP,0.06750847457627107,0.0035,0.00013501694915254214,0.00014411694915254214,0.004549999999999998,-2.9054387015619757e-05,0.004241811714679294,0.06283376629828741,1.211946204194084,True,True,False,True,2023
SOLUSDT,LONG,1d,2023-01-14 00:00:00+00:00,18.289,15.302900000000001,21.275100000000002,24.261200000000002,30.233400000000003,2160,2023-01-18 15:00:00+00:00,4.625,TP1+TP2+STOP,0.021436489066005825,0.0035,4.287297813201165e-05,5.197297813201165e-05,0.00455,-3.4329294329560286e-05,0.0044208247494064165,0.20622895548772488,1.2630927855446905,True,True,False,True,2023
ETHUSDT,LONG,1d,2023-01-15 00:00:00+00:00,1550.27,1459.1689999999999,1641.371,1732.472,1914.674,2160,2023-01-24 22:00:00+00:00,9.916666666666666,TP1+STOP,0.060429590648533586,0.003551120861315813,0.00012085918129706718,0.00012227962964159352,0.0007102241722631626,-0.00019190357343820474,0.0002751817878862971,0.004553758927257847,0.0774915297544485,True,False,False,True,2023
BTCUSDT,LONG,1d,2023-01-15 00:00:00+00:00,20962.8,20080.73,21844.87,22726.94,24491.079999999998,2160,2023-02-09 20:00:00+00:00,25.833333333333332,TP1+TP2+STOP,0.08439402359403578,0.0035511208613158126,0.00016878804718807155,0.00017802096142749267,0.004616457119710557,-0.00044411940764731985,0.003825528703447672,0.045329379268012844,1.0772735856785742,True,True,False,True,2023
SOLUSDT,LONG,1d,2023-01-21 00:00:00+00:00,25.513,20.9572,30.068800000000003,34.6246,43.736200000000004,2160,2023-02-09 22:00:00+00:00,19.916666666666668,STOP,0.02004041813523532,0.003578573156449853,4.008083627047064e-05,3.292368995757094e-05,-0.003578573156449853,-0.0001038118189888709,-0.003755389501666765,-0.18739077579743663,-1.0494097332894332,False,False,False,True,2023
BTCUSDT,LONG,1d,2023-02-16 00:00:00+00:00,24332.7,22716.47,25948.93,27565.16,30797.620000000003,2160,2023-02-25 20:00:00+00:00,9.833333333333334,STOP,0.053385449216760125,0.0035459757687229193,0.00010677089843352026,9.96789468960744e-05,-0.0035459757687229193,-0.00013788812625244667,-0.0038903137403049604,-0.07287217392344456,-1.0971066905248634,False,False,False,True,2023
BNBUSDT,LONG,1d,2023-03-18 00:00:00+00:00,338.62,313.452,363.788,388.956,439.29200000000003,2160,2023-03-27 15:00:00+00:00,9.625,STOP,0.047525732345413144,0.003532359670631854,9.505146469082629e-05,8.798674534956258e-05,-0.003532359670631854,0.0009841722551164006,-0.002731225625555842,-0.0574683543160475,-0.7732014517840115,False,False,False,True,2023
ETHUSDT,LONG,1d,2023-03-18 00:00:00+00:00,1789.21,1625.754,1952.6660000000002,2116.1220000000003,2443.034,2160,2023-04-19 08:00:00+00:00,32.333333333333336,TP1+TP2+STOP,0.03866565464890376,0.003532359670631853,7.733130929780752e-05,8.651544444145034e-05,0.004592067571821409,-0.00020347516013055636,0.0042247456579515945,0.10926352330805225,1.19601231241435,True,True,False,True,2023
BNBUSDT,LONG,1d,2023-04-17 00:00:00+00:00,347.86,330.438,365.28200000000004,382.704,417.548,2160,2023-04-19 08:00:00+00:00,2.3333333333333335,STOP,0.07103587526683937,0.003557715802043573,0.00014207175053367873,0.0001349563189295916,-0.003557715802043573,-7.538735924532293e-05,-0.003910131230752166,-0.055044457692175086,-1.0990566555389736,False,False,False,True,2023
BTCUSDT,LONG,1d,2023-03-18 00:00:00+00:00,27383.9,25017.11,29750.690000000002,32117.480000000003,36851.060000000005,2160,2023-04-21 19:00:00+00:00,34.791666666666664,TP1+STOP,0.04086960988706881,0.0035323596706318535,8.173921977413762e-05,8.315216364239035e-05,0.0007064719341263707,-0.0002038833784934505,0.0003376971722163922,0.008262794118894684,0.09560101566780327,True,False,False,True,2023
SOLUSDT,LONG,1d,2023-07-14 00:00:00+00:00,26.018,22.724400000000003,29.3116,32.605199999999996,39.1924,2160,2023-07-14 01:00:00+00:00,0.041666666666666664,TP1+TP2+STOP,0.027903853246741796,0.0035323288128783427,5.580770649348359e-05,6.49917614069673e-05,0.004592027456741846,-2.79038532467418e-06,0.004468437603516721,0.1601369375048043,1.2650117925674036,True,True,False,True,2023
ETHUSDT,LONG,1d,2023-07-14 00:00:00+00:00,2004.77,1879.886,2129.654,2254.538,2504.306,2160,2023-07-17 18:00:00+00:00,3.75,STOP,0.0567046766134502,0.003532328812878343,0.0001134093532269004,0.00010634469560114373,-0.003532328812878343,-3.890603728388775e-05,-0.0037909888989902754,-0.0668549602148875,-1.073226502914705,False,False,False,True,2023
BTCUSDT,LONG,1d,2023-06-22 00:00:00+00:00,29988.5,27880.309999999998,32096.690000000002,34204.880000000005,38421.26,2160,2023-07-25 00:00:00+00:00,33.0,SIGNAL_INVALID,0.05014347173940112,0.0035250834715403628,0.00010028694347880224,9.752899819020934e-05,-0.0013789726442964517,-0.0003474415403827594,-0.0019242301263482225,-0.03837448943201563,-0.5458679608251625,False,False,False,True,2023
ETHUSDT,SHORT,1d,2023-08-18 00:00:00+00:00,1681.0,1774.206,1587.794,1494.588,1308.176,2160,2023-08-23 16:00:00+00:00,5.666666666666667,TP1+STOP,0.06349730572242197,0.0035207197365639837,0.00012699461144484396,0.00012558632355021837,0.0007041439473127968,-4.086936304265957e-05,0.000410693649275075,0.006467890953836993,0.11665048058494085,True,False,False,True,2023
BNBUSDT,SHORT,1d,2023-08-18 00:00:00+00:00,217.88,230.034,205.726,193.57199999999997,169.26399999999998,2160,2023-08-23 16:00:00+00:00,5.666666666666667,TP1+STOP,0.06311456443990135,0.0035207197365639837,0.0001262291288798027,0.0001248208409851771,0.0007041439473127967,-0.00026647616514570454,0.00018661781230211243,0.002956810586561407,0.05300558586473585,True,False,False,True,2023
BTCUSDT,SHORT,1d,2023-08-18 00:00:00+00:00,26609.7,28028.33,25191.07,23772.44,20935.18,2160,2023-08-29 16:00:00+00:00,11.666666666666666,STOP,0.0660392744930296,0.003520719736563984,0.00013207854898605919,0.00013911998845918716,-0.003520719736563984,2.0693232573356078e-05,-0.0037712250414358743,-0.05710579152158803,-1.0711517313548986,False,False,False,True,2023
SOLUSDT,SHORT,1d,2023-09-11 00:00:00+00:00,18.22,20.420799999999996,16.0192,13.8184,9.416800000000004,2160,2023-09-19 09:00:00+00:00,8.375,STOP,0.029055394916034302,0.00350961103903448,5.811078983206861e-05,6.513001191013757e-05,-0.00350961103903448,-9.921655303967105e-05,-0.003732068393816357,-0.1284466586877057,-1.0633851877908034,False,False,False,True,2023
SOLUSDT,LONG,1d,2023-10-21 00:00:00+00:00,27.01,23.961100000000002,30.0589,33.107800000000005,39.205600000000004,2160,2023-11-01 07:00:00+00:00,11.291666666666666,TP1+TP2+TP3,0.030975690602745885,0.0034965487996561242,6.195138120549176e-05,8.153205448356607e-05,0.009790336639037151,-4.3704379381891124e-05,0.009603148823966203,0.3100221056286932,2.746464978527011,True,True,True,True,2023
BTCUSDT,LONG,1d,2023-10-24 00:00:00+00:00,33074.0,30819.09,35328.91,37583.82,42093.64,2160,2023-11-09 16:00:00+00:00,16.666666666666668,TP1+TP2+STOP,0.05154850498260118,0.0035144596773996864,0.00010309700996520236,0.00011223460512644156,0.004568797580619596,-0.00025026536720003265,0.00410320059832792,0.07959882832126451,1.1675196118237545,True,True,False,True,2023
SOLUSDT,LONG,1d,2023-11-02 00:00:00+00:00,41.203,35.735400000000006,46.6706,52.1382,63.0734,2160,2023-11-09 16:00:00+00:00,7.666666666666667,TP1+STOP,0.02669191759236792,0.0035419927827592835,5.3383835184735844e-05,5.480063229783955e-05,0.0007083985565518566,-7.470797697124274e-05,0.0005255061120980384,0.019687836599956293,0.14836453497476035,True,False,False,True,2023
SOLUSDT,LONG,1d,2023-11-11 00:00:00+00:00,56.679,48.451100000000004,64.9069,73.1348,89.5906,2160,2023-11-16 23:00:00+00:00,5.958333333333333,TP1+STOP,0.024586615928733686,0.0035691564283072716,4.9173231857467374e-05,5.060089442879028e-05,0.0007138312856614538,-0.00010706530213790591,0.0005069918572372902,0.020620644122267478,0.14204809103246255,True,False,False,True,2023
BNBUSDT,LONG,1d,2023-11-06 00:00:00+00:00,244.0,228.819,259.181,274.362,304.724,2160,2023-11-21 17:00:00+00:00,15.708333333333334,TP1+STOP,0.05689152769827975,0.0035396323032278096,0.00011378305539655951,0.00011519890831785063,0.0007079264606455605,-0.00043032303798800796,4.8621458943142435e-05,0.000854634440491789,0.013736302185626532,True,False,False,True,2023
SOLUSDT,LONG,1d,2023-12-09 00:00:00+00:00,74.979,65.3012,84.6568,94.3346,113.6902,2160,2023-12-11 02:00:00+00:00,2.0833333333333335,STOP,0.027907366428787446,0.003602100732532033,5.5814732857574896e-05,4.861053139251083e-05,-0.003602100732532033,-5.336356575721151e-05,-0.00375988956253933,-0.1347274946969152,-1.0438046689206224,False,False,False,True,2023
ETHUSDT,LONG,1d,2023-11-06 00:00:00+00:00,1892.49,1760.994,2023.986,2155.482,2418.474,2160,2023-12-28 00:00:00+00:00,52.0,TP1+TP2+TP3,0.05094237647940312,0.0035396323032278096,0.00010188475295880624,0.00012170669385688195,0.009910970449037862,-0.000877276944557414,0.008810102057664759,0.1729425022255653,2.4889879238673407,True,True,True,True,2023
BTCUSDT,LONG,1d,2023-11-10 00:00:00+00:00,36719.6,33830.34,39608.86,42498.119999999995,48276.64,2160,2023-12-31 23:00:00+00:00,51.958333333333336,TP1+TP2+END_OF_FOLD,0.045383555529865546,0.0035709782146379435,9.07671110597311e-05,0.00010339506968936297,0.00631397931481594,-0.0008082273165566029,0.005311589817510243,0.11703776302883202,1.4874327140214092,True,True,False,True,2023
SOLUSDT,LONG,1d,2023-12-21 00:00:00+00:00,82.243,69.0436,95.44239999999999,108.6418,135.0406,2160,2023-12-31 23:00:00+00:00,10.958333333333334,TP1+TP2+END_OF_FOLD,0.022303363007447032,0.0035795266427598254,4.4606726014894063e-05,5.563163770147252e-05,0.00551245584328923,-0.00016882176783217985,0.005243395711740683,0.23509439854383968,1.4648293573526834,True,True,False,True,2023
BNBUSDT,LONG,1d,2023-12-27 00:00:00+00:00,297.5,273.891,321.109,344.71799999999996,391.9359999999999,2160,2023-12-31 23:00:00+00:00,4.958333333333333,TP1+END_OF_FOLD,0.04538028020378794,0.0036012875137184154,9.076056040757589e-05,9.557645302768314e-05,0.00240794631005363,0.00039623568975622896,0.0026178449863746003,0.057686840509109195,0.7269191855419543,True,False,False,True,2023
BTCUSDT,LONG,1d,2024-01-03 00:00:00+00:00,44979.7,41943.399999999994,48016.0,51052.299999999996,57124.899999999994,2160,2024-01-03 12:00:00+00:00,0.5,STOP,0.051848944438955255,0.0035,0.0001036978888779105,9.669788887791051e-05,-0.0035,-1.9858839815894326e-05,-0.003720254617571715,-0.07175179085760916,-1.0629298907347757,False,False,False,True,2024
BTCUSDT,LONG,1d,2024-01-09 00:00:00+00:00,46972.6,43383.38,50561.82,54151.04,61329.479999999996,2160,2024-01-12 16:00:00+00:00,3.6666666666666665,STOP,0.045634559845266445,0.003486979108838499,9.12691196905329e-05,8.429516147285588e-05,-0.003486979108838499,-5.387438196630807e-05,-0.0037164177719681956,-0.08143866807457967,-1.0657986916377373,False,False,False,True,2024
ETHUSDT,LONG,1d,2024-01-11 00:00:00+00:00,2585.81,2343.572,2828.048,3070.286,3554.762,2160,2024-01-22 19:00:00+00:00,11.791666666666666,STOP,0.03720668399309198,0.0034855123605828,7.441336798618396e-05,6.744234326501837e-05,-0.0034855123605828,-0.00013072238291708077,-0.0037580904547510827,-0.1010057885150107,-1.0782031638306129,False,False,False,True,2024
BTCUSDT,LONG,1d,2024-02-13 00:00:00+00:00,49943.6,47177.22,52709.979999999996,55476.35999999999,61009.119999999995,2160,2024-02-28 13:00:00+00:00,15.541666666666666,TP1+TP2+TP3,0.06248083283874038,0.00346081833004498,0.00012496166567748076,0.00014434224832573267,0.009690291324125948,-0.00036543798681819745,0.009055549423304539,0.14493323811282122,2.6165919617013946,True,True,True,True,2024
ETHUSDT,LONG,1d,2024-02-15 00:00:00+00:00,2776.14,2609.944,2942.336,3108.532,3440.924,2160,2024-02-28 17:00:00+00:00,13.708333333333334,TP1+TP2+TP3,0.05793743302664623,0.0034684740752615115,0.00011587486605329246,0.00013529832087475695,0.009711727410732238,-0.0003328715127275873,0.009127682711076602,0.1575437887777778,2.631613358790466,True,True,True,True,2024
BNBUSDT,LONG,1d,2024-02-16 00:00:00+00:00,353.9,335.614,372.186,390.472,427.04400000000004,2160,2024-03-05 04:00:00+00:00,18.166666666666668,TP1+TP2+TP3,0.06720366582391231,0.003472410944492966,0.00013440733164782462,0.00015385283293698523,0.00972275064458031,0.00023244159944660757,0.009666932079442107,0.1438453090456627,2.783925126941924,True,True,True,True,2024
BTCUSDT,LONG,1d,2024-02-29 00:00:00+00:00,62487.9,58233.02,66742.78,70997.66,79507.42000000001,2160,2024-03-05 19:00:00+00:00,5.791666666666667,TP1+STOP,0.05221689255547344,0.003555514136279713,0.00010443378511094688,0.00010585599076545875,0.0007111028272559413,-0.0005237478374788396,-2.293478609930396e-05,-0.0004392215809268778,-0.006450483733219413,True,False,False,True,2024
ETHUSDT,LONG,1d,2024-02-29 00:00:00+00:00,3387.07,3117.469,3656.6710000000003,3926.272,4465.474,2160,2024-03-05 19:00:00+00:00,5.791666666666667,TP1+STOP,0.04466888203518875,0.003555514136279713,8.93377640703775e-05,9.075996972488938e-05,0.0007111028272559427,-0.00043234917590091184,9.865591755976399e-05,0.002208605030276915,0.027747300046735833,True,False,False,True,2024
SOLUSDT,LONG,1d,2024-02-29 00:00:00+00:00,119.421,105.6677,133.17430000000002,146.9276,174.43420000000003,2160,2024-03-05 19:00:00+00:00,5.791666666666667,TP1+STOP,0.03087281260996701,0.003555514136279713,6.174562521993402e-05,6.316783087444592e-05,0.0007111028272559426,-0.00038258927836304726,0.0002036000927985154,0.006594802209008483,0.05726319316833062,True,False,False,True,2024
BNBUSDT,LONG,1d,2024-03-07 00:00:00+00:00,429.64,387.37699999999995,471.903,514.166,598.692,2160,2024-03-13 11:00:00+00:00,6.458333333333333,TP1+TP2+TP3,0.03618307786369133,0.0035592715290782696,7.236615572738265e-05,9.229807629022096e-05,0.009965960281419151,-3.8224901744342986e-05,0.009763071147657204,0.26982423066485905,2.7429970059591122,True,True,True,True,2024
BNBUSDT,LONG,1d,2024-03-14 00:00:00+00:00,631.01,568.046,693.9739999999999,756.938,882.866,2160,2024-03-14 19:00:00+00:00,0.7916666666666666,STOP,0.036108520644990205,0.0036030124623875393,7.221704128998042e-05,6.501101636520532e-05,-0.0036030124623875393,-4.863069977041645e-05,-0.0037888712198131417,-0.10493011489073065,-1.051584267155835,False,False,False,True,2024
ETHUSDT,LONG,1d,2024-03-12 00:00:00+00:00,4070.52,3660.652,4480.388,4890.256,5709.992,2160,2024-03-15 03:00:00+00:00,3.125,STOP,0.03560278633239103,0.003584908765583867,7.120557266478206e-05,6.403575513361431e-05,-0.003584908765583867,-0.00016471525713711887,-0.003884865350519382,-0.10911689085932506,-1.0836720275325227,False,False,False,True,2024
SOLUSDT,LONG,1d,2024-03-08 00:00:00+00:00,143.999,122.88419999999999,165.1138,186.22860000000003,228.45820000000003,2160,2024-03-15 09:00:00+00:00,7.375,TP1+TP2+STOP,0.02436050608414355,0.003572019346422366,4.87210121682871e-05,5.8008262468985264e-05,0.004643625150349078,-0.00031151106500628523,0.0042253848107055205,0.17345225900113206,1.182912073233183,True,True,False,True,2024
BTCUSDT,LONG,1d,2024-03-12 00:00:00+00:00,72153.9,65549.79,78758.01,85362.12,98570.34,2160,2024-03-16 23:00:00+00:00,4.958333333333333,STOP,0.039167298633890374,0.003584908765583867,7.833459726778075e-05,7.116477973661302e-05,-0.003584908765583867,-0.00019617872266803948,-0.0039305868652563004,-0.1003537900838347,-1.096425912701333,False,False,False,True,2024
SOLUSDT,LONG,1d,2024-03-16 00:00:00+00:00,184.156,156.5952,211.7168,239.2776,294.3992,2160,2024-04-12 18:00:00+00:00,27.75,STOP,0.023891075054101027,0.00357553998431258,4.778215010820206e-05,4.063107013957689e-05,-0.00357553998431258,-0.00047895148363885436,-0.004142904688199214,-0.17340804793495732,-1.15867944600701,False,False,False,True,2024
BNBUSDT,LONG,1d,2024-06-05 00:00:00+00:00,686.15,645.0450000000001,727.2549999999999,768.3599999999999,850.5699999999998,2160,2024-06-10 07:00:00+00:00,5.291666666666667,STOP,0.05930671413020865,0.003552871069477842,0.0001186134282604173,0.00011150768612146164,-0.003552871069477842,-6.150677032834612e-05,-0.0038444989541880667,-0.06482400872433128,-1.0820823156842234,False,False,False,True,2024
ETHUSDT,LONG,1d,2024-05-22 00:00:00+00:00,3792.33,3488.703,4095.957,4399.584,5006.838,2160,2024-06-11 15:00:00+00:00,20.625,STOP,0.044378753346402094,0.0035531158264992834,8.875750669280419e-05,8.165127503980562e-05,-0.0035531158264992834,-0.00033383136925607253,-0.004057355977487966,-0.09142564113547608,-1.1419149207656105,False,False,False,True,2024
BNBUSDT,SHORT,1d,2024-07-05 00:00:00+00:00,513.21,550.916,475.5040000000001,437.79800000000006,362.3860000000001,2160,2024-07-06 11:00:00+00:00,1.4583333333333333,TP1+STOP,0.0479844317860419,0.003525459334238414,9.59688635720838e-05,9.455867983838842e-05,0.0007050918668476818,0.0,0.0005145643234372095,0.010723568130005244,0.1459566753301859,True,False,False,True,2024
BTCUSDT,SHORT,1d,2024-07-05 00:00:00+00:00,57045.9,60953.85,53137.950000000004,49230.00000000001,41414.100000000006,2160,2024-07-14 21:00:00+00:00,9.875,STOP,0.05146253166878576,0.0035254593342384146,0.00010292506333757152,0.00010997598200604835,-0.0035254593342384146,0.00011790702977998704,-0.0036204533498020476,-0.0703512484209557,-1.0269451457406058,False,False,False,True,2024
SOLUSDT,LONG,1d,2024-07-22 00:00:00+00:00,184.473,162.6594,206.28660000000002,228.10020000000003,271.7274,2160,2024-08-01 15:00:00+00:00,10.625,STOP,0.029722133230310484,0.0035145887226461373,5.944426646062097e-05,5.241508901532869e-05,-0.0035145887226461373,-7.449627833711615e-05,-0.003700944356459203,-0.1245181268713579,-1.0530234540992776,False,False,False,True,2024
ETHUSDT,SHORT,1d,2024-08-05 00:00:00+00:00,2687.6,3006.5629999999996,2368.637,2049.674,1411.7480000000005,2160,2024-08-08 22:00:00+00:00,3.9166666666666665,TP1+STOP,0.02950497502155517,0.0035016354173985323,5.900995004311034e-05,5.760929587615094e-05,0.0007003270834797065,-8.81753012761386e-06,0.0005748903074328314,0.01948452106849232,0.16417765955198563,True,False,False,True,2024
SOLUSDT,LONG,1d,2024-10-21 00:00:00+00:00,167.42,152.176,182.664,197.908,228.39599999999996,2160,2024-11-01 01:00:00+00:00,11.041666666666666,TP1+STOP,0.038534934184985686,0.003508699896762166,7.706986836997138e-05,7.847334832867622e-05,0.0007017399793524333,-0.00011085679574357713,0.00043533996691020856,0.011297280665392428,0.12407443774599845,True,False,False,True,2024
BTCUSDT,LONG,1d,2024-10-16 00:00:00+00:00,67044.0,62814.98,71273.02,75502.04,83960.07999999999,2160,2024-11-04 21:00:00+00:00,19.875,TP1+STOP,0.055544439429056285,0.0035036475334745457,0.00011108887885811258,0.0001124903378715024,0.0007007295066949104,-0.0003104040442869388,0.00016674624567835662,0.003002033099844891,0.04759218616748112,True,False,False,True,2024
BNBUSDT,LONG,1d,2024-11-10 00:00:00+00:00,625.07,583.575,666.565,708.0600000000001,791.0500000000002,2160,2024-11-12 10:00:00+00:00,2.4166666666666665,TP1+STOP,0.05312776311906014,0.003526863440295328,0.00010625552623812028,0.00010766627161423841,0.0007053726880590656,-0.00012013835506887905,0.0003713125351378279,0.006989048914137618,0.10528123399831307,True,False,False,True,2024
ETHUSDT,LONG,1d,2024-11-08 00:00:00+00:00,2895.76,2647.5110000000004,3144.009,3392.2580000000003,3888.756,2160,2024-11-13 05:00:00+00:00,5.208333333333333,TP1+TP2+STOP,0.040962908826270315,0.0035116864495720536,8.192581765254063e-05,9.105620242142797e-05,0.004565192384443671,-9.972063308519035e-05,0.004292489731284513,0.10478967080901382,1.22234424767838,True,True,False,True,2024
BTCUSDT,LONG,1d,2024-11-07 00:00:00+00:00,75579.9,70791.34,80368.45999999999,85157.01999999999,94734.14,2160,2024-11-20 14:00:00+00:00,13.583333333333334,TP1+TP2+TP3,0.05533283489615645,0.003505754835218607,0.0001106656697923129,0.0001302978968695371,0.009816113538612104,-0.0002589395753617462,0.009316210396588509,0.16836676476223045,2.6574049910730797,True,True,True,True,2024
BTCUSDT,LONG,1d,2024-11-21 00:00:00+00:00,94288.0,86743.4,101832.6,109377.2,124466.4,2160,2024-12-05 22:00:00+00:00,14.916666666666666,TP1+STOP,0.04471637521168942,0.0035780498517532693,8.943275042337884e-05,9.086397036408016e-05,0.0007156099703506539,-0.0003718819918875612,0.00016343125767563367,0.0036548413618488177,0.04567607061023792,True,False,False,True,2024
SOLUSDT,LONG,1d,2024-11-07 00:00:00+00:00,186.6,166.1597,207.0403,227.48059999999998,268.3612,2160,2024-12-09 21:00:00+00:00,32.875,TP1+TP2+STOP,0.0320041218696297,0.0035057548352186076,6.40082437392594e-05,7.312320631082777e-05,0.004557481285784188,-0.00047014815900986353,0.003950201676724238,0.12342790384362273,1.1267763612676913,True,True,False,True,2024
ETHUSDT,LONG,1d,2024-11-28 00:00:00+00:00,3655.89,3254.577,4057.2029999999995,4458.516,5261.142,2160,2024-12-09 21:00:00+00:00,11.875,TP1+STOP,0.03262785036072536,0.003581612278217825,6.525570072145072e-05,6.668834563273785e-05,0.000716322455643565,-0.00024116722016464856,0.00034321118912472787,0.01051896417723726,0.09582589137635701,True,False,False,True,2024
BNBUSDT,LONG,1d,2024-12-04 00:00:00+00:00,735.66,660.8389999999999,810.481,885.3020000000001,1034.9440000000002,2160,2024-12-09 21:00:00+00:00,5.875,STOP,0.035167344330305474,0.0035767282034333617,7.033468866061095e-05,6.318123225374422e-05,-0.0035767282034333617,-0.00016967810785992066,-0.0038799222322076373,-0.11032741613258845,-1.084768540277462,False,False,False,True,2024
BTCUSDT,LONG,1d,2024-12-17 00:00:00+00:00,106023.2,97630.70999999999,114415.69,122808.18,139593.16,2160,2024-12-19 17:00:00+00:00,2.7083333333333335,STOP,0.04493221329880534,0.0035567041061587566,8.986442659761068e-05,8.275101838529317e-05,-0.0035567041061587566,-3.835124636872324e-05,-0.003767670797510384,-0.08385233045287264,-1.059315221355164,False,False,False,True,2024
SOLUSDT,LONG,1d,2025-01-19 00:00:00+00:00,261.91,232.39900000000003,291.42100000000005,320.932,379.954,2160,2025-01-19 21:00:00+00:00,0.875,TP1+STOP,0.031062485175019493,0.0035,6.212497035003898e-05,6.352497035003899e-05,0.0007000000000000008,-7.53789390938972e-06,0.0005668121653905331,0.01824748284616855,0.16194633296872374,True,False,False,True,2025
SOLUSDT,SHORT,1d,2025-04-07 00:00:00+00:00,105.84,123.57,88.11000000000001,70.38000000000001,34.920000000000016,2160,2025-04-12 04:00:00+00:00,5.166666666666667,STOP,0.02095456440654631,0.003510245908239473,4.190912881309262e-05,4.8929620629571564e-05,-0.003510245908239473,-1.878228109652032e-06,-0.0036029628857917897,-0.17194167418083892,-1.026413242825719,False,False,False,True,2025
ETHUSDT,SHORT,1d,2025-03-11 00:00:00+00:00,1864.52,2286.333,1442.707,1020.8940000000001,177.26800000000026,2160,2025-05-01 15:00:00+00:00,51.625,TP1+STOP,0.015479653102595576,0.003501983842578867,3.095930620519115e-05,2.955851266815961e-05,0.0007003967685157731,4.3831477628897324e-05,0.0006837104272713196,0.04416833004847359,0.1952351746911071,True,False,False,True,2025
SOLUSDT,LONG,1d,2025-05-09 00:00:00+00:00,164.41,149.71699999999998,179.103,193.796,223.18200000000002,2160,2025-05-17 01:00:00+00:00,8.041666666666666,TP1+STOP,0.03923886274049913,0.003506700384685568,7.847772548099826e-05,7.988040563487248e-05,0.0007013400769371136,-5.674820780617423e-05,0.0004862337380150687,0.012391636863451147,0.13865847796365624,True,False,False,True,2025
BNBUSDT,LONG,1d,2025-05-10 00:00:00+00:00,666.72,635.5110000000001,697.929,729.138,791.5559999999999,2160,2025-05-17 01:00:00+00:00,7.041666666666667,STOP,0.07523801292010175,0.003521872967997737,0.0001504760258402035,0.00014343227990420805,-0.003521872967997737,-1.0914622691242842e-05,-0.0038266958964333912,-0.05086120363780889,-1.0865513694575284,False,False,False,True,2025
ETHUSDT,LONG,1d,2025-05-09 00:00:00+00:00,2206.53,2014.8410000000001,2398.219,2589.9080000000004,2973.286,2160,2025-05-18 20:00:00+00:00,9.833333333333334,TP1+TP2+STOP,0.04036559009552058,0.003506700384685568,8.073118019104116e-05,8.984860119122362e-05,0.0045587105000912355,-5.7333755332521574e-05,0.0043307969633764485,0.1072893262089842,1.235006270364548,True,True,False,True,2025
BTCUSDT,LONG,1d,2025-05-02 00:00:00+00:00,96423.2,91319.45,101526.95,106630.7,116838.20000000001,2160,2025-06-05 19:00:00+00:00,34.791666666666664,TP1+TP2+STOP,0.0659686104583778,0.003491766458974041,0.0001319372209167556,0.00014101581371008814,0.004539296396666254,-0.000211277302985016,0.004055066059054394,0.06146962973568914,1.161322243826657,True,True,False,True,2025
ETHUSDT,LONG,1d,2025-06-11 00:00:00+00:00,2815.74,2549.9049999999997,3081.575,3347.41,3879.08,2160,2025-06-13 00:00:00+00:00,2.0,STOP,0.037172040434075626,0.003509425361998088,7.434408086815125e-05,6.732523014415507e-05,-0.003509425361998088,-1.8441824420759465e-05,-0.0036695364974311537,-0.09871765054003567,-1.0456231772776345,False,False,False,True,2025
BTCUSDT,LONG,1d,2025-07-11 00:00:00+00:00,115979.2,110452.88,121505.51999999999,127031.84,138084.47999999998,2160,2025-07-15 14:00:00+00:00,4.583333333333333,TP1+STOP,0.07338170451015306,0.0034965819842570785,0.00014676340902030613,0.00014816204181400898,0.0006993163968514157,-9.717323811862776e-05,0.00030721770789847284,0.0041865708891508,0.08786229217037725,True,False,False,True,2025
BNBUSDT,LONG,1d,2025-07-17 00:00:00+00:00,709.13,682.205,736.055,762.98,816.83,2160,2025-07-18 15:00:00+00:00,1.625,TP1+TP2+STOP,0.09256766567518925,0.0035147073150261113,0.00018513533135037849,0.0001942735703694464,0.00456911950953395,-1.985045644617821e-05,0.004169860151367947,0.0450466166663376,1.1864032414707535,True,True,False,True,2025
BNBUSDT,LONG,1d,2025-07-19 00:00:00+00:00,730.39,698.084,762.696,795.002,859.614,2160,2025-07-23 17:00:00+00:00,4.708333333333333,TP1+TP2+STOP,0.0799159626036685,0.003534776061931458,0.000159831925207337,0.0001690223429683588,0.0045952088805108916,-4.834022255636487e-05,0.004218014389778831,0.052780624200167055,1.1932904138413907,True,True,False,True,2025
SOLUSDT,LONG,1d,2025-07-22 00:00:00+00:00,195.75,178.9676,212.5324,229.3148,262.8796,2160,2025-07-25 02:00:00+00:00,3.0833333333333335,STOP,0.04143467434300309,0.00355235391414567,8.286934868600618e-05,7.576464085771484e-05,-0.00355235391414567,-4.103376873275713e-05,-0.003752021672422148,-0.09055270089399742,-1.0562071694155781,False,False,False,True,2025
BNBUSDT,LONG,1d,2025-07-28 00:00:00+00:00,844.71,787.6600000000001,901.76,958.8100000000001,1072.91,2160,2025-07-30 11:00:00+00:00,2.4583333333333335,STOP,0.05246678990641767,0.0035435005672492634,0.00010493357981283534,9.784657867833681e-05,-0.0035435005672492634,-3.22667509270478e-05,-0.003778547476667484,-0.07201788947650668,-1.0663318390832606,False,False,False,True,2025
ETHUSDT,LONG,1d,2025-07-11 00:00:00+00:00,2950.61,2678.699,3222.521,3494.4320000000002,4038.254,2160,2025-08-08 18:00:00+00:00,28.75,TP1+TP2+TP3,0.03794274512089903,0.003496581984257078,7.588549024179805e-05,9.546634935363769e-05,0.009790429555919817,-0.00018050651518475763,0.009438571201139624,0.24875825855680692,2.699370769407269,True,True,True,True,2025
BTCUSDT,LONG,1d,2025-08-14 00:00:00+00:00,123323.9,117918.79999999999,128729.0,134134.1,144944.3,2160,2025-08-14 12:00:00+00:00,0.5,STOP,0.08109809730694567,0.0035544069377774507,0.00016219619461389136,0.00015508738073833644,-0.0035544069377774507,-1.611561305979085e-05,-0.0038878061261894696,-0.04793954797083134,-1.0937988233335183,False,False,False,True,2025
ETHUSDT,LONG,1d,2025-08-09 00:00:00+00:00,4009.04,3618.544,4399.536,4790.031999999999,5571.023999999999,2160,2025-08-15 15:00:00+00:00,6.625,TP1+TP2+STOP,0.03627877325320873,0.0035336928143109075,7.255754650641746e-05,8.174514782362581e-05,0.004593800658604177,-6.394549462177072e-05,0.004375552469652363,0.12060916280473624,1.2382379283032339,True,True,False,True,2025
BNBUSDT,LONG,1d,2025-08-23 00:00:00+00:00,901.01,833.889,968.131,1035.252,1169.4940000000001,2160,2025-08-25 21:00:00+00:00,2.875,STOP,0.04745803381635411,0.003535399926513028,9.491606763270823e-05,8.784526777968217e-05,-0.003535399926513028,-4.320254278900284e-05,-0.003761363804714421,-0.0792566295365201,-1.0639146582842924,False,False,False,True,2025
ETHUSDT,LONG,1d,2025-08-23 00:00:00+00:00,4830.36,4313.077,5347.642999999999,5864.9259999999995,6899.491999999998,2160,2025-08-26 01:00:00+00:00,3.0416666666666665,STOP,0.03301336867639472,0.0035353999265130285,6.602673735278944e-05,5.895593749976338e-05,-0.0035353999265130285,-2.293101120347449e-05,-0.003683313612569056,-0.11157036558958328,-1.0418378936274728,False,False,False,True,2025
SOLUSDT,LONG,1d,2025-08-29 00:00:00+00:00,214.3,185.899,242.70100000000002,271.10200000000003,327.904,2160,2025-09-22 06:00:00+00:00,24.25,TP1+STOP,0.026479783245481076,0.0035093435555525352,5.295956649096215e-05,5.4363303913183174e-05,0.0007018687111105071,-8.439355361989452e-05,0.0005101522870864673,0.019265727455436314,0.14536971915425514,True,False,False,True,2025
BNBUSDT,LONG,1d,2025-09-13 00:00:00+00:00,925.5,880.126,970.874,1016.248,1106.996,2160,2025-09-23 02:00:00+00:00,10.083333333333334,TP1+TP2+STOP,0.07181748098918499,0.003520957733552978,0.00014363496197836997,0.0001527894520856077,0.004577245053618871,-9.145565184831823e-05,0.004189364987706575,0.058333499448935726,1.1898367730416095,True,True,False,True,2025
BNBUSDT,LONG,1d,2025-10-03 00:00:00+00:00,1090.91,1002.0900000000001,1179.73,1268.5500000000002,1446.19,2160,2025-10-10 21:00:00+00:00,7.875,TP1+TP2+STOP,0.043304679177591524,0.0035257918660143144,8.660935835518305e-05,9.577641720682025e-05,0.0045835294258186115,-2.850205252327146e-05,0.004372641597733337,0.10097388274835685,1.2401871023306694,True,True,False,True,2025
BTCUSDT,SHORT,1d,2025-11-05 00:00:00+00:00,101450.2,109114.47,93785.93,86121.65999999999,70793.12,2160,2025-12-03 06:00:00+00:00,28.25,TP1+TP2+STOP,0.0468726843837299,0.003541096111606382,9.37453687674598e-05,8.45385188772832e-05,0.004603424945088297,0.00013989353148881708,0.004565034588932371,0.09739221572120908,1.2891586235035821,True,True,False,True,2025
ETHUSDT,SHORT,1d,2025-11-05 00:00:00+00:00,3285.28,3710.509,2860.0510000000004,2434.822,1584.3640000000003,2160,2025-12-09 16:00:00+00:00,34.666666666666664,TP1+STOP,0.027358181670436913,0.0035410961116063813,5.471636334087383e-05,5.329992489623128e-05,0.0007082192223212762,0.00011297092661877525,0.0007131738607029465,0.026068028544221487,0.20139918212483157,True,False,False,True,2025
SOLUSDT,SHORT,1d,2025-11-15 00:00:00+00:00,138.84,164.1839,113.4961,88.1522,37.4644,2160,2025-12-31 23:00:00+00:00,46.958333333333336,END_OF_FOLD,0.01948721335391709,0.00355720243820469,3.8974426707834184e-05,3.497424246275613e-05,0.0020000921225390273,5.993617304415077e-05,0.0019860796264125876,0.10191706686545664,0.5583262861516974,False,False,False,True,2025
SOLUSDT,SHORT,1d,2026-02-01 00:00:00+00:00,105.44,119.845,91.035,76.63,47.81999999999999,2160,2026-02-15 08:00:00+00:00,14.333333333333334,TP1+TP2+STOP,0.02570034095684842,0.0035111287128547185,5.140068191369684e-05,4.227174726027457e-05,0.004564467326711134,-0.00011462980113230424,0.0043561650964048584,0.16949833870760625,1.2406737128309615,True,True,False,True,2026
BTCUSDT,SHORT,1d,2026-02-01 00:00:00+00:00,78706.7,84876.63,72536.76999999999,66366.84,54026.97999999999,2160,2026-03-04 14:00:00+00:00,31.583333333333332,TP1+TP2+STOP,0.04478970657107004,0.003511128712854719,8.957941314214008e-05,8.045047848871781e-05,0.004564467326711132,-1.0874010958815342e-05,0.004383563424121459,0.09786988483985362,1.248476994897008,True,True,False,True,2026
BNBUSDT,SHORT,1d,2026-02-01 00:00:00+00:00,781.33,845.022,717.638,653.9460000000001,526.5620000000001,2160,2026-03-05 00:00:00+00:00,32.0,TP1+TP2+SIGNAL_INVALID,0.043072131464152126,0.003511128712854719,8.614426292830426e-05,7.37326445376297e-05,0.006205809195337277,-8.90468426715227e-07,0.006045041819444629,0.14034693928429728,1.7216804947403124,True,True,False,True,2026
ETHUSDT,SHORT,1d,2026-01-31 00:00:00+00:00,2705.66,2984.398,2426.9219999999996,2148.1839999999997,1590.7079999999996,2160,2026-03-17 00:00:00+00:00,45.0,TP1+TP2+SIGNAL_INVALID,0.033973875108524815,0.0035,6.794775021704963e-05,5.790271581198108e-05,0.005022517202534276,-5.493394411307385e-05,0.004841732792392171,0.14251340999299988,1.383352226397763,True,True,False,True,2026
ETHUSDT,SHORT,1d,2026-06-03 00:00:00+00:00,1858.96,2014.9669999999999,1702.9530000000002,1546.9460000000004,1234.9320000000005,2160,2026-06-07 22:00:00+00:00,4.916666666666667,TP1+TP2+STOP,0.042524098886077534,0.0035686927609632755,8.504819777215507e-05,7.576959659365057e-05,0.004639300589252259,7.97274044223003e-06,0.004486455535328684,0.1055038355391831,1.2571705764095202,True,True,False,True,2026
SOLUSDT,SHORT,1d,2026-06-03 00:00:00+00:00,74.18,81.18,67.18,60.180000000000014,46.18000000000002,2160,2026-06-07 22:00:00+00:00,4.916666666666667,TP1+TP2+STOP,0.0378179470011794,0.003568692760963275,7.56358940023588e-05,6.635729282385429e-05,0.004639300589252257,-5.2956144696247076e-05,0.004444351257729798,0.11751963314114314,1.2453723409157142,True,True,False,True,2026
BTCUSDT,SHORT,1d,2026-06-03 00:00:00+00:00,66730.1,70991.18000000001,62469.020000000004,58207.94,49685.77999999999,2160,2026-06-15 13:00:00+00:00,12.541666666666666,TP1+STOP,0.05588705793093661,0.003568692760963275,0.00011177411586187323,0.00011034663875748792,0.000713738552192655,1.954660680829115e-05,0.000511164404381585,0.009146382423874687,0.14323575567306882,True,False,False,True,2026
BNBUSDT,SHORT,1d,2026-06-06 00:00:00+00:00,572.45,630.888,514.0120000000001,455.574,338.698,2160,2026-06-15 13:00:00+00:00,9.541666666666666,STOP,0.035480728712719733,0.0036220155900321687,7.096145742543947e-05,7.820548860550381e-05,-0.0036220155900321687,1.1620296491548561e-05,-0.0037595622395715633,-0.10596068276984885,-1.0379751677264792,False,False,False,True,2026
SOLUSDT,LONG,1d,2026-08-20 00:00:00+00:00,85.37,80.48500000000001,90.255,95.14,104.91,2160,2026-08-22 05:00:00+00:00,2.2083333333333335,TP1+TP2+STOP,0.06271385391770766,0.0035885811923158173,0.0001254277078354153,0.00013475801893543643,0.0046651555500105656,-4.164664175123208e-05,0.004363323181488482,0.06957510835187997,1.2158908904810652,True,True,False,True,2026
ETHUSDT,LONG,1d,2026-08-20 00:00:00+00:00,2252.17,2125.363,2378.9770000000003,2505.784,2759.398,2160,2026-08-23 04:00:00+00:00,3.1666666666666665,TP1+TP2+STOP,0.06373540028466804,0.0035885811923158178,0.00012747080056933608,0.0001368011116693572,0.004665155550010559,-4.9895864609024556e-05,0.004350987773162841,0.0682664226431398,1.2124534850930933,True,True,False,True,2026
BTCUSDT,LONG,1d,2026-08-20 00:00:00+00:00,69310.1,66423.0,72197.20000000001,75084.3,80858.5,2160,2026-08-25 02:00:00+00:00,5.083333333333333,TP1+TP2+TP3,0.08615043514167436,0.0035885811923158178,0.00017230087028334874,0.00019239692496031727,0.010048027338484266,-8.110808097016994e-05,0.00960222146227043,0.11145876914585028,2.6757709935145235,True,True,True,True,2026
BNBUSDT,LONG,1d,2026-08-20 00:00:00+00:00,627.96,602.2950000000001,653.625,679.2900000000001,730.6200000000001,2160,2026-08-31 23:00:00+00:00,11.958333333333334,TP1+TP2+END_OF_FOLD,0.08780383578907633,0.0035885811923158173,0.00017560767157815267,0.0001902575841378136,0.007324956279830465,-0.00012278787257813056,0.006836303151536368,0.07785882120182809,1.9050155995285423,True,True,False,True,2026
SOLUSDT,LONG,1d,2026-08-28 00:00:00+00:00,109.08,99.121,119.039,128.99800000000002,148.91600000000003,2160,2026-08-31 23:00:00+00:00,3.9583333333333335,END_OF_FOLD,0.04032831633053189,0.0036819738021247454,8.065663266106378e-05,7.6160920096164e-05,-0.0022478562824498885,1.2163284809028772e-05,-0.002392510550398088,-0.05932582284836817,-0.6497902155136055,False,False,False,True,2026
