symbol,side,timeframe,entry_time,entry,initial_stop,tp1,tp2,tp3,max_holding_hours,initial_notional,initial_risk_cash,exit_time,holding_days,exit_reason,entry_fee,exit_fees,net_pnl,net_return_on_notional,realized_r,tp1_hit,tp2_hit,tp3_hit,paper_only,test_year,selected_candidate
ETHUSDT,LONG,1d,2020-02-10 00:00:00+00:00,228.53,209.353,247.707,266.884,286.061,672,0.059584397976742996,0.005,2020-02-14 00:00:00+00:00,4.0,TP1+TP2+TP3,0.00011916879595348599,0.000141668795953486,0.010989162408093021,0.18443019953616574,2.197832481618604,True,True,True,True,2020,ALL
ETHUSDT,LONG,1d,2020-02-17 00:00:00+00:00,258.89,226.289,291.491,324.092,356.693,672,0.04014217113828275,0.005054945812040465,2020-02-26 00:00:00+00:00,9.0,STOP,8.028434227656551e-05,7.017445065248456e-05,-0.00520540460496952,-0.12967421684885486,-1.029764669795406,False,False,False,True,2020,ALL
BTCUSDT,LONG,1d,2020-06-01 00:00:00+00:00,9448.27,8516.87,10379.67,11311.07,12242.470000000001,672,0.05101415345361027,0.005028918789015617,2020-06-02 00:00:00+00:00,1.0,TP1+STOP,0.00010202830690722054,0.00010454276630172835,0.001050658624044956,0.020595433873079414,0.2089233626798369,True,False,False,True,2020,ALL
ETHUSDT,LONG,1d,2020-06-08 00:00:00+00:00,244.57,218.856,270.284,295.998,321.712,672,0.04788082235855809,0.0050341720821358415,2020-06-15 00:00:00+00:00,7.0,STOP,9.576164471711618e-05,8.569330055284449e-05,-0.005215627027405804,-0.10892935355930822,-1.0360446449404996,False,False,False,True,2020,ALL
BNBUSDT,LONG,1d,2020-06-08 00:00:00+00:00,17.4134,15.804559999999999,19.02224,20.63108,22.23992,672,0.05448773783288843,0.0050341720821358415,2020-06-15 00:00:00+00:00,7.0,STOP,0.00010897547566577687,9.890713150150518e-05,-0.005242054689303126,-0.09620613550484118,-1.0412942989980363,False,False,False,True,2020,ALL
ETHUSDT,LONG,1d,2020-06-22 00:00:00+00:00,228.03,207.335,248.725,269.41999999999996,290.115,672,0.05474876570464978,0.004968757208515226,2020-06-25 00:00:00+00:00,3.0,TP1+STOP,0.00010949753140929957,0.00011198191001355718,0.0010207098607059584,0.01864352278209023,0.2054255858903134,True,False,False,True,2020,ALL
BTCUSDT,LONG,1d,2020-06-08 00:00:00+00:00,9746.99,8842.294,10651.686,11556.382,12461.078000000001,672,0.05423703093951696,0.005034172082135842,2020-06-27 00:00:00+00:00,19.0,STOP,0.00010847406187903393,9.840571771476226e-05,-0.005241051861729636,-0.09663235193634132,-1.0410950949269142,False,False,False,True,2020,ALL
BNBUSDT,LONG,1d,2020-07-13 00:00:00+00:00,18.3036,16.980339999999998,19.62686,20.95012,22.273379999999996,672,0.06901295715532572,0.004989296405371425,2020-07-16 00:00:00+00:00,3.0,STOP,0.00013802591431065145,0.00012804732149990862,-0.005255369641181975,-0.07615047750169358,-1.05332880915315,False,False,False,True,2020,ALL
ETHUSDT,LONG,1d,2020-06-29 00:00:00+00:00,224.89,204.67,245.10999999999999,265.33,285.54999999999995,672,0.055174592274091244,0.004960781963547178,2020-07-24 00:00:00+00:00,25.0,TP1+TP2+TP3,0.00011034918454818249,0.00013267270338414479,0.010918737530048817,0.1978943038818977,2.2010113748763587,True,True,True,True,2020,ALL
BTCUSDT,LONG,1d,2020-06-29 00:00:00+00:00,9116.16,8478.894,9753.426,10390.692,11027.957999999999,672,0.07096452988988942,0.004960781963547179,2020-07-27 00:00:00+00:00,28.0,TP1+MAX_HOLD,0.00014192905977977884,0.0001539304099781993,0.0057048156294522406,0.08038967690343322,1.1499831420474373,True,False,False,True,2020,ALL
BTCUSDT,LONG,1d,2020-07-27 00:00:00+00:00,9931.54,9545.117,10317.963000000002,10704.386,11090.809000000001,672,0.1289589966149657,0.005017622881138774,2020-07-27 00:00:00+00:00,0.0,TP1+TP2+TP3,0.00025791799322993144,0.0002804972961950559,0.010751236193137233,0.08336941566967458,2.142695146251642,True,True,True,True,2020,ALL
ETHUSDT,LONG,1d,2020-07-27 00:00:00+00:00,311.02,288.419,333.621,356.222,378.823,672,0.06904920439324728,0.005017622881138776,2020-08-01 00:00:00+00:00,5.0,TP1+TP2+TP3,0.00013809840878649458,0.00016067771175161906,0.01099087536202413,0.15917454022249372,2.1904546480244234,True,True,True,True,2020,ALL
BNBUSDT,LONG,1d,2020-07-27 00:00:00+00:00,19.5524,17.71973,21.38507,23.21774,25.05041,672,0.053532043205365816,0.005017622881138775,2020-08-02 00:00:00+00:00,6.0,TP1+STOP,0.00010706408641073163,0.00010957289785130103,0.001037768736022659,0.01938593548618069,0.2068247775104079,True,False,False,True,2020,ALL
BNBUSDT,LONG,1d,2020-08-03 00:00:00+00:00,20.9899,18.86524,23.114559999999997,25.23922,27.363879999999998,672,0.05069523573627519,0.0051315222825946945,2020-08-10 00:00:00+00:00,7.0,TP1+EARLY_RISK_OFF,0.00010139047147255039,0.00010914593755709766,0.0036671966332439804,0.0723380921300244,0.714641081396553,True,False,False,True,2020,ALL
ETHUSDT,LONG,1d,2020-08-03 00:00:00+00:00,372.45,330.94899999999996,413.951,455.452,496.95300000000003,672,0.04605275714205423,0.005131522282594695,2020-08-25 00:00:00+00:00,22.0,TP1+STOP,9.210551428410846e-05,9.467127542540582e-05,0.0010961037809391566,0.023801045777956734,0.2136020698296421,True,False,False,True,2020,ALL
BTCUSDT,LONG,1d,2020-08-03 00:00:00+00:00,11071.36,10243.486,11899.234,12727.108,13554.982,672,0.06862509335795981,0.005131522282594695,2020-08-31 00:00:00+00:00,28.0,TP1+MAX_HOLD,0.00013725018671591964,0.00014576467786618012,0.0039742307105481356,0.057912208436903576,0.7744740238248778,True,False,False,True,2020,ALL
ETHUSDT,LONG,1d,2020-08-31 00:00:00+00:00,428.94,378.561,479.319,529.698,580.077,672,0.04421348517298272,0.005192873524338362,2020-09-02 00:00:00+00:00,2.0,TP1+STOP,8.842697034596544e-05,9.102340710813462e-05,0.0011187680036304844,0.025303773255000567,0.21544295242065029,True,False,False,True,2020,ALL
BNBUSDT,LONG,1d,2020-08-24 00:00:00+00:00,21.8575,19.32841,24.38659,26.915680000000002,29.444770000000005,672,0.04479466216704889,0.00518310566808014,2020-09-03 00:00:00+00:00,10.0,TP1+STOP,8.958932433409777e-05,9.218087716813785e-05,0.0011140062155177964,0.02486917328148226,0.2149302535694651,True,False,False,True,2020,ALL
BTCUSDT,LONG,1d,2020-08-31 00:00:00+00:00,11711.17,10935.515,12486.825,13262.48,14038.135,672,0.07840421918510891,0.005192873524338362,2020-09-03 00:00:00+00:00,3.0,STOP,0.00015680843837021782,0.00014642269132154108,-0.005496104654030118,-0.07009960319933876,-1.0583937059646358,False,False,False,True,2020,ALL
BNBUSDT,LONG,1d,2020-09-07 00:00:00+00:00,23.1612,19.25893,27.063470000000002,30.96574,34.86801,672,0.030619654502820393,0.005158893286043942,2020-09-15 00:00:00+00:00,8.0,TP1+TP2+STOP,6.123930900564079e-05,7.413654222075062e-05,0.006313240756328537,0.20618262546845592,1.2237587417067501,True,True,False,True,2020,ALL
ETHUSDT,LONG,1d,2020-09-07 00:00:00+00:00,352.85,283.338,422.362,491.874,561.386,672,0.02618706836201815,0.005158893286043943,2020-10-05 00:00:00+00:00,28.0,MAX_HOLD,5.23741367240363e-05,5.2298436540589335e-05,-0.0001425226649881059,-0.005442482641349097,-0.02762659684658806,False,False,False,True,2020,ALL
BTCUSDT,LONG,1d,2020-09-07 00:00:00+00:00,10255.89,9315.498,11196.282,12136.673999999999,13077.065999999999,672,0.05626275219632368,0.005158893286043942,2020-10-05 00:00:00+00:00,28.0,MAX_HOLD,0.00011252550439264736,0.00011703194902292247,0.0020236648617219873,0.03596811003238156,0.3922672459995425,False,False,False,True,2020,ALL
BNBUSDT,LONG,1d,2020-09-21 00:00:00+00:00,26.3167,20.10108,32.53232,38.74794,44.96356,672,0.022078456433597068,0.005214608798891754,2020-10-19 00:00:00+00:00,28.0,MAX_HOLD,4.415691286719414e-05,5.1439186766843764e-05,0.0035455408501907726,0.16058825764628537,0.6799246092907864,False,False,False,True,2020,ALL
BTCUSDT,LONG,1d,2020-10-05 00:00:00+00:00,10666.62,10043.476,11289.764000000001,11912.908000000001,12536.052000000001,672,0.0891959816779005,0.005210829748007677,2020-10-21 00:00:00+00:00,16.0,TP1+TP2+TP3,0.000178391963355801,0.00020184069722183556,0.011344134272439643,0.12718212254678626,2.1770303043919235,True,True,True,True,2020,ALL
BTCUSDT,LONG,1d,2020-10-26 00:00:00+00:00,13029.64,12275.831999999999,13783.448,14537.256,15291.063999999998,672,0.0916483258704765,0.005302160399502384,2020-10-28 00:00:00+00:00,2.0,TP1+STOP,0.000183296651740953,0.0001859477319407042,0.0009562957161939327,0.010434404634356697,0.18035963534480826,True,False,False,True,2020,ALL
BNBUSDT,LONG,1d,2020-10-19 00:00:00+00:00,30.6568,27.51762,33.79598,36.935159999999996,40.07434,672,0.0514470526659487,0.005268050115729392,2020-10-30 00:00:00+00:00,11.0,STOP,0.0001028941053318974,9.235800510043863e-05,-0.005463302226161727,-0.10619271548237257,-1.0370634496906834,False,False,False,True,2020,ALL
ETHUSDT,LONG,1d,2020-10-05 00:00:00+00:00,352.34,313.375,391.30499999999995,430.27,469.235,672,0.0471187925936873,0.005210829748007676,2020-11-02 00:00:00+00:00,28.0,TP1+MAX_HOLD,9.42375851873746e-05,0.0001057374511467112,0.0055499579433342106,0.11778650593177045,1.0650814192223796,True,False,False,True,2020,ALL
BNBUSDT,LONG,1d,2020-11-02 00:00:00+00:00,28.5485,25.85631,31.24069,33.93288,36.62507,672,0.055985132784637175,0.005279528333589237,2020-11-03 00:00:00+00:00,1.0,STOP,0.00011197026556927435,0.00010141120890209587,-0.005492909808060612,-0.09811372296267762,-1.0404167685044527,False,False,False,True,2020,ALL
BTCUSDT,LONG,1d,2020-11-02 00:00:00+00:00,13761.49,12792.292,14730.688,15699.885999999999,16669.084,672,0.07496319262669232,0.005279528333589239,2020-11-07 00:00:00+00:00,5.0,TP1+TP2+STOP,0.00014992638525338466,0.00016312520608735776,0.006286358825645816,0.08385927286943509,1.1907046289819023,True,True,False,True,2020,ALL
ETHUSDT,LONG,1d,2020-11-02 00:00:00+00:00,396.68,361.753,431.607,466.534,501.461,672,0.059961728730442865,0.005279528333589238,2020-11-20 00:00:00+00:00,18.0,TP1+TP2+TP3,0.00011992345746088574,0.0001436813349620373,0.01161533395815285,0.19371245966522124,2.2000703896698806,True,True,True,True,2020,ALL
BNBUSDT,LONG,1d,2020-11-09 00:00:00+00:00,28.4101,25.42045,31.39975,34.3894,37.37905,672,0.0505941954948512,0.005324125454017478,2020-11-25 00:00:00+00:00,16.0,TP1+TP2+STOP,0.00010118839098970241,0.0001144987046247461,0.0064394697219073965,0.1272768478463645,1.2094887277774986,True,True,False,True,2020,ALL
ETHUSDT,LONG,1d,2020-11-23 00:00:00+00:00,560.03,498.73699999999997,621.323,682.616,743.909,672,0.04935029811910315,0.005401188905262557,2020-11-25 00:00:00+00:00,2.0,TP1+STOP,9.870059623820631e-05,0.00010140119069083758,0.0011501954393865947,0.02330675767369604,0.21295227024293137,True,False,False,True,2020,ALL
BTCUSDT,LONG,1d,2020-11-09 00:00:00+00:00,15475.1,14005.796,16944.404000000002,18413.708,19883.012000000002,672,0.05607510345950591,0.005324125454017478,2020-11-26 00:00:00+00:00,17.0,TP1+TP2+STOP,0.00011215020691901182,0.00012546052055405554,0.006417546090048801,0.11444555059418071,1.2053709375323323,True,True,False,True,2020,ALL
BNBUSDT,LONG,1d,2020-11-30 00:00:00+00:00,30.1003,26.49293,33.70767,37.315039999999996,40.92241,672,0.04515506683669908,0.005411608304724641,2020-12-14 00:00:00+00:00,14.0,EARLY_RISK_OFF,9.031013367339816e-05,8.748864519300216e-05,-0.001588543019064397,-0.035179729105689936,-0.2935436065610123,False,False,False,True,2020,ALL
BTCUSDT,LONG,1d,2020-11-30 00:00:00+00:00,18185.0,16220.961000000001,20149.039,22113.077999999998,24077.117,672,0.050105979067328936,0.0054116083047246405,2020-12-19 00:00:00+00:00,19.0,TP1+TP2+TP3,0.00010021195813465787,0.00012456419550591874,0.011951342531989866,0.23852128537255965,2.208464075560618,True,True,True,True,2020,ALL
BNBUSDT,LONG,1d,2020-12-21 00:00:00+00:00,34.3072,31.05402,37.56038,40.81356,44.06674,672,0.05785404381266848,0.0054860092998116105,2020-12-22 00:00:00+00:00,1.0,STOP,0.00011570808762533697,0.00010473606902571376,-0.0057064534564626596,-0.09863534301837514,-1.040182971738422,False,False,False,True,2020,ALL
ETHUSDT,LONG,1d,2020-11-30 00:00:00+00:00,576.32,499.6120000000001,653.028,729.7360000000001,806.4440000000001,672,0.040658315927659526,0.005411608304724641,2020-12-23 00:00:00+00:00,23.0,TP1+STOP,8.131663185531905e-05,8.402243600768138e-05,0.0011875630083181513,0.029208366879511154,0.21944733274234599,True,False,False,True,2020,ALL
BTCUSDT,LONG,1d,2020-12-21 00:00:00+00:00,23455.54,21381.510000000002,25529.57,27603.6,29677.63,672,0.06204216456468965,0.0054860092998116105,2020-12-31 00:00:00+00:00,10.0,TP1+TP2+END_OF_DATA,0.0001240843291293793,0.0001467769682880893,0.011075458281937518,0.17851502054525265,2.018855178083247,True,True,False,True,2020,ALL
ETHUSDT,LONG,1d,2020-12-28 00:00:00+00:00,685.1,599.928,770.272,855.4440000000001,940.6160000000001,672,0.04407249469151955,0.005479116213495991,2020-12-31 00:00:00+00:00,3.0,END_OF_DATA,8.81449893830391e-05,9.474782233463384e-05,0.003118523664079692,0.07075895489709504,0.569165453435399,False,False,False,True,2020,ALL
BNBUSDT,LONG,1d,2020-12-28 00:00:00+00:00,33.6741,29.380320000000005,37.96788,42.261660000000006,46.555440000000004,672,0.042970135238620866,0.005479116213495993,2020-12-31 00:00:00+00:00,3.0,TP1+END_OF_DATA,8.594027047724174e-05,9.573266996566346e-05,0.004714526803767961,0.10971635945726836,0.8604538797982204,True,False,False,True,2020,ALL
BTCUSDT,LONG,1d,2021-01-04 00:00:00+00:00,33000.05,29403.066000000003,36597.034,40194.018000000004,43791.00200000001,672,0.045871833180242114,0.005,2021-01-04 00:00:00+00:00,0.0,STOP,9.174366636048423e-05,8.174366636048421e-05,-0.0051734873327209715,-0.11278135130098295,-1.0346974665441944,False,False,False,True,2021,TOP2
ETHUSDT,LONG,1d,2021-01-04 00:00:00+00:00,978.33,861.212,1095.448,1212.5660000000003,1329.6840000000002,672,0.04176685052681909,0.005,2021-01-05 00:00:00+00:00,1.0,TP1+STOP,8.353370105363818e-05,8.603370105363819e-05,0.001080432597892725,0.02586818455940229,0.216086519578545,True,False,False,True,2021,TOP2
ETHUSDT,LONG,1d,2021-01-11 00:00:00+00:00,1254.24,1038.489,1469.991,1685.7420000000002,1901.4930000000002,672,0.028947868770698378,0.004979534726325859,2021-01-11 00:00:00+00:00,0.0,STOP,5.789573754139676e-05,4.793666808874504e-05,-0.005085367131956,-0.17567328262533483,-1.021253472753313,False,False,False,True,2021,TOP2
BTCUSDT,LONG,1d,2021-01-11 00:00:00+00:00,38150.02,32478.607999999997,43821.43199999999,49492.844,55164.255999999994,672,0.03349595293024489,0.00497953472632586,2021-01-11 00:00:00+00:00,0.0,STOP,6.699190586048978e-05,5.703283640783807e-05,-0.005103559468594185,-0.15236346549752786,-1.0249068937329888,False,False,False,True,2021,TOP2
BNBUSDT,LONG,1d,2021-01-25 00:00:00+00:00,41.827,34.41692,49.23708,56.64716,64.05724,672,0.02782720668125272,0.0049298737103932195,2021-02-05 00:00:00+00:00,11.0,TP1+TP2+TP3,5.5654413362505445e-05,7.783884505927491e-05,0.010958722589962958,0.3938132459894325,2.2229215662988784,True,True,True,True,2021,TOP2
BNBUSDT,LONG,1d,2021-02-08 00:00:00+00:00,68.355,58.45855,78.25145,88.1479,98.04435000000001,672,0.0346877620591029,0.005022100838706882,2021-02-09 00:00:00+00:00,1.0,TP1+TP2+TP3,6.93755241182058e-05,9.197497789238677e-05,0.011138376385079895,0.3211039203423306,2.2178719111398535,True,True,True,True,2021,TOP2
ETHUSDT,LONG,1d,2021-01-18 00:00:00+00:00,1232.5,934.3240000000001,1530.676,1828.8519999999999,2127.0280000000002,672,0.020372153660994624,0.004928590093323109,2021-02-15 00:00:00+00:00,28.0,TP1+TP2+MAX_HOLD,4.074430732198925e-05,5.75179700418719e-05,0.008288569082577461,0.40685777363083125,1.6817322856299624,True,True,False,True,2021,TOP2
BTCUSDT,LONG,1d,2021-01-18 00:00:00+00:00,35824.99,28170.981,43478.998999999996,51133.008,58787.017,672,0.023068524064630638,0.004928590093323109,2021-02-15 00:00:00+00:00,28.0,TP1+MAX_HOLD,4.6137048129261273e-05,6.092165773857511e-05,0.0072852460987890815,0.3158089385509948,1.4781602772481721,True,False,False,True,2021,TOP2
BNBUSDT,LONG,1d,2021-02-15 00:00:00+00:00,135.8623,113.33338,158.39122,180.92014,203.44906,672,0.03085810908991882,0.005116944664105155,2021-02-19 00:00:00+00:00,4.0,TP1+TP2+TP3,6.171621817983764e-05,8.474246916831085e-05,0.011366666806888455,0.3683526678114533,2.2213777074089665,True,True,True,True,2021,TOP2
BNBUSDT,LONG,1d,2021-02-22 00:00:00+00:00,294.9167,230.74643999999998,359.08696,423.25722,487.42748000000006,672,0.02383363008100011,0.005185905847453191,2021-02-22 00:00:00+00:00,0.0,STOP,4.766726016200022e-05,3.729544846709384e-05,-0.005270868556082285,-0.22115257047159423,-1.0163833881925988,False,False,False,True,2021,TOP2
BTCUSDT,LONG,1d,2021-02-22 00:00:00+00:00,57412.35,50733.077,64091.623,70770.89600000001,77450.169,672,0.04457596531554095,0.00518590584745319,2021-02-22 00:00:00+00:00,0.0,STOP,8.91519306310819e-05,7.878011893617553e-05,-0.005353837897020444,-0.12010593285242628,-1.0323823946109099,False,False,False,True,2021,TOP2
ETHUSDT,LONG,1d,2021-02-15 00:00:00+00:00,1800.03,1525.974,2074.0860000000002,2348.142,2622.1980000000003,672,0.03360865627364189,0.005116944664105155,2021-02-23 00:00:00+00:00,8.0,STOP,6.721731254728378e-05,5.698342321907346e-05,-0.005241145399871516,-0.15594629422842965,-1.024272440669061,False,False,False,True,2021,TOP2
BTCUSDT,LONG,1d,2021-03-08 00:00:00+00:00,50959.11,42330.338,59587.882,68216.65400000001,76845.426,672,0.030159762743458173,0.005106873261471697,2021-03-25 00:00:00+00:00,17.0,TP1+STOP,6.031952548691635e-05,6.28729621176522e-05,0.0011535258277633545,0.038247178453469796,0.22587712063779153,True,False,False,True,2021,TOP2
BNBUSDT,LONG,1d,2021-03-01 00:00:00+00:00,210.1177,117.73823999999999,302.49716,394.87662000000006,487.2560800000001,672,0.011587357750091393,0.005094448738874726,2021-03-29 00:00:00+00:00,28.0,TP1+MAX_HOLD,2.3174715500182786e-05,3.056155935184027e-05,0.0036396856509767184,0.314108335090285,0.7144415102664594,True,False,False,True,2021,TOP2
SOLUSDT,LONG,1d,2021-03-01 00:00:00+00:00,13.08,8.83931,17.32069,21.56138,25.80207,672,0.015713336627879288,0.005094448738874727,2021-03-29 00:00:00+00:00,28.0,TP1+MAX_HOLD,3.142667325575858e-05,4.2955907535937254e-05,0.005690234559297644,0.36212770680428125,1.1169480450115425,True,False,False,True,2021,TOP2
ETHUSDT,LONG,1d,2021-03-08 00:00:00+00:00,1726.46,1386.566,2066.354,2406.248,2746.142,672,0.025939888350486995,0.005106873261471697,2021-04-05 00:00:00+00:00,28.0,TP1+MAX_HOLD,5.187977670097399e-05,6.230415729292881e-05,0.005098006361983506,0.1965315460537746,0.9982637322223978,True,False,False,True,2021,TOP2
SOLUSDT,LONG,1d,2021-03-29 00:00:00+00:00,18.0645,14.905729999999998,21.22327,24.38204,27.54081,672,0.029415734886502808,0.005143654177388718,2021-04-08 00:00:00+00:00,10.0,TP1+TP2+TP3,5.883146977300562e-05,8.197791357125486e-05,0.011432412515780354,0.3886495632317529,2.2226246402872,True,True,True,True,2021,TOP2
BNBUSDT,LONG,1d,2021-03-29 00:00:00+00:00,268.6234,218.61133999999998,318.63546,368.64752,418.65958,672,0.027627453729247704,0.0051436541773887175,2021-04-08 00:00:00+00:00,10.0,TP1+TP2+TP3,5.525490745849541e-05,7.840135125674462e-05,0.011439565640409367,0.4140651452181752,2.2240153101072004,True,True,True,True,2021,TOP2
BNBUSDT,LONG,1d,2021-04-12 00:00:00+00:00,525.9275,453.89458,597.96042,669.99334,742.02626,672,0.0387123793653988,0.005302186567231077,2021-04-14 00:00:00+00:00,2.0,TP1+STOP,7.74247587307976e-05,8.007585201441313e-05,0.0011680460310625567,0.03017241642621839,0.22029515865801325,True,False,False,True,2021,TOP2
ETHUSDT,LONG,1d,2021-04-05 00:00:00+00:00,2075.7,1849.9669999999999,2301.433,2527.1659999999997,2752.899,672,0.04828892495704654,0.005251435129030682,2021-04-16 00:00:00+00:00,11.0,TP1+TP2+STOP,9.657784991409309e-05,0.00010970643773666981,0.006358009623637596,0.13166600062629485,1.2107184926439656,True,True,False,True,2021,TOP2
BTCUSDT,LONG,1d,2021-04-05 00:00:00+00:00,58202.01,52027.485,64376.535,70551.06000000001,76725.585,672,0.049500824742663596,0.005251435129030682,2021-04-18 00:00:00+00:00,13.0,TP1+STOP,9.90016494853272e-05,0.00010162736704984253,0.0011122297657224995,0.022468913831326428,0.21179539276300585,True,False,False,True,2021,TOP2
SOLUSDT,LONG,1d,2021-04-12 00:00:00+00:00,27.8598,23.047710000000002,32.67189,37.48398,42.29607,672,0.030697234949002294,0.005302186567231078,2021-04-18 00:00:00+00:00,6.0,STOP,6.139446989800458e-05,5.079009676354243e-05,-0.0054143711338926264,-0.17637976654534487,-1.02115817035841,False,False,False,True,2021,TOP2
BNBUSDT,LONG,1d,2021-04-19 00:00:00+00:00,481.5112,376.03666999999996,586.98573,692.46026,797.93479,672,0.024208447927990446,0.005302835463088432,2021-04-22 00:00:00+00:00,3.0,TP1+STOP,4.8416895855980895e-05,5.106831358752511e-05,0.001226223656328599,0.050652716769620194,0.231239242639905,True,False,False,True,2021,TOP2
SOLUSDT,LONG,1d,2021-04-19 00:00:00+00:00,32.3324,25.99095,38.67385,45.015299999999996,51.35675,672,0.027036939079667973,0.005302835463088433,2021-04-23 00:00:00+00:00,4.0,TP1+STOP,5.407387815933595e-05,5.672529589088017e-05,0.0012149096917218908,0.044935178798975586,0.22910567378123275,True,False,False,True,2021,TOP2
ETHUSDT,LONG,1d,2021-05-03 00:00:00+00:00,2949.33,2516.116,3382.544,3815.758,4248.972,672,0.03633669300799654,0.005337335640557757,2021-05-12 00:00:00+00:00,9.0,TP1+TP2+TP3,7.267338601599308e-05,9.669139639850298e-05,0.01183964040884046,0.325831533602547,2.2182679160876613,True,True,True,True,2021,TOP2
BTCUSDT,LONG,1d,2021-05-03 00:00:00+00:00,56578.21,49274.07,63882.35,71186.48999999999,78490.63,672,0.04134325145903027,0.005337335640557757,2021-05-12 00:00:00+00:00,9.0,STOP,8.268650291806054e-05,7.201183163694503e-05,-0.005492033975112763,-0.13283991416483482,-1.0289841870500838,False,False,False,True,2021,TOP2
SOLUSDT,LONG,1d,2021-04-26 00:00:00+00:00,47.395,37.46428,57.325720000000004,67.25644,77.18716,672,0.025366375685572703,0.0053150411298286855,2021-05-13 00:00:00+00:00,17.0,STOP,5.0732751371145405e-05,4.0102669111488035e-05,-0.0054058765503113195,-0.21311190125540672,-1.0170902573025924,False,False,False,True,2021,TOP2
BNBUSDT,LONG,1d,2021-04-26 00:00:00+00:00,505.0,371.42552,638.57448,772.14896,905.7234400000001,672,0.020094375591531304,0.0053150411298286855,2021-05-17 00:00:00+00:00,21.0,TP1+EARLY_RISK_OFF,4.018875118306261e-05,4.6407154266167316e-05,0.003022605636103124,0.15042048071287117,0.5686890397027932,True,False,False,True,2021,TOP2
SOLUSDT,LONG,1d,2021-08-16 00:00:00+00:00,53.515,45.9603,61.069700000000005,68.62440000000001,76.1791,672,0.03779040638799918,0.005334862807426283,2021-08-17 00:00:00+00:00,1.0,TP1+TP2+STOP,7.558081277599836e-05,8.891796979456407e-05,0.0065040797267122905,0.1721092824441746,1.2191653209260458,True,True,False,True,2021,TOP2
SOLUSDT,LONG,1d,2021-08-23 00:00:00+00:00,72.751,58.9074,86.5946,100.43820000000001,114.2818,672,0.028181075626242866,0.005362504137942513,2021-08-30 00:00:00+00:00,7.0,TP1+TP2+TP3,5.6362151252485736e-05,8.049341987322704e-05,0.011928778739244942,0.42329039875740543,2.2244791672686297,True,True,True,True,2021,TOP2
BNBUSDT,LONG,1d,2021-08-23 00:00:00+00:00,448.69,398.032,499.348,550.0060000000001,600.664,672,0.0474969793843702,0.005362504137942513,2021-08-31 00:00:00+00:00,8.0,TP1+STOP,9.49939587687404e-05,9.767521083771166e-05,0.001147956864879173,0.024169049900822335,0.21407104504717853,True,False,False,True,2021,TOP2
BTCUSDT,LONG,1d,2021-08-30 00:00:00+00:00,48767.84,44358.30299999999,53177.377,57586.914,61996.451,672,0.05991570078126924,0.005417514892518018,2021-09-06 00:00:00+00:00,7.0,EARLY_RISK_OFF,0.00011983140156253848,0.00012717601335027586,0.0034252984789558847,0.0571686291621694,0.6322637864247445,False,False,False,True,2021,TOP2
ETHUSDT,LONG,1d,2021-08-16 00:00:00+00:00,3307.35,2892.044,3722.656,4137.9619999999995,4553.268,672,0.04248495929782212,0.005334862807426282,2021-09-07 00:00:00+00:00,22.0,TP1+STOP,8.496991859564423e-05,8.763734999935738e-05,0.0011611084332615704,0.027329870440080464,0.2176454156694103,True,False,False,True,2021,TOP2
BNBUSDT,LONG,1d,2021-09-06 00:00:00+00:00,504.9,443.77,566.03,627.16,688.29,672,0.045319488531170266,0.005486988183621387,2021-09-07 00:00:00+00:00,1.0,STOP,9.063897706234054e-05,7.966500069509776e-05,-0.005657292161378824,-0.12483133293721525,-1.0310377883199735,False,False,False,True,2021,TOP2
SOLUSDT,LONG,1d,2021-09-06 00:00:00+00:00,141.98,114.64649999999999,169.31349999999998,196.647,223.98049999999998,672,0.028501384100483453,0.005486988183621387,2021-09-10 00:00:00+00:00,4.0,TP1+TP2+STOP,5.70027682009669e-05,7.072023866002038e-05,0.006731012222665743,0.23616439815466958,1.226722565716062,True,True,False,True,2021,TOP2
SOLUSDT,LONG,1d,2021-09-13 00:00:00+00:00,174.31,130.118,218.502,262.694,306.88599999999997,672,0.02154052043871794,0.005461067518947985,2021-09-21 00:00:00+00:00,8.0,STOP,4.3081040877435886e-05,3.215890583953991e-05,-0.0055363074656649604,-0.2570182777809649,-1.0137775162925415,False,False,False,True,2021,TOP2
ETHUSDT,LONG,1d,2021-09-13 00:00:00+00:00,3404.3,2903.165,3905.4350000000004,4406.570000000001,4907.705,672,0.03709801182267177,0.005461067518947985,2021-09-21 00:00:00+00:00,8.0,STOP,7.419602364534354e-05,6.327388860744758e-05,-0.005598537431200773,-0.1509120612166965,-1.0251727179302976,False,False,False,True,2021,TOP2
BNBUSDT,LONG,1d,2021-09-20 00:00:00+00:00,408.5,344.64,472.36,536.22,600.0799999999999,672,0.034818144300252506,0.005443051884979499,2021-09-21 00:00:00+00:00,1.0,STOP,6.963628860050501e-05,5.8750184830546015e-05,-0.005571438358410552,-0.16001537331701354,-1.0235872220482307,False,False,False,True,2021,TOP2
SOLUSDT,LONG,1d,2021-10-04 00:00:00+00:00,172.99,136.18200000000002,209.798,246.60600000000002,283.41400000000004,672,0.025273309345825938,0.005377536102671604,2021-11-01 00:00:00+00:00,28.0,TP1+MAX_HOLD,5.054661869165188e-05,5.9708942076322244e-05,0.004470906131567209,0.1769022833689807,0.8314042056074762,True,False,False,True,2021,TOP2
ETHUSDT,LONG,1d,2021-10-04 00:00:00+00:00,3417.73,2908.995,3926.465,4435.2,4943.9349999999995,672,0.036126797771302975,0.005377536102671605,2021-11-01 00:00:00+00:00,28.0,TP1+TP2+MAX_HOLD,7.225359554260595e-05,8.951351135159802e-05,0.008468190797601829,0.23440192101189955,1.5747343459758012,True,True,False,True,2021,TOP2
BTCUSDT,LONG,1d,2021-10-18 00:00:00+00:00,61528.32,55729.9,67326.74,73125.16,78923.58,672,0.05720666082857642,0.005391147463178485,2021-11-15 00:00:00+00:00,28.0,TP1+MAX_HOLD,0.00011441332165715285,0.0001226746195130496,0.0038935609867781704,0.06806132241218353,0.7222137797882874,True,False,False,True,2021,TOP2
ETHUSDT,LONG,1d,2021-11-01 00:00:00+00:00,4287.48,3804.9459999999995,4770.013999999999,5252.548,5735.081999999999,672,0.04834157132203384,0.005440597221749438,2021-11-16 00:00:00+00:00,15.0,TP1+STOP,9.668314264406768e-05,9.940344125494239e-05,0.001164062721538346,0.024079952093070924,0.21395862882200983,True,False,False,True,2021,TOP2
BTCUSDT,LONG,1d,2021-11-15 00:00:00+00:00,65519.11,59775.425,71262.795,77006.48,82750.16500000001,672,0.06286919940664687,0.005511382520213818,2021-11-16 00:00:00+00:00,1.0,STOP,0.00012573839881329374,0.0001147156337728661,-0.005751836552799981,-0.09148894223380019,-1.0436286234360004,False,False,False,True,2021,TOP2
BNBUSDT,LONG,1d,2021-11-15 00:00:00+00:00,650.7,575.6490000000001,725.751,800.802,875.853,672,0.04778426144759077,0.005511382520213818,2021-11-16 00:00:00+00:00,1.0,STOP,9.556852289518154e-05,8.454575785475391e-05,-0.005691496800963757,-0.11910818810511753,-1.0326804173162256,False,False,False,True,2021,TOP2
SOLUSDT,LONG,1d,2021-11-01 00:00:00+00:00,202.53,170.234,234.826,267.12199999999996,299.418,672,0.03411828571095226,0.005440597221749439,2021-11-18 00:00:00+00:00,17.0,TP1+STOP,6.823657142190452e-05,7.095687003277925e-05,0.0012209558639826774,0.035785967510986054,0.2244157790438447,True,False,False,True,2021,TOP2
SOLUSDT,LONG,1d,2021-11-22 00:00:00+00:00,230.56,189.62,271.5,312.44,353.38,672,0.030503346033528066,0.005416407818410128,2021-11-26 00:00:00+00:00,4.0,STOP,6.1006692067056134e-05,5.017387643023588e-05,-0.005527588386907417,-0.18121252602359464,-1.0205266243282847,False,False,False,True,2021,TOP2
BNBUSDT,LONG,1d,2021-11-22 00:00:00+00:00,584.0,502.14,665.86,747.72,829.5799999999999,672,0.03864136533046071,0.005416407818410128,2021-12-04 00:00:00+00:00,12.0,STOP,7.728273066092142e-05,6.644991502410118e-05,-0.005560140464095145,-0.1438908904109588,-1.0265365257757137,False,False,False,True,2021,TOP2
SOLUSDT,LONG,1d,2021-11-29 00:00:00+00:00,200.71,160.591,240.829,280.948,321.067,672,0.027002713154065622,0.005397448303661794,2021-12-04 00:00:00+00:00,5.0,TP1+STOP,5.400542630813125e-05,5.670415045996215e-05,0.0012386524991473578,0.045871408998056994,0.22948853411102024,True,False,False,True,2021,TOP2
ETHUSDT,LONG,1d,2021-11-29 00:00:00+00:00,4294.77,3725.0160000000005,4864.524,5434.278,6004.032,672,0.040685627571052714,0.005397448303661794,2021-12-04 00:00:00+00:00,5.0,STOP,8.137125514210543e-05,7.057635853478184e-05,-0.005549395917338683,-0.1363969600234704,-1.0281517497025034,False,False,False,True,2021,TOP2
SOLUSDT,LONG,1d,2021-12-13 00:00:00+00:00,172.83,132.912,212.74800000000002,252.66600000000003,292.58400000000006,672,0.023117670560759515,0.005339415457064158,2021-12-20 00:00:00+00:00,7.0,EARLY_RISK_OFF,4.623534112151903e-05,4.812670177493071e-05,0.0008513182838093855,0.03682543539894687,0.159440352723082,False,False,False,True,2021,TOP2
BNBUSDT,LONG,1d,2021-12-13 00:00:00+00:00,570.3,481.95,658.65,746.9999999999999,835.3499999999999,672,0.03446597210145659,0.005339415457064157,2021-12-20 00:00:00+00:00,7.0,EARLY_RISK_OFF,6.893194420291318e-05,6.403672459881362e-05,-0.0025805784708515123,-0.07487322461862182,-0.4833073005093383,False,False,False,True,2021,TOP2
SOLUSDT,LONG,1d,2021-12-27 00:00:00+00:00,197.85,169.029,226.671,255.49200000000002,284.313,672,0.0365945899705115,0.0053307691561289465,2021-12-30 00:00:00+00:00,3.0,STOP,7.3189179941023e-05,6.252764162876511e-05,-0.005466485977698729,-0.149379620924943,-1.025459144373893,False,False,False,True,2021,TOP2
BNBUSDT,LONG,1d,2021-12-27 00:00:00+00:00,546.5,490.11,602.89,659.28,715.6699999999998,672,0.05166280091903652,0.005330769156128946,2021-12-31 00:00:00+00:00,4.0,END_OF_DATA,0.00010332560183807305,9.668931890208701e-05,-0.003518156388733178,-0.06809844464775855,-0.6599716261748547,False,False,False,True,2021,TOP2
BNBUSDT,LONG,1d,2023-01-16 00:00:00+00:00,302.2,284.74,319.65999999999997,337.12,354.58,672,0.08654066437571602,0.005,2023-01-18 00:00:00+00:00,2.0,STOP,0.00017308132875143203,0.00016308132875143206,-0.0053361626575028605,-0.061660754467240134,-1.0672325315005722,False,False,False,True,2023,TOP1
ETHUSDT,LONG,1d,2023-01-23 00:00:00+00:00,1627.43,1502.0,1752.8600000000001,1878.2900000000002,2003.7200000000003,672,0.06452785493128835,0.004973319186712486,2023-02-06 00:00:00+00:00,14.0,EARLY_RISK_OFF,0.0001290557098625767,0.00012918100435855063,-0.00019558946623416068,-0.0030310858224317483,-0.039327752531293135,False,False,False,True,2023,TOP1
BTCUSDT,LONG,1d,2023-01-30 00:00:00+00:00,23743.37,21934.403,25552.337,27361.304,29170.271,672,0.06531322574866724,0.004976103646739674,2023-02-06 00:00:00+00:00,7.0,EARLY_RISK_OFF,0.00013062645149733448,0.0001261676272495327,-0.0024862062026477505,-0.03806589207850422,-0.4996291032395807,False,False,False,True,2023,TOP1
BTCUSDT,LONG,1d,2023-02-20 00:00:00+00:00,24272.51,22560.677999999996,25984.342,27696.174,29408.006,672,0.07032785351116001,0.004959910208368077,2023-03-03 00:00:00+00:00,11.0,STOP,0.00014065570702232003,0.00013073588660558386,-0.005231301801995992,-0.07438449406344899,-1.0547170376532298,False,False,False,True,2023,TOP1
ETHUSDT,LONG,1d,2023-02-27 00:00:00+00:00,1641.37,1493.281,1789.4589999999998,1937.5479999999998,2085.6369999999997,672,0.05485099105846955,0.004948810088436912,2023-03-09 00:00:00+00:00,10.0,STOP,0.0001097019821169391,9.980436194006529e-05,-0.005158316432493911,-0.09404235608059108,-1.042334690625231,False,False,False,True,2023,TOP1
BTCUSDT,LONG,1d,2023-03-06 00:00:00+00:00,22430.24,20443.348,24417.132,26404.024,28390.916000000005,672,0.05554662340969851,0.004920372750346972,2023-03-09 00:00:00+00:00,3.0,STOP,0.00011109324681939702,0.00010125250131870307,-0.005132718498485073,-0.0924037895269957,-1.0431564352768044,False,False,False,True,2023,TOP1
BTCUSDT,LONG,1d,2023-03-13 00:00:00+00:00,21998.05,20228.999,23767.101,25536.152,27305.203,672,0.06071110841990836,0.004882298524703202,2023-03-17 00:00:00+00:00,4.0,TP1+TP2+TP3,0.00012142221683981672,0.00014339256020098114,0.010720356903541412,0.17657982505267517,2.1957602242671364,True,True,True,True,2023,TOP1
BTCUSDT,LONG,1d,2023-03-20 00:00:00+00:00,27972.87,25522.556,30423.183999999997,32873.498,35323.812,672,0.05634840991105481,0.0049359003092209084,2023-04-17 00:00:00+00:00,28.0,TP1+MAX_HOLD,0.00011269681982210962,0.0001222104892082379,0.004521927384033785,0.08024942303024318,0.9161302094343827,True,False,False,True,2023,TOP1
BTCUSDT,LONG,1d,2023-04-17 00:00:00+00:00,30304.66,28594.283,32015.037,33725.414,35435.791,672,0.08907401572433515,0.005027284509792924,2023-04-19 00:00:00+00:00,2.0,STOP,0.00017814803144867032,0.00016809346242908446,-0.005373526003670683,-0.060326526877384594,-1.068872468467479,False,False,False,True,2023,TOP1
ETHUSDT,LONG,1d,2023-03-27 00:00:00+00:00,1773.88,1584.4260000000002,1963.334,2152.788,2342.242,672,0.04620968240806112,0.004935288278201913,2023-04-24 00:00:00+00:00,28.0,TP1+MAX_HOLD,9.241936481612224e-05,9.833069678412573e-05,0.002764915922401498,0.059834125194488844,0.5602339248577485,True,False,False,True,2023,TOP1
BNBUSDT,LONG,1d,2023-04-03 00:00:00+00:00,313.8,287.74,339.86,365.92,391.98,672,0.059479502952099535,0.004939566115142492,2023-05-01 00:00:00+00:00,28.0,TP1+MAX_HOLD,0.00011895900590419907,0.00012816714565376248,0.004356943723223736,0.0732511790949649,0.8820498848810431,True,False,False,True,2023,TOP1
BTCUSDT,LONG,1d,2023-04-24 00:00:00+00:00,27590.59,25838.522,29342.658,31094.726,32846.794,672,0.07815183103729277,0.004962826902282533,2023-05-08 00:00:00+00:00,14.0,TP1+STOP,0.00015630366207458556,0.0001587850755257268,0.0009256179879703069,0.011843842628954108,0.18651023019654206,True,False,False,True,2023,TOP1
ETHUSDT,LONG,1d,2023-05-01 00:00:00+00:00,1870.08,1702.2269999999999,2037.933,2205.786,2373.639,672,0.05559351306146792,0.004989913772622871,2023-05-29 00:00:00+00:00,28.0,MAX_HOLD,0.00011118702612293584,0.00011347964019682595,0.0009216403706252957,0.01657819986310756,0.18470066069715863,False,False,False,True,2023,TOP1
ETHUSDT,LONG,1d,2023-05-29 00:00:00+00:00,1908.64,1805.797,2011.4830000000002,2114.326,2217.1690000000003,672,0.09258829607251785,0.004988923072442137,2023-06-05 00:00:00+00:00,7.0,STOP,0.0001851765921450357,0.00017519874600015144,-0.0053492984105873295,-0.05777510373878792,-1.0722350962146194,False,False,False,True,2023,TOP1
SOLUSDT,LONG,1d,2023-06-05 00:00:00+00:00,21.83,20.179,23.480999999999998,25.131999999999998,26.782999999999998,672,0.0657501558213224,0.004972675550206289,2023-06-05 00:00:00+00:00,0.0,STOP,0.00013150031164264482,0.00012155496054223223,-0.0052257308223911695,-0.07947860742098035,-1.0508891580860094,False,False,False,True,2023,TOP1
BTCUSDT,LONG,1d,2023-05-15 00:00:00+00:00,26917.61,24736.319,29098.901,31280.192000000003,33461.483,672,0.06121721599392443,0.004960788208633808,2023-06-12 00:00:00+00:00,28.0,MAX_HOLD,0.00012243443198784885,0.00011792201327971745,-0.0024965657993332685,-0.040782086522540374,-0.503259904341052,False,False,False,True,2023,TOP1
BTCUSDT,LONG,1d,2023-06-12 00:00:00+00:00,25925.54,24147.277000000002,27703.803,29482.066000000003,31260.329000000005,672,0.07160003636744293,0.004911129930982271,2023-06-19 00:00:00+00:00,7.0,EARLY_RISK_OFF,0.00014320007273488586,0.00014548923771059112,0.0008558931774071527,0.011953809255274816,0.1742762234832517,False,False,False,True,2023,TOP1
ETHUSDT,LONG,1d,2023-07-03 00:00:00+00:00,1937.49,1800.098,2074.882,2212.274,2349.666,672,0.0693320430988917,0.004916499215708432,2023-07-10 00:00:00+00:00,7.0,EARLY_RISK_OFF,0.0001386640861977834,0.00013331931850491763,-0.0029443672511355896,-0.042467625639358325,-0.598874752532901,False,False,False,True,2023,TOP1
SOLUSDT,LONG,1d,2023-07-10 00:00:00+00:00,21.32,18.577,24.063,26.806,29.549,672,0.03805775003113392,0.00489645442473735,2023-07-14 00:00:00+00:00,4.0,TP1+TP2+TP3,7.611550006226785e-05,9.814954497358594e-05,0.010842757410623186,0.28490274390243897,2.2144099526066356,True,True,True,True,2023,TOP1
BTCUSDT,LONG,1d,2023-06-26 00:00:00+00:00,30462.67,28355.804,32569.535999999996,34676.401999999995,36783.268,672,0.07107072512999345,0.004915409396869304,2023-07-24 00:00:00+00:00,28.0,MAX_HOLD,0.0001421414502599869,0.00014037337680048665,-0.001166551556810606,-0.016413953208960504,-0.23732541129811072,False,False,False,True,2023,TOP1
SOLUSDT,LONG,1d,2023-07-17 00:00:00+00:00,27.41,23.346,31.474,35.538000000000004,39.602000000000004,672,0.033395819440042405,0.004951499825039487,2023-07-24 00:00:00+00:00,7.0,STOP,6.679163888008481e-05,5.6888639230005837e-05,-0.005075180103149579,-0.15197052170740608,-1.024978346456693,False,False,False,True,2023,TOP1
BTCUSDT,LONG,1d,2023-07-24 00:00:00+00:00,30083.75,28606.211,31561.289,33038.828,34516.367,672,0.1004310796948244,0.0049325910852606875,2023-08-01 00:00:00+00:00,8.0,STOP,0.0002008621593896488,0.00019099697721912742,-0.00532445022186946,-0.05301596117505296,-1.0794428586994989,False,False,False,True,2023,TOP1
ETHUSDT,LONG,1d,2023-07-31 00:00:00+00:00,1861.79,1767.732,1955.848,2049.906,2143.964,672,0.09717480554094876,0.004909290446060275,2023-08-07 00:00:00+00:00,7.0,EARLY_RISK_OFF,0.00019434961108189753,0.00019106032698154755,-0.0020300519882384344,-0.020890723443567738,-0.41351230092070823,False,False,False,True,2023,TOP1
BTCUSDT,LONG,1d,2023-08-07 00:00:00+00:00,29088.43,27984.588,30192.272,31296.114,32399.956000000002,672,0.12878005685826788,0.004886920178316403,2023-08-15 00:00:00+00:00,8.0,TP1+STOP,0.00025756011371653575,0.00026000357380569396,0.0007041663570568528,0.005467976752268721,0.14409205212339807,True,False,False,True,2023,TOP1
SOLUSDT,LONG,1d,2023-08-14 00:00:00+00:00,24.22,21.983,26.456999999999997,28.694,30.930999999999997,672,0.05299798590838278,0.0048949832566908425,2023-08-17 00:00:00+00:00,3.0,STOP,0.00010599597181676557,9.620600530338389e-05,-0.00509718523381099,-0.09617696118909982,-1.0413080017881087,False,False,False,True,2023,TOP1
SOLUSDT,LONG,1d,2023-10-23 00:00:00+00:00,29.06,26.104,32.016,34.972,37.928,672,0.04782665586572472,0.004864955083932631,2023-10-31 00:00:00+00:00,8.0,TP1+TP2+TP3,9.565331173144944e-05,0.00011754560960914627,0.010732950017507825,0.22441355815554026,2.2061765899864687,True,True,True,True,2023,TOP1
SOLUSDT,LONG,1d,2023-11-06 00:00:00+00:00,41.16,34.893,47.42699999999999,53.693999999999996,59.961,672,0.03233297972086443,0.004923002524554355,2023-11-11 00:00:00+00:00,5.0,TP1+TP2+TP3,6.466595944172886e-05,8.681947080222346e-05,0.010925270250003349,0.3378986516034984,2.2192290569650557,True,True,True,True,2023,TOP1
SOLUSDT,LONG,1d,2023-11-13 00:00:00+00:00,56.27,47.06400000000001,65.476,74.682,83.888,672,0.03055213853743925,0.004998453658710958,2023-11-17 00:00:00+00:00,4.0,TP1+STOP,6.110427707487849e-05,6.360350390423398e-05,0.001124905633698632,0.03681921094721891,0.22505072778622737,True,False,False,True,2023,TOP1
BTCUSDT,LONG,1d,2023-10-30 00:00:00+00:00,34525.88,32198.010999999995,36853.748999999996,39181.618,41509.487,672,0.07258100833330991,0.004893693637580099,2023-11-27 00:00:00+00:00,28.0,TP1+MAX_HOLD,0.00014516201666661983,0.00015682144484840908,0.005527730629379609,0.0761594631476447,1.129562052460856,True,False,False,True,2023,TOP1
ETHUSDT,LONG,1d,2023-12-04 00:00:00+00:00,2192.96,2029.9250000000002,2355.995,2519.0299999999997,2682.0649999999996,672,0.06770309948223249,0.005033368061472058,2023-12-11 00:00:00+00:00,7.0,TP1+STOP,0.000135406198964465,0.00013792288299520103,0.0009850129334083397,0.014549007961841382,0.19569658355567643,True,False,False,True,2023,TOP1
SOLUSDT,LONG,1d,2023-11-20 00:00:00+00:00,61.1,48.18599999999999,74.01400000000001,86.92800000000001,99.84200000000001,672,0.02368682182424551,0.005006409444162139,2023-12-18 00:00:00+00:00,28.0,TP1+MAX_HOLD,4.737364364849102e-05,5.554656636041808e-05,0.003983541145954621,0.1681754173486087,0.7956882453151606,True,False,False,True,2023,TOP1
SOLUSDT,LONG,1d,2023-12-18 00:00:00+00:00,70.85,59.29299999999999,82.407,93.964,105.52099999999999,672,0.03106774285427302,0.005067747412375912,2023-12-23 00:00:00+00:00,5.0,TP1+TP2+TP3,6.213548570854604e-05,8.494034906423763e-05,0.011255355843073021,0.36228431192660565,2.2209780652418454,True,True,True,True,2023,TOP1
BTCUSDT,LONG,1d,2023-11-27 00:00:00+00:00,37447.42,34830.702,40064.138,42680.856,45297.574,672,0.07154601969808566,0.004999430069477026,2023-12-25 00:00:00+00:00,28.0,TP1+TP2+MAX_HOLD,0.00014309203939617132,0.00016118355259644695,0.008741481008145195,0.1221798367684609,1.748495505820649,True,True,False,True,2023,TOP1
SOLUSDT,LONG,1d,2023-12-25 00:00:00+00:00,112.45,96.10900000000001,128.791,145.132,161.473,672,0.03531110515410732,0.005131336321238483,2023-12-31 00:00:00+00:00,6.0,END_OF_DATA,7.062221030821464e-05,6.388342581193057e-05,-0.0035038978842621762,-0.09922934637616715,-0.6828431552536566,False,False,False,True,2023,TOP1
BTCUSDT,LONG,1d,2024-01-08 00:00:00+00:00,43929.01,40721.127,47136.893000000004,50344.776000000005,53552.659,672,0.06825897079070183,0.004984560134566863,2024-01-12 00:00:00+00:00,4.0,TP1+STOP,0.00013651794158140365,0.0001390102216486871,0.000970611870411637,0.01421955032676603,0.1947236755517604,True,False,False,True,2024,TOP1
SOLUSDT,LONG,1d,2024-01-01 00:00:00+00:00,101.72,81.507,121.93299999999999,142.146,162.35899999999998,672,0.02516202443971702,0.005,2024-01-23 00:00:00+00:00,22.0,STOP,5.0324048879434044e-05,4.0324048879434045e-05,-0.005090648097758868,-0.2023147267007471,-1.0181296195517737,False,False,False,True,2024,TOP1
BNBUSDT,LONG,1d,2024-01-22 00:00:00+00:00,318.7,289.23999999999995,348.16,377.62,407.08000000000004,672,0.05398337712368892,0.0049901170067897,2024-01-25 00:00:00+00:00,3.0,STOP,0.00010796675424737784,9.798652023379844e-05,-0.005196070281270876,-0.09625315343583317,-1.041272233536999,False,False,False,True,2024,TOP1
BTCUSDT,LONG,1d,2024-01-15 00:00:00+00:00,41732.35,37292.267,46172.433,50612.516,55052.599,672,0.04694630673418411,0.0049948181313354345,2024-02-12 00:00:00+00:00,28.0,TP1+MAX_HOLD,9.389261346836822e-05,0.00010747232120962326,0.006588488935949526,0.14034094254217652,1.3190648313331084,True,False,False,True,2024,TOP1
ETHUSDT,LONG,1d,2024-02-05 00:00:00+00:00,2289.79,2127.7560000000003,2451.8239999999996,2613.8579999999997,2775.8919999999994,672,0.07004418119365982,0.004956585038598933,2024-02-14 00:00:00+00:00,9.0,TP1+TP2+TP3,0.00014008836238731963,0.00016239299506101487,0.010849834979399278,0.15489987597115876,2.188973838823953,True,True,True,True,2024,TOP1
SOLUSDT,LONG,1d,2024-01-29 00:00:00+00:00,95.99,80.854,111.12599999999999,126.26199999999999,141.39799999999997,672,0.031421441809753765,0.00495463009930652,2024-02-26 00:00:00+00:00,28.0,TP1+MAX_HOLD,6.284288361950753e-05,6.89929622602165e-05,0.0029432034744747604,0.09366863214918224,0.5940309196617339,True,False,False,True,2024,TOP1
BTCUSDT,LONG,1d,2024-02-12 00:00:00+00:00,48300.0,45677.879,50922.121,53544.242000000006,56166.363000000005,672,0.0927470138419643,0.005035070241869673,2024-02-27 00:00:00+00:00,15.0,TP1+TP2+TP3,0.00018549402768392858,0.00020815184377234215,0.010935262172750499,0.11790419680124227,2.171819189694146,True,True,True,True,2024,TOP1
ETHUSDT,LONG,1d,2024-02-19 00:00:00+00:00,2881.2,2703.101,3059.2989999999995,3237.3979999999997,3415.4969999999994,672,0.08249103613130314,0.005099115314434588,2024-02-28 00:00:00+00:00,9.0,TP1+TP2+TP3,0.00016498207226260629,0.00018792809117756194,0.011120099294037664,0.1348037291753435,2.180789923020344,True,True,True,True,2024,TOP1
SOLUSDT,LONG,1d,2024-02-26 00:00:00+00:00,103.47,91.464,115.476,127.482,139.488,672,0.044084752989758766,0.0051153140465356505,2024-03-05 00:00:00+00:00,8.0,TP1+TP2+STOP,8.816950597951754e-05,0.00010095779109585667,0.0062050152610942,0.14075195708901156,1.213027236381811,True,True,False,True,2024,TOP1
BTCUSDT,LONG,1d,2024-03-04 00:00:00+00:00,63113.97,58938.305,67289.63500000001,71465.3,75640.965,672,0.0787856697539808,0.005212515766212398,2024-03-05 00:00:00+00:00,1.0,TP1+STOP,0.0001575713395079616,0.0001601775973910678,0.0009853800046540737,0.012507096883621853,0.18904115572010755,True,False,False,True,2024,TOP1
SOLUSDT,LONG,1d,2024-03-11 00:00:00+00:00,144.39,123.24799999999999,165.53199999999998,186.67399999999998,207.81599999999997,672,0.03552420086454645,0.00520155588806871,2024-03-18 00:00:00+00:00,7.0,TP1+TP2+TP3,7.104840172909289e-05,9.445540322540209e-05,0.011537996943200101,0.32479258258882193,2.218181865481033,True,True,True,True,2024,TOP1
SOLUSDT,LONG,1d,2024-03-25 00:00:00+00:00,183.87,146.793,220.947,258.024,295.101,672,0.026073403365941796,0.005257647123505868,2024-04-12 00:00:00+00:00,18.0,STOP,5.214680673188359e-05,4.1631512484871856e-05,-0.005351425442722624,-0.20524460760319793,-1.0178365563556924,False,False,False,True,2024,TOP1
BTCUSDT,LONG,1d,2024-04-01 00:00:00+00:00,71280.0,63559.027,79000.973,86721.946,94442.919,672,0.04877163568588085,0.0052828911657761286,2024-04-13 00:00:00+00:00,12.0,STOP,9.75432713717617e-05,8.697748904020944e-05,-0.005467411926188101,-0.11210228751402918,-1.034927988221174,False,False,False,True,2024,TOP1
ETHUSDT,LONG,1d,2024-04-08 00:00:00+00:00,3454.2,3052.513,3855.8869999999997,4257.574,4659.261,672,0.04516585380640717,0.0052523120600817185,2024-04-13 00:00:00+00:00,5.0,STOP,9.033170761281434e-05,7.98270834926509e-05,-0.005422470851187182,-0.12005686584447911,-1.0323969309437444,False,False,False,True,2024,TOP1
BNBUSDT,LONG,1d,2024-03-18 00:00:00+00:00,571.7,488.80000000000007,654.6,737.5,820.4,672,0.03624558681501459,0.0052558319869944175,2024-04-15 00:00:00+00:00,28.0,MAX_HOLD,7.249117363002917e-05,7.181913721190926e-05,-0.0004803285199018957,-0.013252055273744984,-0.09138962605548866,False,False,False,True,2024,TOP1
SOLUSDT,LONG,1d,2024-04-15 00:00:00+00:00,151.26,122.52999999999999,179.98999999999998,208.72,237.45,672,0.0272491109241543,0.00517563768908471,2024-04-30 00:00:00+00:00,15.0,STOP,5.44982218483086e-05,4.414694647013919e-05,-0.005274282857403159,-0.19355797963771,-1.0190595196658547,False,False,False,True,2024,TOP1
BNBUSDT,LONG,1d,2024-04-22 00:00:00+00:00,579.6,512.1800000000001,647.02,714.44,781.86,672,0.04447289533489102,0.005173158391094463,2024-05-20 00:00:00+00:00,28.0,MAX_HOLD,8.894579066978204e-05,8.817848743764107e-05,-0.0005607758941779141,-0.012609385783298883,-0.10840106793236484,False,False,False,True,2024,TOP1
ETHUSDT,LONG,1d,2024-05-13 00:00:00+00:00,2929.3,2650.2250000000004,3208.375,3487.45,3766.5249999999996,672,0.05400194760836066,0.005144776406924262,2024-05-21 00:00:00+00:00,8.0,TP1+TP2+TP3,0.00010800389521672133,0.00013115538904788051,0.011336587631314976,0.20992923650701495,2.203514153901279,True,True,True,True,2024,TOP1
BTCUSDT,LONG,1d,2024-04-29 00:00:00+00:00,63118.62,56523.943,69713.297,76307.974,82902.65100000001,672,0.049491163215898866,0.0051708709056556435,2024-05-27 00:00:00+00:00,28.0,TP1+MAX_HOLD,9.898232643179774e-05,0.00010790607425097575,0.004254985508906231,0.08597465148160695,0.8228759886951225,True,False,False,True,2024,TOP1
SOLUSDT,LONG,1d,2024-05-06 00:00:00+00:00,145.74,123.09400000000001,168.386,191.032,213.678,672,0.03318559136090162,0.005156586400157665,2024-06-03 00:00:00+00:00,28.0,TP1+MAX_HOLD,6.637118272180324e-05,7.48925521845384e-05,0.004119420996461227,0.12413281871826516,0.7988658924313329,True,False,False,True,2024,TOP1
BNBUSDT,LONG,1d,2024-05-20 00:00:00+00:00,574.6,532.1400000000001,617.06,659.52,701.98,672,0.07033709492155804,0.0051975514277225006,2024-06-03 00:00:00+00:00,14.0,TP1+EARLY_RISK_OFF,0.00014067418984311608,0.0001484509312986792,0.003599245606639758,0.05117137138879194,0.6924886952425789,True,False,False,True,2024,TOP1
ETHUSDT,LONG,1d,2024-05-27 00:00:00+00:00,3826.47,3487.163,4165.777,4505.083999999999,4844.391,672,0.059351769821614386,0.005262937109885221,2024-06-03 00:00:00+00:00,7.0,EARLY_RISK_OFF,0.00011870353964322878,0.00011729050197907643,-0.0009425128736984793,-0.015880114047673106,-0.17908495845944747,False,False,False,True,2024,TOP1
SOLUSDT,LONG,1d,2024-07-22 00:00:00+00:00,184.49,162.85500000000002,206.125,227.76000000000002,249.39500000000004,672,0.04483956352968464,0.005258301029674924,2024-08-01 00:00:00+00:00,10.0,STOP,8.967912705936929e-05,7.916252500001944e-05,-0.005427142681734308,-0.12103469022711241,-1.0321095447192041,False,False,False,True,2024,TOP1
BTCUSDT,LONG,1d,2024-07-29 00:00:00+00:00,68249.88,63435.89600000001,73063.864,77877.848,82691.832,672,0.07455002880005858,0.005258363030719188,2024-08-01 00:00:00+00:00,3.0,STOP,0.00014910005760011716,0.00013858333153867876,-0.005546046419857994,-0.07439361874335904,-1.0547096857820901,False,False,False,True,2024,TOP1
BNBUSDT,LONG,1d,2024-09-30 00:00:00+00:00,595.6,553.38,637.82,680.0400000000001,722.2600000000001,672,0.07340516191686028,0.005203435084166963,2024-10-01 00:00:00+00:00,1.0,STOP,0.00014681032383372057,0.00013640345366538664,-0.005486648861666069,-0.07474472800537277,-1.054428233064898,False,False,False,True,2024,TOP1
BTCUSDT,LONG,1d,2024-10-21 00:00:00+00:00,69032.0,65063.499,73000.501,76969.002,80937.503,672,0.09003645432094423,0.0051760018398586335,2024-11-01 00:00:00+00:00,11.0,TP1+STOP,0.00018007290864188846,0.0001826609095618178,0.0009312666417609627,0.010343217630953866,0.1799200754894626,True,False,False,True,2024,TOP1
BNBUSDT,LONG,1d,2024-10-28 00:00:00+00:00,589.3,552.89,625.7099999999999,662.1199999999999,698.5299999999999,672,0.08365297012941418,0.005168512883780702,2024-11-03 00:00:00+00:00,6.0,STOP,0.00016730594025882837,0.00015696891449126695,-0.005492787738530798,-0.06566159850670282,-1.0627404559187037,False,False,False,True,2024,TOP1
BTCUSDT,LONG,1d,2024-11-04 00:00:00+00:00,68775.99,64707.69900000001,72844.281,76912.57200000001,80980.86300000001,672,0.0871166873587504,0.005153194234374784,2024-11-10 00:00:00+00:00,6.0,TP1+TP2+TP3,0.0001742333747175008,0.0001974227487721874,0.0112230309038536,0.12882756730219388,2.1778784950486627,True,True,True,True,2024,TOP1
SOLUSDT,LONG,1d,2024-11-11 00:00:00+00:00,210.07,188.637,231.503,252.936,274.369,672,0.05105769716441814,0.005209309388894052,2024-11-25 00:00:00+00:00,14.0,TP1+TP2+STOP,0.00010211539432883627,0.00011513866780107141,0.006294382673987656,0.12327979959061257,1.2082950356926232,True,True,False,True,2024,TOP1
BNBUSDT,LONG,1d,2024-11-25 00:00:00+00:00,659.65,592.879,726.4209999999999,793.1919999999999,859.963,672,0.05217641926335843,0.00528139421001092,2024-12-02 00:00:00+00:00,7.0,EARLY_RISK_OFF,0.00010435283852671686,0.00010377542950583834,-0.0004968327784718189,-0.009522170848177124,-0.09407227688667301,False,False,False,True,2024,TOP1
SOLUSDT,LONG,1d,2024-12-02 00:00:00+00:00,236.79,204.718,268.86199999999997,300.93399999999997,333.006,672,0.0388630051812688,0.005263796199897179,2024-12-09 00:00:00+00:00,7.0,STOP,7.772601036253759e-05,6.719841796274325e-05,-0.005408720628222459,-0.13917401917310696,-1.0275323023197804,False,False,False,True,2024,TOP1
ETHUSDT,LONG,1d,2024-12-09 00:00:00+00:00,4004.15,3614.9880000000003,4393.312,4782.474,5171.6359999999995,672,0.0542669029194859,0.005274182154502944,2024-12-09 00:00:00+00:00,0.0,STOP,0.0001085338058389718,9.798544152996593e-05,-0.00548070140187188,-0.1009952863903699,-1.0391566391374283,False,False,False,True,2024,TOP1
BTCUSDT,LONG,1d,2024-11-18 00:00:00+00:00,89855.98,82571.046,97140.91399999999,104425.848,111710.78199999999,672,0.06463451938353955,0.005240143258476574,2024-12-16 00:00:00+00:00,28.0,TP1+TP2+MAX_HOLD,0.0001292690387670791,0.0001476369761847796,0.008907062693898399,0.13780658971166973,1.6997746539639222,True,True,False,True,2024,TOP1
BTCUSDT,LONG,1d,2024-12-16 00:00:00+00:00,104463.99,96239.906,112688.07400000001,120912.158,129136.242,672,0.06641201549625692,0.005228385341690651,2024-12-19 00:00:00+00:00,3.0,STOP,0.00013282403099251384,0.00012236726030913256,-0.005483576632992291,-0.08256904405049044,-1.0488088146959575,False,False,False,True,2024,TOP1
BTCUSDT,LONG,1d,2024-12-23 00:00:00+00:00,95186.28,85819.128,104553.432,113920.584,123287.73599999999,672,0.052850721839264966,0.0052009674585256896,2024-12-31 00:00:00+00:00,8.0,END_OF_DATA,0.00010570144367852993,0.00010391327714101358,-0.0011036979895777247,-0.020883309653450036,-0.2122101317454865,False,False,False,True,2024,TOP1
SOLUSDT,LONG,1d,2024-12-30 00:00:00+00:00,189.94,160.29,219.59,249.24,278.89,672,0.033288626892040096,0.005196418802511262,2024-12-31 00:00:00+00:00,1.0,END_OF_DATA,6.65772537840802e-05,6.6356427892304e-05,-0.00024334662756447594,-0.007310203222069951,-0.04682967959527711,False,False,False,True,2024,TOP1
BTCUSDT,LONG,1d,2025-01-06 00:00:00+00:00,98363.61,91090.456,105636.764,112909.918,120183.072,672,0.06762101421199117,0.005000000000000001,2025-01-13 00:00:00+00:00,7.0,STOP,0.00013524202842398234,0.00012524202842398237,-0.005260484056847956,-0.07779362847703518,-1.052096811369591,False,False,False,True,2025,TOP1
BTCUSDT,LONG,1d,2025-01-20 00:00:00+00:00,101331.57,93823.29400000001,108839.846,116348.12200000002,123856.39800000002,672,0.06704247913464706,0.004967587466247401,2025-01-21 00:00:00+00:00,1.0,TP1+STOP,0.00013408495826929413,0.00013656875200241785,0.0009712431562901399,0.014486981520171867,0.19551606547228717,True,False,False,True,2025,TOP1
BNBUSDT,LONG,1d,2025-01-13 00:00:00+00:00,693.35,646.277,740.423,787.4960000000001,834.5690000000002,672,0.07344296329604805,0.004986198328744311,2025-01-27 00:00:00+00:00,14.0,STOP,0.0001468859265920961,0.00013691352993460746,-0.005269997785271029,-0.07175633374197751,-1.0569170012533753,False,False,False,True,2025,TOP1
BTCUSDT,LONG,1d,2025-01-27 00:00:00+00:00,102620.01,93697.204,111542.81599999999,120465.622,129388.428,672,0.057090932607628944,0.004964054437501488,2025-02-03 00:00:00+00:00,7.0,STOP,0.00011418186521525789,0.00010425375634025492,-0.005182490059056999,-0.09077606236834312,-1.0440034702088108,False,False,False,True,2025,TOP1
SOLUSDT,LONG,1d,2025-02-03 00:00:00+00:00,203.52,155.382,251.65800000000002,299.796,347.93399999999997,672,0.020876881498301136,0.004937948710520932,2025-02-10 00:00:00+00:00,7.0,EARLY_RISK_OFF,4.175376299660227e-05,4.1128030994147295e-05,-0.0003957477952182372,-0.018956269654088007,-0.08014416884789545,False,False,False,True,2025,TOP1
BTCUSDT,LONG,1d,2025-02-10 00:00:00+00:00,96462.75,88081.834,104843.666,113224.58200000001,121605.49800000002,672,0.056677902143919066,0.00492431261729948,2025-02-25 00:00:00+00:00,15.0,STOP,0.00011335580428783814,0.00010350717905323916,-0.005141175600640561,-0.09070864316018362,-1.0440392396248819,False,False,False,True,2025,TOP1
BNBUSDT,LONG,1d,2025-02-17 00:00:00+00:00,673.1,592.017,754.183,835.2660000000001,916.349,672,0.040865432186243125,0.0049227333798204575,2025-02-25 00:00:00+00:00,8.0,STOP,8.173086437248626e-05,7.188539761284534e-05,-0.005076349641805791,-0.1242211172188382,-1.0312054808036213,False,False,False,True,2025,TOP1
BTCUSDT,LONG,1d,2025-05-12 00:00:00+00:00,104118.0,98793.881,109442.119,114766.238,120090.357,672,0.09530035666408311,0.004873224991087248,2025-05-30 00:00:00+00:00,18.0,TP1+STOP,0.00019060071332816623,0.00019303732582370982,0.0008346682086199308,0.008758290502122552,0.17127635398457378,True,False,False,True,2025,TOP1
BNBUSDT,LONG,1d,2025-05-26 00:00:00+00:00,669.45,622.553,716.3470000000001,763.2440000000001,810.1410000000001,672,0.06987398911325152,0.004894884558136021,2025-06-02 00:00:00+00:00,7.0,EARLY_RISK_OFF,0.00013974797822650304,0.00013793602445698173,-0.0011836608874441427,-0.016939935768167883,-0.24181589440689125,False,False,False,True,2025,TOP1
BTCUSDT,LONG,1d,2025-06-02 00:00:00+00:00,105642.93,99846.68599999999,111439.174,117235.41799999999,123031.66199999998,672,0.0887880882105692,0.0048714800276931265,2025-06-16 00:00:00+00:00,14.0,EARLY_RISK_OFF,0.0001775761764211384,0.00017749396315056026,-0.0003961767748607689,-0.004462048714476191,-0.08132575164192496,False,False,False,True,2025,TOP1
BTCUSDT,LONG,1d,2025-06-23 00:00:00+00:00,100963.87,94847.25899999999,107080.481,113197.092,119313.70300000001,672,0.08037841192150924,0.0048694991438188225,2025-07-13 00:00:00+00:00,20.0,TP1+TP2+TP3,0.00016075682384301848,0.00018266956999020317,0.010612946679759124,0.13203727749837643,2.1794739800356755,True,True,True,True,2025,TOP1
BNBUSDT,LONG,1d,2025-07-28 00:00:00+00:00,844.0,787.948,900.052,956.104,1012.156,672,0.07425876142478668,0.004931696795476475,2025-07-30 00:00:00+00:00,2.0,STOP,0.00014851752284957337,0.00013865412925862043,-0.005218868447584669,-0.07027949763033178,-1.0582297866267039,False,False,False,True,2025,TOP1
BTCUSDT,LONG,1d,2025-07-14 00:00:00+00:00,119086.65,114437.12999999999,123736.17,128385.68999999999,133035.21,672,0.12608003440115473,0.004922563877217618,2025-08-01 00:00:00+00:00,18.0,STOP,0.00025216006880230947,0.00024231494104787419,-0.005417038887067818,-0.042965080972552507,-1.1004507045888643,False,False,False,True,2025,TOP1
ETHUSDT,LONG,1d,2025-07-21 00:00:00+00:00,3756.69,3450.423,4062.9570000000003,4369.224,4675.491000000001,672,0.06024673236063478,0.004911660525594219,2025-08-01 00:00:00+00:00,11.0,STOP,0.00012049346472126956,0.00011067014367008112,-0.0051428241339855785,-0.08536270653154793,-1.0470642478621612,False,False,False,True,2025,TOP1
ETHUSDT,LONG,1d,2025-08-04 00:00:00+00:00,3496.75,3105.59,3887.91,4279.07,4670.23,672,0.043299682588572225,0.004843670219874428,2025-08-13 00:00:00+00:00,9.0,TP1+TP2+TP3,8.659936517714445e-05,0.00010839588116657938,0.010703262748373736,0.24719032816186443,2.2097422538091824,True,True,True,True,2025,TOP1
ETHUSDT,LONG,1d,2025-08-18 00:00:00+00:00,4472.34,4026.51,4918.17,5364.0,5809.83,672,0.04929241812915116,0.004913767462786697,2025-08-25 00:00:00+00:00,7.0,TP1+STOP,9.858483625830231e-05,0.00010104171998969567,0.0010288153094486726,0.020871674559626425,0.20937403270304747,True,False,False,True,2025,TOP1
BNBUSDT,LONG,1d,2025-08-11 00:00:00+00:00,807.22,738.662,875.778,944.336,1012.894,672,0.057511211144224104,0.0048844845440223425,2025-09-08 00:00:00+00:00,28.0,TP1+MAX_HOLD,0.00011502242228844821,0.00012524793586376053,0.00487248642950394,0.0847223755605656,0.9975436272936751,True,False,False,True,2025,TOP1
BNBUSDT,LONG,1d,2025-09-08 00:00:00+00:00,880.05,823.288,936.8119999999999,993.574,1050.3359999999998,672,0.07631686347912466,0.004922331463896449,2025-09-21 00:00:00+00:00,13.0,TP1+TP2+TP3,0.00015263372695824932,0.00017478421854578334,0.010747827848262982,0.1408316243395261,2.1834831577463802,True,True,True,True,2025,TOP1
SOLUSDT,LONG,1d,2025-08-25 00:00:00+00:00,205.99,181.829,230.151,254.312,278.473,672,0.04211118433368606,0.00493930930960818,2025-09-22 00:00:00+00:00,28.0,TP1+MAX_HOLD,8.422236866737212e-05,9.594364547383874e-05,0.005680472389092095,0.13489224962376817,1.150053991970531,True,False,False,True,2025,TOP1
BNBUSDT,LONG,1d,2025-09-22 00:00:00+00:00,1047.8,994.512,1101.088,1154.376,1207.664,672,0.09850115330666165,0.005009476481585596,2025-09-22 00:00:00+00:00,0.0,STOP,0.0001970023066133233,0.0001869833536501521,-0.005393462141849079,-0.054755319717503435,-1.0766518540759662,False,False,False,True,2025,TOP1
ETHUSDT,LONG,1d,2025-09-01 00:00:00+00:00,4391.83,3853.2159999999994,4930.444,5469.058000000001,6007.6720000000005,672,0.04007886041868416,0.004915271157023193,2025-09-25 00:00:00+00:00,24.0,STOP,8.015772083736832e-05,7.032717852332192e-05,-0.00506575605638389,-0.12639471291010837,-1.030615787929762,False,False,False,True,2025,TOP1
BTCUSDT,LONG,1d,2025-09-15 00:00:00+00:00,115268.01,110464.81599999999,120071.204,124874.39799999999,129677.59199999999,672,0.11969839205070358,0.00498780709849669,2025-09-25 00:00:00+00:00,10.0,STOP,0.00023939678410140716,0.00022942116990441375,-0.005456625052502532,-0.045586452407741083,-1.0939927997911432,False,False,False,True,2025,TOP1
ETHUSDT,LONG,1d,2025-09-29 00:00:00+00:00,4142.16,3810.156,4474.164,4806.168,5138.172,672,0.061498548952114034,0.004929255327244158,2025-10-10 00:00:00+00:00,11.0,TP1+STOP,0.00012299709790422806,0.00012546172556785016,0.0009838550083389652,0.015998019873689148,0.19959505909567432,True,False,False,True,2025,TOP1
BNBUSDT,LONG,1d,2025-10-06 00:00:00+00:00,1167.38,1065.2800000000002,1269.48,1371.5800000000002,1473.68,672,0.05665801973541488,0.004955356280719092,2025-10-10 00:00:00+00:00,4.0,TP1+STOP,0.00011331603947082976,0.00011579371761118931,0.0010097293130977587,0.017821472014254203,0.20376523016650433,True,False,False,True,2025,TOP1
ETHUSDT,LONG,1d,2026-08-24 00:00:00+00:00,2463.42,2300.328,2626.512,2789.6040000000003,2952.696,672,0.07552240453241112,0.005,2026-08-31 00:00:00+00:00,7.0,END_OF_DATA,0.00015104480906482224,0.0001513041718784489,-0.00017266757412994353,-0.0022863092773461905,-0.0345335148259887,False,False,False,True,2026,TOP1
SOLUSDT,LONG,1d,2026-08-31 00:00:00+00:00,101.75,91.24600000000001,112.25399999999999,122.758,133.262,672,0.048357523455874865,0.004992112298579942,2026-08-31 00:00:00+00:00,0.0,END_OF_DATA,9.671504691174974e-05,9.796022343710003e-05,0.0004279129923262928,0.008848943488943425,0.08571782178217768,False,False,False,True,2026,TOP1
